# Blender 5.0.1
# www.blender.org
mtllib m4Fix.mtl
o 4_Cube.007
v 0.000000 -0.236184 3.598748
v 0.062526 -0.236184 3.598748
v 0.062526 -0.469393 3.910904
v 0.000000 -0.469393 3.910904
v 0.000000 -0.226409 3.236159
v 0.062526 -0.226409 3.236159
v 0.062526 -0.226409 3.559811
v 0.000000 -0.226409 3.559811
v 0.062526 -0.469393 3.934312
v 0.000000 -0.469393 3.934312
v 0.000000 -0.212789 3.236159
v 0.049346 -0.212789 3.236159
v 0.049346 -0.134147 3.236159
v 0.062526 -0.134147 3.236159
v 0.049346 -0.102223 3.255841
v 0.062526 -0.102223 3.255841
v 0.049346 -0.086725 3.271958
v 0.062526 -0.086725 3.271958
v 0.049346 -0.076032 3.305743
v 0.062526 -0.076032 3.305743
v 0.049346 -0.069337 3.459278
v 0.062526 -0.069337 3.459278
v 0.049346 -0.073086 3.594981
v 0.062526 -0.073086 3.594981
v 0.049346 -0.084096 3.653970
v 0.062526 -0.084096 3.653970
v 0.049346 -0.110867 3.702418
v 0.062526 -0.110867 3.702418
v 0.049346 -0.252812 3.908690
v 0.062526 -0.252812 3.908690
v 0.049346 -0.278661 3.933982
v 0.062526 -0.278661 3.933982
v 0.049346 -0.448256 3.933982
v 0.000000 -0.448256 3.933982
v 0.000000 -0.215020 3.555549
v 0.049346 -0.215020 3.555549
v 0.000000 -0.218164 3.586223
v 0.049346 -0.218164 3.586223
v 0.000000 -0.227609 3.612377
v 0.049346 -0.227609 3.612377
v 0.000000 -0.425159 3.907789
v 0.049346 -0.425159 3.907789
v 0.046127 -0.232699 3.415637
v 0.026631 -0.232699 3.435133
v 0.026631 -0.308869 3.435133
v 0.046127 -0.308869 3.415637
v 0.000000 -0.232699 3.335744
v 0.026631 -0.232699 3.342880
v 0.026631 -0.308869 3.342880
v 0.000000 -0.308869 3.335744
v 0.000000 -0.232699 3.442269
v 0.000000 -0.308869 3.442269
v 0.046127 -0.232699 3.362375
v 0.046127 -0.308869 3.362375
v 0.014061 -0.232699 3.397125
v 0.008118 -0.232699 3.403068
v 0.000000 -0.232699 3.372770
v 0.008118 -0.232699 3.374945
v 0.053262 -0.232699 3.389006
v 0.016236 -0.232699 3.389006
v 0.014061 -0.232699 3.380888
v 0.000000 -0.232699 3.405243
v 0.008118 -0.224986 3.374945
v 0.014061 -0.224986 3.380888
v 0.000000 -0.224986 3.372770
v 0.016236 -0.224986 3.389006
v 0.014061 -0.224986 3.397125
v 0.053262 -0.308869 3.389006
v 0.008118 -0.224986 3.403068
v 0.000000 -0.224986 3.405243
v 0.000000 -0.835047 4.272207
v 0.123389 -0.835047 4.272207
v 0.123389 -0.838409 4.284753
v 0.000000 -0.838409 4.284753
v 0.000000 -0.825863 4.306483
v 0.123389 -0.825863 4.306483
v 0.123389 -0.813317 4.309845
v 0.000000 -0.813317 4.309845
v 0.000000 -0.791586 4.272207
v 0.123389 -0.791586 4.272207
v 0.123389 -0.800771 4.263023
v 0.000000 -0.800771 4.263023
v 0.000000 -0.791586 4.297299
v 0.123389 -0.791586 4.297299
v 0.123389 -0.788225 4.284753
v 0.000000 -0.788225 4.284753
v 0.000000 -0.825863 4.263023
v 0.123389 -0.825863 4.263023
v 0.000000 -0.835047 4.297299
v 0.123389 -0.835047 4.297299
v 0.000000 -0.800771 4.306483
v 0.123389 -0.800771 4.306483
v 0.000000 -0.813317 4.259661
v 0.123389 -0.813317 4.259661
v 0.184627 -0.829878 4.298911
v 0.182702 -0.820898 4.308095
v 0.174814 -0.784096 4.286365
v 0.175518 -0.787383 4.273819
v 0.177443 -0.796363 4.308095
v 0.175518 -0.787383 4.298911
v 0.180073 -0.808630 4.261273
v 0.182702 -0.820898 4.264635
v 0.185332 -0.833165 4.286365
v 0.180073 -0.808630 4.311457
v 0.177443 -0.796363 4.264635
v 0.184627 -0.829878 4.273819
v 0.225474 -0.804265 4.303810
v 0.217914 -0.801272 4.313939
v 0.186934 -0.775520 4.297633
v 0.189701 -0.774529 4.284982
v 0.197261 -0.787396 4.317176
v 0.189701 -0.780230 4.309417
v 0.207588 -0.783696 4.269959
v 0.217914 -0.791398 4.271615
v 0.228241 -0.803273 4.291158
v 0.207588 -0.795098 4.318831
v 0.197261 -0.777521 4.274852
v 0.225474 -0.798564 4.279374
v 0.229378 -0.753372 4.288378
v 0.236948 -0.756077 4.297765
v 0.233953 -0.763222 4.320351
v 0.224190 -0.765749 4.327495
v 0.191266 -0.759195 4.303341
v 0.195936 -0.755655 4.292459
v 0.200511 -0.765506 4.324432
v 0.192941 -0.762801 4.315044
v 0.217940 -0.752293 4.283820
v 0.238623 -0.759682 4.309468
v 0.211949 -0.766584 4.328990
v 0.205699 -0.753129 4.285314
v 0.189183 -0.739924 4.324193
v 0.186920 -0.736268 4.312605
v 0.223487 -0.723560 4.298057
v 0.231407 -0.725250 4.307394
v 0.229670 -0.733549 4.329715
v 0.220479 -0.737933 4.336717
v 0.190920 -0.731625 4.301872
v 0.197103 -0.741614 4.333530
v 0.212032 -0.724288 4.293472
v 0.233671 -0.728906 4.318981
v 0.208558 -0.740886 4.338114
v 0.200112 -0.727240 4.294869
v 0.176620 -0.721736 4.307520
v 0.183479 -0.712751 4.300797
v 0.176051 -0.729503 4.331704
v 0.173901 -0.727868 4.318832
v 0.201648 -0.695970 4.306613
v 0.208090 -0.692670 4.317595
v 0.207521 -0.700437 4.341780
v 0.200662 -0.709423 4.348502
v 0.182493 -0.726204 4.342686
v 0.192639 -0.703320 4.300464
v 0.210239 -0.694305 4.330466
v 0.191501 -0.718854 4.348835
v 0.175872 -0.694350 4.352769
v 0.171644 -0.706799 4.353101
v 0.159439 -0.715788 4.311787
v 0.161779 -0.704729 4.305063
v 0.162257 -0.723048 4.335971
v 0.159614 -0.722493 4.323099
v 0.170991 -0.681775 4.310880
v 0.175394 -0.676031 4.321861
v 0.178213 -0.683291 4.346046
v 0.166661 -0.717303 4.346953
v 0.166007 -0.692279 4.304731
v 0.178037 -0.676586 4.334733
v 0.136151 -0.691355 4.356629
v 0.135579 -0.704779 4.354573
v 0.135173 -0.714306 4.310744
v 0.135672 -0.702585 4.303612
v 0.134845 -0.722001 4.336401
v 0.134870 -0.721413 4.322745
v 0.136707 -0.678307 4.311619
v 0.136961 -0.672347 4.323023
v 0.136640 -0.679880 4.348141
v 0.135104 -0.715913 4.348051
v 0.136242 -0.689206 4.305514
v 0.136936 -0.672923 4.336391
v 0.094962 -0.685293 4.358288
v 0.073668 -0.663213 4.359586
v 0.000000 -0.663213 4.359586
v 0.000000 -0.685293 4.358288
v 0.000000 -0.715913 4.348051
v 0.000000 -0.722001 4.336401
v 0.000000 -0.714306 4.310744
v 0.000000 -0.702585 4.303612
v 0.000000 -0.704779 4.354573
v 0.000000 -0.721413 4.322745
v 0.100342 -0.673086 4.313850
v 0.102799 -0.667510 4.325500
v 0.102562 -0.668048 4.339155
v 0.099693 -0.674558 4.351157
v 0.095847 -0.683283 4.307327
v 0.084935 -0.656072 4.315148
v 0.090082 -0.652810 4.326797
v 0.089585 -0.653125 4.340453
v 0.083577 -0.656933 4.352455
v 0.075523 -0.662038 4.308625
v 0.077984 -0.630389 4.315396
v 0.084075 -0.630195 4.327045
v 0.083487 -0.630213 4.340700
v 0.076377 -0.630441 4.352702
v 0.066847 -0.630745 4.308872
v 0.064651 -0.630815 4.359834
v 0.077361 -0.552521 4.315396
v 0.083452 -0.552521 4.327045
v 0.082864 -0.552521 4.340700
v 0.075754 -0.552521 4.352702
v 0.066224 -0.552521 4.308872
v 0.064028 -0.552521 4.359834
v 0.073533 -0.532583 4.315396
v 0.079196 -0.530341 4.327045
v 0.078649 -0.530558 4.340700
v 0.072038 -0.533175 4.352702
v 0.063177 -0.536683 4.308872
v 0.061136 -0.537492 4.359834
v 0.060168 -0.515826 4.315396
v 0.064153 -0.511220 4.327045
v 0.063769 -0.511665 4.340700
v 0.059117 -0.517041 4.352702
v 0.052881 -0.524249 4.308872
v 0.051445 -0.525909 4.359834
v 0.038773 -0.508504 4.315396
v 0.040911 -0.502800 4.327045
v 0.040704 -0.503351 4.340700
v 0.038209 -0.510008 4.352702
v 0.034864 -0.518932 4.308872
v 0.034093 -0.520988 4.359834
v 0.000000 -0.507427 4.315396
v 0.000000 -0.501724 4.327045
v 0.000000 -0.502275 4.340700
v 0.000000 -0.508932 4.352702
v 0.000000 -0.517856 4.308872
v 0.000000 -0.519912 4.359834
v 0.012916 -0.535965 4.359834
v 0.000000 -0.532504 4.359834
v 0.000000 -0.532504 4.308872
v 0.012916 -0.535965 4.308872
v 0.012916 -0.580708 4.308872
v 0.022371 -0.571253 4.308872
v 0.012916 -0.580708 4.359834
v 0.022371 -0.571253 4.359834
v 0.022371 -0.545420 4.359834
v 0.022371 -0.545420 4.308872
v 0.025832 -0.558337 4.308872
v 0.000000 -0.584169 4.359834
v 0.000000 -0.584169 4.308872
v 0.025832 -0.558337 4.359834
v 0.000000 -0.630745 4.308872
v 0.000000 -0.630815 4.359834
v 0.000000 -0.691355 4.356629
v 0.000000 -0.662038 4.308625
v 0.000000 -0.689206 4.305514
v 0.000000 -0.683283 4.307327
v -0.062526 -0.469393 3.910904
v -0.062526 -0.236184 3.598748
v -0.062526 -0.226409 3.559811
v -0.062526 -0.226409 3.236159
v -0.062526 -0.469393 3.934312
v -0.049346 -0.212789 3.236159
v -0.062526 -0.134147 3.236159
v -0.049346 -0.134147 3.236159
v -0.062526 -0.102223 3.255841
v -0.049346 -0.102223 3.255841
v -0.062526 -0.086725 3.271958
v -0.049346 -0.086725 3.271958
v -0.062526 -0.076032 3.305743
v -0.049346 -0.076032 3.305743
v -0.062526 -0.069337 3.459278
v -0.049346 -0.069337 3.459278
v -0.062526 -0.073086 3.594981
v -0.049346 -0.073086 3.594981
v -0.062526 -0.084096 3.653970
v -0.049346 -0.084096 3.653970
v -0.062526 -0.110867 3.702418
v -0.049346 -0.110867 3.702418
v -0.062526 -0.252812 3.908690
v -0.049346 -0.252812 3.908690
v -0.062526 -0.278661 3.933982
v -0.049346 -0.278661 3.933982
v -0.049346 -0.448256 3.933982
v -0.049346 -0.215020 3.555549
v -0.049346 -0.218164 3.586223
v -0.049346 -0.227609 3.612377
v -0.049346 -0.425159 3.907789
v -0.046127 -0.232699 3.415637
v -0.046127 -0.308869 3.415637
v -0.026631 -0.308869 3.435133
v -0.026631 -0.232699 3.435133
v -0.026631 -0.308869 3.342880
v -0.026631 -0.232699 3.342880
v -0.053262 -0.232699 3.389006
v -0.053262 -0.308869 3.389006
v -0.046127 -0.232699 3.362375
v -0.046127 -0.308869 3.362375
v -0.008118 -0.232699 3.403068
v -0.014061 -0.232699 3.397125
v -0.008118 -0.232699 3.374945
v -0.016236 -0.232699 3.389006
v -0.014061 -0.232699 3.380888
v -0.008118 -0.224986 3.403068
v -0.014061 -0.224986 3.380888
v -0.008118 -0.224986 3.374945
v -0.014061 -0.224986 3.397125
v -0.016236 -0.224986 3.389006
v -0.123389 -0.838409 4.284753
v -0.123389 -0.835047 4.272207
v -0.123389 -0.813317 4.309845
v -0.123389 -0.825863 4.306483
v -0.123389 -0.800771 4.263023
v -0.123389 -0.791586 4.272207
v -0.123389 -0.788225 4.284753
v -0.123389 -0.791586 4.297299
v -0.123389 -0.825863 4.263023
v -0.123389 -0.835047 4.297299
v -0.123389 -0.800771 4.306483
v -0.123389 -0.813317 4.259661
v -0.182702 -0.820898 4.308095
v -0.184627 -0.829878 4.298911
v -0.175518 -0.787383 4.273819
v -0.174814 -0.784096 4.286365
v -0.175518 -0.787383 4.298911
v -0.177443 -0.796363 4.308095
v -0.182702 -0.820898 4.264635
v -0.180073 -0.808630 4.261273
v -0.185332 -0.833165 4.286365
v -0.180073 -0.808630 4.311457
v -0.177443 -0.796363 4.264635
v -0.184627 -0.829878 4.273819
v -0.217914 -0.801272 4.313939
v -0.225474 -0.804265 4.303810
v -0.189701 -0.774529 4.284982
v -0.186934 -0.775520 4.297633
v -0.189701 -0.780230 4.309417
v -0.197261 -0.787396 4.317176
v -0.217914 -0.791398 4.271615
v -0.207588 -0.783696 4.269959
v -0.228241 -0.803273 4.291158
v -0.207588 -0.795098 4.318831
v -0.197261 -0.777521 4.274852
v -0.225474 -0.798564 4.279374
v -0.236948 -0.756077 4.297765
v -0.229378 -0.753372 4.288378
v -0.224190 -0.765749 4.327495
v -0.233953 -0.763222 4.320351
v -0.195936 -0.755655 4.292459
v -0.191266 -0.759195 4.303341
v -0.192941 -0.762801 4.315044
v -0.200511 -0.765506 4.324432
v -0.217940 -0.752293 4.283820
v -0.238623 -0.759682 4.309468
v -0.211949 -0.766584 4.328990
v -0.205699 -0.753129 4.285314
v -0.186920 -0.736268 4.312605
v -0.189183 -0.739924 4.324193
v -0.231407 -0.725250 4.307394
v -0.223487 -0.723560 4.298057
v -0.220479 -0.737933 4.336717
v -0.229670 -0.733549 4.329715
v -0.190920 -0.731625 4.301872
v -0.197103 -0.741614 4.333530
v -0.212032 -0.724288 4.293472
v -0.233671 -0.728906 4.318981
v -0.208558 -0.740886 4.338114
v -0.200112 -0.727240 4.294869
v -0.183479 -0.712751 4.300797
v -0.176620 -0.721736 4.307520
v -0.173901 -0.727868 4.318832
v -0.176051 -0.729503 4.331704
v -0.208090 -0.692670 4.317595
v -0.201648 -0.695970 4.306613
v -0.200662 -0.709423 4.348502
v -0.207521 -0.700437 4.341780
v -0.182493 -0.726204 4.342686
v -0.192639 -0.703320 4.300464
v -0.210239 -0.694305 4.330466
v -0.191501 -0.718854 4.348835
v -0.171644 -0.706799 4.353101
v -0.175872 -0.694350 4.352769
v -0.161779 -0.704729 4.305063
v -0.159439 -0.715788 4.311787
v -0.159614 -0.722493 4.323099
v -0.162257 -0.723048 4.335971
v -0.175394 -0.676031 4.321861
v -0.170991 -0.681775 4.310880
v -0.178213 -0.683291 4.346046
v -0.166661 -0.717303 4.346953
v -0.166007 -0.692279 4.304731
v -0.178037 -0.676586 4.334733
v -0.135579 -0.704779 4.354573
v -0.136151 -0.691355 4.356629
v -0.135672 -0.702585 4.303612
v -0.135173 -0.714306 4.310744
v -0.134870 -0.721413 4.322745
v -0.134845 -0.722001 4.336401
v -0.136961 -0.672347 4.323023
v -0.136707 -0.678307 4.311619
v -0.136640 -0.679880 4.348141
v -0.135104 -0.715913 4.348051
v -0.136242 -0.689206 4.305514
v -0.136936 -0.672923 4.336391
v -0.094962 -0.685293 4.358288
v -0.073668 -0.663213 4.359586
v -0.102799 -0.667510 4.325500
v -0.100342 -0.673086 4.313850
v -0.099693 -0.674558 4.351157
v -0.102562 -0.668048 4.339155
v -0.095847 -0.683283 4.307327
v -0.090082 -0.652810 4.326797
v -0.084935 -0.656072 4.315148
v -0.083577 -0.656933 4.352455
v -0.089585 -0.653125 4.340453
v -0.075523 -0.662038 4.308625
v -0.084075 -0.630195 4.327045
v -0.077984 -0.630389 4.315396
v -0.076377 -0.630441 4.352702
v -0.083487 -0.630213 4.340700
v -0.066847 -0.630745 4.308872
v -0.064651 -0.630815 4.359834
v -0.083452 -0.552521 4.327045
v -0.077361 -0.552521 4.315396
v -0.075754 -0.552521 4.352702
v -0.082864 -0.552521 4.340700
v -0.066224 -0.552521 4.308872
v -0.064028 -0.552521 4.359834
v -0.079196 -0.530341 4.327045
v -0.073533 -0.532583 4.315396
v -0.072038 -0.533175 4.352702
v -0.078649 -0.530558 4.340700
v -0.063177 -0.536683 4.308872
v -0.061136 -0.537492 4.359834
v -0.064153 -0.511220 4.327045
v -0.060168 -0.515826 4.315396
v -0.059117 -0.517041 4.352702
v -0.063769 -0.511665 4.340700
v -0.052881 -0.524249 4.308872
v -0.051445 -0.525909 4.359834
v -0.040911 -0.502800 4.327045
v -0.038773 -0.508504 4.315396
v -0.038209 -0.510008 4.352702
v -0.040704 -0.503351 4.340700
v -0.034864 -0.518932 4.308872
v -0.034093 -0.520988 4.359834
v -0.012916 -0.535965 4.359834
v -0.012916 -0.535965 4.308872
v -0.022371 -0.571253 4.308872
v -0.012916 -0.580708 4.308872
v -0.012916 -0.580708 4.359834
v -0.022371 -0.571253 4.359834
v -0.022371 -0.545420 4.359834
v -0.022371 -0.545420 4.308872
v -0.025832 -0.558337 4.308872
v -0.025832 -0.558337 4.359834
v 0.089727 0.405611 1.998119
v 0.155412 0.339926 1.998119
v 0.155412 0.339926 1.904076
v 0.089727 0.405611 1.904076
v 0.176370 0.226794 1.998119
v 0.155412 0.160472 1.998119
v 0.176370 0.226794 1.971874
v 0.176176 0.274206 1.971874
v 0.179454 0.250199 1.971874
v 0.179454 0.250199 1.904076
v 0.176176 0.274206 1.904076
v 0.023709 0.074377 1.971874
v 0.000000 0.072061 1.971874
v 0.000000 0.072061 1.904076
v 0.023709 0.074377 1.904076
v 0.089727 0.094787 1.904076
v 0.089727 0.094787 1.998119
v 0.000000 0.429653 1.904076
v 0.155412 0.160472 1.904076
v 0.023551 0.426999 1.904076
v 0.070718 0.372686 1.998119
v 0.122487 0.320917 1.998119
v 0.176370 0.226794 1.904076
v 0.141436 0.250199 1.998119
v 0.122487 0.179481 1.998119
v 0.156583 0.226794 1.998119
v 0.156583 0.250199 1.998119
v 0.176176 0.274206 1.998119
v 0.156583 0.274206 1.998119
v 0.070718 0.127712 2.422973
v 0.122487 0.179481 2.422973
v 0.122487 0.179481 3.063427
v 0.070718 0.127712 3.063427
v 0.070718 0.372686 2.422973
v 0.000000 0.391635 2.422973
v 0.000000 0.391633 3.063427
v 0.070718 0.372684 3.063427
v 0.141436 0.250199 2.422973
v 0.141436 0.250197 3.063427
v 0.056194 0.121542 2.422973
v 0.056194 0.034453 2.434030
v 0.056194 0.034453 2.422973
v 0.122487 0.320917 2.422973
v 0.122487 0.320917 3.063427
v 0.056194 0.121542 3.063427
v 0.156583 0.274206 1.971874
v 0.156583 0.250199 1.971874
v 0.000000 0.391635 1.998119
v 0.023551 0.402467 1.998119
v 0.000000 0.402467 1.998119
v 0.023551 0.426999 1.971874
v 0.000000 0.429653 1.971874
v 0.000000 0.402467 1.971874
v 0.023551 0.402467 1.971874
v 0.122487 0.320917 2.303775
v 0.070718 0.372686 2.303775
v 0.056194 0.121542 2.303775
v 0.070718 0.127712 2.303775
v 0.141436 0.250199 2.303775
v 0.122487 0.179481 2.303775
v 0.000000 0.391635 2.303775
v 0.023709 0.074377 1.998119
v 0.023231 0.092325 1.998158
v 0.023709 0.092325 1.971874
v 0.056194 0.099120 2.303775
v 0.056194 0.099120 2.130149
v 0.000000 0.099120 2.303775
v 0.000000 0.099120 2.130149
v 0.000000 0.034453 2.422973
v 0.056194 0.121542 2.130149
v 0.000000 0.092325 1.971874
v 0.156583 0.226794 1.971874
v 0.023551 0.426999 1.998119
v 0.070718 0.127712 1.998119
v 0.000000 0.092325 1.998176
v 0.070718 0.372686 2.084959
v 0.000000 0.391635 2.084959
v 0.122487 0.320917 2.084959
v 0.141436 0.250199 2.027066
v 0.122487 0.320917 2.027066
v 0.122487 0.179481 2.027066
v 0.070718 0.127712 2.084959
v 0.122487 0.179481 2.084959
v 0.000000 0.106793 2.130149
v 0.000000 0.106793 1.998194
v 0.070718 0.127712 2.056012
v 0.122487 0.179481 2.056012
v 0.141436 0.250199 2.084959
v 0.122487 0.320917 2.056012
v 0.070718 0.372686 2.056012
v 0.000000 0.391635 2.056012
v -0.070718 0.127712 2.056012
v -0.070718 0.127712 2.027066
v 0.000000 0.106793 2.027066
v 0.000000 0.106793 2.056012
v 0.070718 0.127712 2.027066
v -0.089727 0.405611 1.998119
v -0.089727 0.405611 1.904076
v -0.155412 0.339926 1.904076
v -0.155412 0.339926 1.998119
v -0.176370 0.226794 1.998119
v -0.176370 0.226794 1.971874
v -0.155412 0.160472 1.998119
v -0.176176 0.274206 1.971874
v -0.176176 0.274206 1.904076
v -0.179454 0.250199 1.904076
v -0.179454 0.250199 1.971874
v -0.023709 0.074377 1.971874
v -0.023709 0.074377 1.904076
v -0.089727 0.094787 1.998119
v -0.089727 0.094787 1.904076
v -0.155412 0.160472 1.904076
v -0.023551 0.426999 1.904076
v -0.122487 0.320917 1.998119
v -0.070718 0.372686 1.998119
v -0.176370 0.226794 1.904076
v -0.141436 0.250199 1.998119
v -0.156583 0.250199 1.998119
v -0.156583 0.226794 1.998119
v -0.122487 0.179481 1.998119
v -0.176176 0.274206 1.998119
v -0.156583 0.274206 1.998119
v -0.070718 0.127712 2.422973
v -0.070718 0.127712 3.063427
v -0.122487 0.179481 3.063427
v -0.122487 0.179481 2.422973
v -0.070718 0.372686 2.422973
v -0.070718 0.372684 3.063427
v -0.141436 0.250197 3.063427
v -0.141436 0.250199 2.422973
v -0.056194 0.121542 2.422973
v -0.056194 0.034453 2.422973
v -0.056194 0.034453 2.434030
v -0.122487 0.320917 3.063427
v -0.122487 0.320917 2.422973
v -0.056194 0.121542 3.063427
v -0.156583 0.250199 1.971874
v -0.156583 0.274206 1.971874
v -0.023551 0.402467 1.998119
v -0.023551 0.426999 1.971874
v -0.023551 0.402467 1.971874
v -0.122487 0.320917 2.303775
v -0.070718 0.372686 2.303775
v -0.056194 0.121542 2.303775
v -0.070718 0.127712 2.303775
v -0.141436 0.250199 2.303775
v -0.122487 0.179481 2.303775
v -0.023709 0.092325 1.971874
v -0.023231 0.092325 1.998158
v -0.023709 0.074377 1.998119
v -0.056194 0.099120 2.303775
v -0.056194 0.099120 2.130149
v 0.030580 0.034453 2.434030
v 0.030580 0.034453 3.063427
v 0.030580 0.057201 3.063427
v 0.030580 0.057201 2.434030
v -0.056194 0.121542 2.130149
v -0.156583 0.226794 1.971874
v -0.023551 0.426999 1.998119
v -0.070718 0.127712 1.998119
v -0.070718 0.372686 2.084959
v -0.122487 0.320917 2.084959
v -0.141436 0.250199 2.027066
v -0.122487 0.320917 2.027066
v -0.122487 0.179481 2.027066
v -0.070718 0.127712 2.084959
v -0.122487 0.179481 2.084959
v -0.122487 0.179481 2.056012
v -0.141436 0.250199 2.084959
v -0.122487 0.320917 2.056012
v -0.070718 0.372686 2.056012
v 0.000000 0.106793 2.084978
v -0.070718 0.372686 2.027066
v 0.000000 0.391635 2.027066
v -0.141436 0.250199 2.056012
v 0.070718 0.372686 2.027066
v 0.141436 0.250199 2.056012
v -0.030580 0.034453 2.434030
v -0.030580 0.034453 3.063427
v -0.056194 0.034453 3.063427
v 0.056194 0.034453 3.063427
v 0.000000 0.057201 3.063427
v 0.000000 0.057201 2.434030
v -0.030580 0.057201 2.434030
v -0.030580 0.057201 3.063427
v 0.000000 0.034453 2.434030
v 0.043942 1.143373 0.864970
v 0.043013 1.123481 0.864970
v 0.000000 1.124041 0.864970
v 0.000000 1.143763 0.864970
v 0.169635 1.082702 0.859237
v 0.169635 1.111063 0.864970
v 0.186166 1.127848 0.864970
v 0.187119 1.082702 0.859237
v 0.186166 1.127848 1.255350
v 0.187119 1.082702 1.262809
v 0.043013 1.123481 1.255350
v 0.043942 1.143373 1.255350
v 0.000000 1.143763 1.255350
v 0.000000 1.124041 1.255350
v 0.162414 0.541344 0.553403
v 0.187119 0.541344 0.553403
v 0.187119 0.541344 1.387854
v 0.162414 0.541344 1.387854
v 0.169635 1.111063 1.255350
v 0.169635 1.082702 1.262809
v 0.162414 0.638461 1.387854
v 0.162414 0.638461 0.553403
v 0.132089 1.116514 0.864970
v 0.132089 1.116514 1.255350
v 0.085798 1.121169 1.255350
v 0.085798 1.121169 0.864970
v 0.135340 1.136078 1.255350
v 0.135340 1.136078 0.864970
v 0.088672 1.141060 0.864970
v 0.088672 1.141060 1.255350
v 0.187119 1.031467 1.258121
v 0.169635 1.031467 1.258121
v 0.187119 1.040275 0.850406
v 0.169635 1.040275 0.850406
v 0.169635 0.962788 0.835118
v 0.187119 0.962788 0.835118
v 0.187119 0.965246 1.274042
v 0.169635 0.965246 1.274042
v 0.187119 0.883262 1.328593
v 0.169635 0.883262 1.328593
v 0.187119 0.883262 0.802799
v 0.169635 0.883262 0.802799
v 0.169635 0.807158 0.741177
v 0.187119 0.807158 0.741177
v 0.187119 0.807158 1.356465
v 0.169635 0.807158 1.356465
v 0.187119 0.709276 1.374279
v 0.166439 0.709276 1.374279
v 0.187119 0.709276 0.629105
v 0.166439 0.709276 0.629105
v 0.187119 0.638461 0.553403
v 0.187119 0.638461 1.387854
v -0.043942 1.143373 0.864970
v -0.043013 1.123481 0.864970
v -0.169635 1.082702 0.859237
v -0.187119 1.082702 0.859237
v -0.186166 1.127848 0.864970
v -0.169635 1.111063 0.864970
v -0.187119 1.082702 1.262809
v -0.186166 1.127848 1.255350
v -0.043013 1.123481 1.255350
v -0.043942 1.143373 1.255350
v -0.162414 0.541344 0.553403
v -0.162414 0.541344 1.387854
v -0.187119 0.541344 1.387854
v -0.187119 0.541344 0.553403
v -0.169635 1.082702 1.262809
v -0.169635 1.111063 1.255350
v -0.162414 0.638461 1.387854
v -0.162414 0.638461 0.553403
v -0.132089 1.116514 0.864970
v -0.085798 1.121169 0.864970
v -0.085798 1.121169 1.255350
v -0.132089 1.116514 1.255350
v -0.135340 1.136078 1.255350
v -0.088672 1.141060 1.255350
v -0.088672 1.141060 0.864970
v -0.135340 1.136078 0.864970
v -0.187119 1.031467 1.258121
v -0.169635 1.031467 1.258121
v -0.187119 1.040275 0.850406
v -0.169635 1.040275 0.850406
v -0.169635 0.962788 0.835118
v -0.187119 0.962788 0.835118
v -0.187119 0.965246 1.274042
v -0.169635 0.965246 1.274042
v -0.187119 0.883262 1.328593
v -0.169635 0.883262 1.328593
v -0.187119 0.883262 0.802799
v -0.169635 0.883262 0.802799
v -0.169635 0.807158 0.741177
v -0.187119 0.807158 0.741177
v -0.187119 0.807158 1.356465
v -0.169635 0.807158 1.356465
v -0.187119 0.709276 1.374279
v -0.166439 0.709276 1.374279
v -0.187119 0.709276 0.629105
v -0.166439 0.709276 0.629105
v -0.187119 0.638461 0.553403
v -0.187119 0.638461 1.387854
v -0.035307 0.465526 1.793257
v -0.035307 0.493522 1.793257
v -0.037100 0.493522 1.805420
v -0.037100 0.465526 1.805420
v -0.071517 0.465526 1.668154
v -0.071517 0.493522 1.668154
v -0.064044 0.493522 1.714018
v -0.064044 0.465526 1.714018
v -0.071517 0.465526 1.552191
v -0.071517 0.493522 1.552191
v -0.043929 0.465526 1.767523
v -0.043929 0.493522 1.767523
v -0.045521 0.493522 1.812827
v -0.045521 0.465526 1.812827
v -0.067526 0.493522 1.816644
v -0.067526 0.465526 1.816644
v -0.125608 0.493522 1.816644
v -0.125608 0.465526 1.816644
v -0.143216 0.493522 1.811966
v -0.143216 0.465526 1.811966
v -0.152377 0.493522 1.802155
v -0.152377 0.465526 1.802155
v -0.156405 0.493522 1.786041
v -0.156405 0.465526 1.786041
v -0.156405 0.493522 1.757524
v -0.156405 0.465526 1.757524
v -0.152236 0.493522 1.743230
v -0.152236 0.465526 1.743230
v -0.143465 0.493522 1.735000
v -0.143465 0.465526 1.735000
v -0.135560 0.493522 1.733700
v -0.135560 0.465526 1.733700
v -0.123941 0.493522 1.737009
v -0.123941 0.465526 1.737009
v -0.115293 0.493522 1.738137
v -0.115293 0.465526 1.738137
v -0.106251 0.493522 1.736459
v -0.106251 0.465526 1.736459
v -0.094664 0.493522 1.728499
v -0.094664 0.465526 1.728499
v -0.088770 0.493522 1.715775
v -0.088770 0.465526 1.715775
v -0.084821 0.493522 1.688426
v -0.084821 0.465526 1.688426
v -0.084821 0.493522 1.525314
v -0.084821 0.465526 1.525314
v -0.082493 0.493522 1.518925
v -0.082493 0.465526 1.518925
v -0.074750 0.493522 1.513240
v -0.074750 0.465526 1.513240
v -0.066412 0.493522 1.511724
v -0.066412 0.465526 1.511724
v -0.051207 0.493522 1.514341
v -0.051207 0.465526 1.514341
v -0.051207 0.493522 1.524358
v -0.051207 0.465526 1.524358
v -0.063051 0.493522 1.530186
v -0.063051 0.465526 1.530186
v -0.067491 0.465526 1.533778
v -0.067491 0.493522 1.533778
v -0.071209 0.465526 1.539298
v -0.071209 0.493522 1.539298
v 0.000000 0.773633 -0.021748
v 0.102650 0.773633 -0.021748
v 0.102650 0.721658 -0.036695
v 0.000000 0.721658 -0.036695
v 0.000000 0.811537 0.018487
v 0.102650 0.811537 0.018487
v 0.000000 0.823419 0.070089
v 0.102650 0.823419 0.070089
v 0.000000 0.604362 -0.036695
v 0.102650 0.604362 -0.036695
v 0.162119 0.716444 0.002468
v 0.162119 0.753721 0.013188
v 0.162119 0.786721 0.854090
v -0.162119 0.604362 0.380144
v -0.162119 0.604362 0.002468
v -0.150221 0.604362 -0.019047
v 0.102650 0.823419 0.854090
v 0.000000 0.823419 0.854090
v 0.000000 0.859583 0.858467
v 0.150221 0.859583 0.858467
v 0.150221 0.805772 0.854090
v 0.162119 0.859583 0.858467
v 0.162119 0.786721 0.076738
v 0.162119 0.778029 0.038990
v 0.150221 0.795413 0.027107
v 0.150221 0.805772 0.072095
v 0.130115 0.807216 0.020797
v 0.130115 0.818691 0.070627
v 0.150221 0.764106 -0.006125
v 0.130115 0.771080 -0.017562
v 0.150221 0.719171 -0.019047
v 0.130115 0.720991 -0.031966
v -0.150221 0.719171 -0.019047
v -0.130115 0.720991 -0.031966
v -0.130115 0.604362 -0.031966
v 0.130115 0.818691 0.854090
v 0.130115 0.604362 -0.031966
v 0.150221 0.604362 -0.019047
v 0.162119 0.604362 0.380144
v -0.102650 0.604362 -0.036695
v 0.000000 0.530009 0.427810
v 0.102650 0.530009 0.427810
v 0.102650 0.510623 0.427810
v 0.000000 0.510623 0.427810
v 0.150302 1.063876 0.883806
v 0.162038 1.065836 0.883806
v 0.144542 1.083053 0.883806
v 0.154263 1.089913 0.883806
v 0.137130 1.104342 0.883806
v 0.130270 1.095137 0.883806
v 0.110526 1.101901 0.883806
v 0.114526 1.113451 0.883806
v 0.000000 1.101901 0.883806
v 0.000000 1.113451 0.883806
v 0.130270 1.095137 1.227094
v 0.110526 1.101901 1.227094
v 0.144542 1.083053 1.227094
v 0.150221 0.859583 1.273721
v 0.150302 1.063876 1.227094
v 0.000000 1.101901 1.227094
v 0.162119 0.859583 1.273721
v 0.162119 0.823257 1.283295
v 0.154263 1.089913 1.227094
v 0.162038 1.065836 1.227094
v 0.137130 1.104342 1.227094
v 0.114526 1.113451 1.227094
v 0.000000 1.113451 1.227094
v 0.000000 0.859583 1.273721
v 0.000000 0.823257 1.283295
v 0.000000 0.823257 1.311922
v 0.000000 0.530009 1.311922
v 0.162119 0.530009 1.311922
v 0.162119 0.823257 1.311922
v 0.102650 0.530009 1.283530
v 0.102650 0.510623 1.283530
v 0.000000 0.530009 1.283530
v 0.000000 0.510623 1.283530
v -0.102650 0.721658 -0.036695
v -0.102650 0.773633 -0.021748
v -0.102650 0.811537 0.018487
v -0.102650 0.823419 0.070089
v 0.000000 0.604362 0.380144
v -0.162119 0.716444 0.002468
v -0.162119 0.786721 0.854090
v -0.162119 0.753721 0.013188
v -0.162119 0.567528 0.427810
v 0.000000 0.567528 0.427810
v -0.102650 0.823419 0.854090
v -0.150221 0.859583 0.858467
v -0.162119 0.859583 0.858467
v -0.150221 0.805772 0.854090
v -0.162119 0.786721 0.076738
v -0.150221 0.805772 0.072095
v -0.150221 0.795413 0.027107
v -0.162119 0.778029 0.038990
v -0.130115 0.818691 0.070627
v -0.130115 0.807216 0.020797
v -0.150221 0.764106 -0.006125
v -0.130115 0.771080 -0.017562
v -0.130115 0.818691 0.854090
v 0.162119 0.604362 0.002468
v 0.162119 0.567528 0.427810
v -0.102650 0.530009 0.427810
v -0.162119 0.530009 0.427810
v -0.102650 0.510623 0.427810
v -0.162038 1.065836 0.883806
v -0.150302 1.063876 0.883806
v -0.154263 1.089913 0.883806
v -0.144542 1.083053 0.883806
v -0.137130 1.104342 0.883806
v -0.114526 1.113451 0.883806
v -0.110526 1.101901 0.883806
v -0.130270 1.095137 0.883806
v -0.110526 1.101901 1.227094
v -0.130270 1.095137 1.227094
v -0.144542 1.083053 1.227094
v -0.150302 1.063876 1.227094
v -0.150221 0.859583 1.273721
v -0.162119 0.823257 1.283295
v -0.162119 0.859583 1.273721
v -0.162038 1.065836 1.227094
v -0.154263 1.089913 1.227094
v -0.137130 1.104342 1.227094
v -0.114526 1.113451 1.227094
v -0.162119 0.823257 1.311922
v -0.162119 0.530009 1.311922
v -0.102650 0.510623 1.283530
v -0.102650 0.530009 1.283530
v 0.162119 0.530009 0.427810
v 0.100779 0.409440 2.881387
v 0.163901 0.346229 2.881387
v 0.163901 0.346229 2.845391
v 0.100779 0.409440 2.845391
v 0.000000 0.436543 2.845391
v 0.157042 0.156854 2.845391
v 0.083967 0.089431 2.845391
v 0.157042 0.156854 2.881387
v 0.083967 0.089431 2.881387
v 0.083967 -0.011634 2.881387
v 0.083967 -0.011634 2.845391
v 0.000000 0.436543 2.881387
v 0.186680 0.253683 2.845391
v 0.186680 0.253683 2.881387
v 0.000000 -0.011634 2.845391
v 0.000000 -0.011634 2.881387
v 0.069276 0.000640 2.881387
v 0.000000 0.000640 2.881387
v 0.069276 0.099845 2.881387
v 0.000000 0.420473 2.881387
v 0.092656 0.397125 2.881387
v 0.147033 0.342671 2.881387
v 0.169973 0.251275 2.881387
v 0.144442 0.167862 2.881387
v 0.069276 0.000640 3.053597
v 0.043970 0.000640 3.053597
v 0.043970 0.000640 3.031495
v 0.069276 0.099845 3.053597
v 0.169973 0.251273 3.053597
v 0.144442 0.167862 3.053597
v 0.116854 0.003211 3.053597
v 0.171710 0.096082 3.053597
v 0.144169 0.014780 3.053597
v 0.061295 -0.815736 4.527383
v 0.144624 -0.762704 4.534959
v 0.144624 -0.773381 4.582563
v 0.061295 -0.826695 4.577324
v 0.169973 0.251273 4.548609
v 0.171710 0.096080 4.548609
v 0.144169 0.014778 4.548609
v 0.116854 0.003209 4.548609
v 0.000000 0.420471 4.548609
v 0.092656 0.397123 4.548609
v 0.147033 0.342669 4.548609
v 0.000000 -0.815736 4.527383
v 0.000000 -0.826695 4.577324
v 0.000000 0.000640 3.031495
v 0.043970 -0.020240 3.041497
v 0.000000 -0.020240 3.041497
v 0.043970 -0.005183 3.053656
v 0.014384 0.000640 3.053597
v 0.014384 -0.005183 3.053656
v 0.043970 -0.042142 3.078132
v 0.043970 -0.024476 3.091576
v 0.043970 -0.052950 3.127589
v 0.043970 -0.067312 3.112650
v 0.043970 -0.091749 3.156581
v 0.043970 -0.101083 3.139806
v 0.000000 -0.101083 3.139806
v 0.000000 -0.067312 3.112650
v 0.000000 -0.042142 3.078132
v 0.014384 -0.052950 3.127589
v 0.014384 -0.091749 3.156581
v 0.014384 -0.024476 3.091576
v 0.043970 -0.145297 3.183754
v 0.014384 -0.145297 3.183754
v 0.014384 -0.177920 3.198187
v 0.043970 -0.177920 3.198187
v 0.000000 -0.151994 3.168144
v 0.043970 -0.151994 3.168144
v 0.043970 -0.197114 3.187710
v 0.000000 -0.197114 3.187710
v 0.014384 -0.177920 3.619880
v 0.043970 -0.177920 3.619880
v 0.043970 -0.197114 3.619880
v 0.000000 -0.197114 3.619880
v 0.014384 -0.188773 3.672550
v 0.043970 -0.188773 3.672550
v 0.043970 -0.206460 3.665849
v 0.000000 -0.206460 3.665849
v 0.043970 -0.283454 3.880306
v 0.014384 -0.283454 3.880306
v 0.014384 -0.382783 4.089612
v 0.043970 -0.382783 4.089612
v 0.000000 -0.299591 3.872262
v 0.043970 -0.299591 3.872262
v 0.043970 -0.401503 4.078933
v 0.000000 -0.401503 4.078933
v 0.014384 -0.513922 4.565392
v 0.177401 -0.513922 4.565392
v 0.014384 -0.037280 4.020528
v 0.000000 -0.037280 4.020528
v 0.000000 -0.052606 3.996702
v 0.014384 -0.052606 3.996702
v 0.014384 -0.037280 4.339156
v 0.014384 -0.052606 4.363540
v 0.000000 -0.052606 4.363540
v 0.000000 -0.037280 4.339156
v 0.014384 -0.083258 4.363540
v 0.014384 -0.098585 4.339156
v 0.000000 -0.098585 4.339156
v 0.000000 -0.083258 4.363540
v 0.014384 -0.083258 3.996702
v 0.000000 -0.083258 3.996702
v 0.000000 -0.098585 4.020528
v 0.014384 -0.098585 4.020528
v 0.061280 -0.591524 4.306149
v 0.000000 -0.597246 4.306149
v 0.093600 -0.543861 4.306149
v 0.103163 -0.473283 4.306149
v 0.000000 -0.473283 4.306149
v 0.121010 -0.495754 4.363180
v 0.000000 -0.495754 4.363180
v 0.000000 -0.619811 4.363180
v 0.106067 -0.619811 4.363180
v 0.056101 -0.664564 4.363180
v 0.000000 -0.664564 4.363180
v 0.014384 0.000638 4.548609
v 0.209599 0.260784 4.575796
v 0.205673 0.092162 4.575796
v 0.014384 -0.391294 4.573104
v 0.177401 -0.391294 4.573104
v 0.175047 0.358613 4.575796
v 0.106658 0.419017 4.575796
v 0.197893 -0.029643 4.575796
v 0.000000 0.445305 4.575796
v 0.177401 -0.522600 4.608059
v 0.014384 -0.044908 4.575796
v 0.000000 0.445305 4.624027
v 0.106658 0.419017 4.624027
v 0.175047 0.358613 4.624027
v 0.209599 0.260784 4.624027
v 0.197893 -0.029643 4.624027
v 0.177401 -0.391294 4.621335
v 0.205673 0.092162 4.624027
v 0.000000 -0.391294 4.621335
v 0.055273 0.033300 4.624027
v 0.055273 0.113510 4.624027
v 0.055273 0.113510 4.279305
v 0.055273 0.033300 4.279305
v 0.117744 0.331773 4.624027
v 0.068769 0.377084 4.624027
v 0.068769 0.377084 4.279305
v 0.117744 0.331773 4.279305
v 0.138567 0.216857 4.624027
v 0.138567 0.280871 4.624027
v 0.138567 0.280871 4.279305
v 0.138567 0.216857 4.279305
v 0.111574 0.161713 4.624027
v 0.111574 0.161713 4.279305
v 0.000000 0.033300 4.624027
v 0.000000 0.033300 4.279305
v 0.000000 0.393472 4.624027
v 0.000000 0.393472 4.279305
v -0.100779 0.409440 2.881387
v -0.100779 0.409440 2.845391
v -0.163901 0.346229 2.845391
v -0.163901 0.346229 2.881387
v -0.083967 0.089431 2.845391
v -0.157042 0.156854 2.845391
v -0.157042 0.156854 2.881387
v -0.083967 0.089431 2.881387
v -0.083967 -0.011634 2.845391
v -0.083967 -0.011634 2.881387
v -0.186680 0.253683 2.845391
v -0.186680 0.253683 2.881387
v -0.069276 0.000640 2.881387
v -0.069276 0.099845 2.881387
v -0.092656 0.397125 2.881387
v -0.169973 0.251275 2.881387
v -0.147033 0.342671 2.881387
v -0.144442 0.167862 2.881387
v -0.069276 0.000640 3.053597
v -0.043970 0.000640 3.031495
v -0.043970 0.000640 3.053597
v -0.069276 0.099845 3.053597
v -0.144442 0.167862 3.053597
v -0.169973 0.251273 3.053597
v -0.116854 0.003211 3.053597
v -0.171710 0.096082 3.053597
v -0.144169 0.014780 3.053597
v -0.061295 -0.815736 4.527383
v -0.061295 -0.826695 4.577324
v -0.144624 -0.773381 4.582563
v -0.144624 -0.762704 4.534959
v -0.171710 0.096080 4.548609
v -0.169973 0.251273 4.548609
v -0.116854 0.003209 4.548609
v -0.144169 0.014778 4.548609
v -0.092656 0.397123 4.548609
v -0.147033 0.342669 4.548609
v -0.043970 -0.020240 3.041497
v -0.043970 -0.005183 3.053656
v -0.014384 -0.005183 3.053656
v -0.014384 0.000640 3.053597
v -0.043970 -0.042142 3.078132
v -0.043970 -0.067312 3.112650
v -0.043970 -0.052950 3.127589
v -0.043970 -0.024476 3.091576
v -0.043970 -0.101083 3.139806
v -0.043970 -0.091749 3.156581
v -0.014384 -0.091749 3.156581
v -0.014384 -0.052950 3.127589
v -0.014384 -0.024476 3.091576
v -0.043970 -0.145297 3.183754
v -0.043970 -0.177920 3.198187
v -0.014384 -0.177920 3.198187
v -0.014384 -0.145297 3.183754
v -0.043970 -0.197114 3.187710
v -0.043970 -0.151994 3.168144
v -0.043970 -0.177920 3.619880
v -0.014384 -0.177920 3.619880
v -0.043970 -0.197114 3.619880
v -0.043970 -0.188773 3.672550
v -0.014384 -0.188773 3.672550
v -0.043970 -0.206460 3.665849
v -0.043970 -0.283454 3.880306
v -0.043970 -0.382783 4.089612
v -0.014384 -0.382783 4.089612
v -0.014384 -0.283454 3.880306
v -0.043970 -0.401503 4.078933
v -0.043970 -0.299591 3.872262
v -0.177401 -0.513922 4.565392
v -0.014384 -0.513922 4.565392
v -0.014384 -0.037280 4.020528
v -0.014384 -0.052606 3.996702
v -0.014384 -0.037280 4.339156
v -0.014384 -0.052606 4.363540
v -0.014384 -0.083258 4.363540
v -0.014384 -0.098585 4.339156
v -0.014384 -0.083258 3.996702
v -0.014384 -0.098585 4.020528
v -0.061280 -0.591524 4.306149
v -0.093600 -0.543861 4.306149
v -0.103163 -0.473283 4.306149
v -0.121010 -0.495754 4.363180
v -0.056101 -0.664564 4.363180
v -0.106067 -0.619811 4.363180
v -0.014384 0.000638 4.548609
v -0.205673 0.092162 4.575796
v -0.209599 0.260784 4.575796
v -0.177401 -0.391294 4.573104
v -0.014384 -0.391294 4.573104
v -0.175047 0.358613 4.575796
v -0.106658 0.419017 4.575796
v -0.197893 -0.029643 4.575796
v -0.177401 -0.522600 4.608059
v -0.014384 -0.044908 4.575796
v -0.106658 0.419017 4.624027
v -0.209599 0.260784 4.624027
v -0.175047 0.358613 4.624027
v -0.177401 -0.391294 4.621335
v -0.197893 -0.029643 4.624027
v -0.205673 0.092162 4.624027
v -0.055273 0.033300 4.624027
v -0.055273 0.033300 4.279305
v -0.055273 0.113510 4.279305
v -0.055273 0.113510 4.624027
v -0.117744 0.331773 4.624027
v -0.117744 0.331773 4.279305
v -0.068769 0.377084 4.279305
v -0.068769 0.377084 4.624027
v -0.138567 0.216857 4.624027
v -0.138567 0.216857 4.279305
v -0.138567 0.280871 4.279305
v -0.138567 0.280871 4.624027
v -0.111574 0.161713 4.279305
v -0.111574 0.161713 4.624027
v 0.124580 -0.244068 1.323672
v 0.083423 -0.244068 1.323672
v 0.083423 -0.244068 1.617221
v 0.124580 -0.244068 1.573754
v 0.083423 -0.360981 1.617221
v 0.124580 -0.353628 1.573754
v 0.041712 -0.244068 1.631613
v 0.000000 -0.244068 1.636415
v 0.000000 -0.360981 1.636415
v 0.041712 -0.360981 1.631613
v 0.041712 -0.244068 1.323672
v 0.000000 -0.244068 1.323672
v 0.083423 -0.387117 1.629099
v 0.124580 -0.411969 1.594569
v 0.041712 -0.381966 1.642537
v 0.000000 -0.380247 1.647021
v 0.041712 -0.264842 1.287201
v 0.000000 -0.264842 1.287201
v 0.083423 -1.187316 2.149462
v 0.124580 -1.198989 2.107591
v 0.041712 -1.183451 2.163324
v 0.083423 -0.264842 1.287201
v 0.124580 -0.264842 1.287201
v 0.124580 -0.302025 1.264596
v 0.083423 -0.302025 1.264596
v 0.000000 -1.182161 2.167950
v 0.041712 -0.302025 1.264596
v 0.000000 -0.302025 1.264596
v 0.124580 -0.350734 1.257922
v 0.083423 -0.350734 1.257922
v 0.041712 -0.350734 1.257922
v 0.000000 -0.350734 1.257922
v 0.124580 -0.574099 1.257922
v 0.083423 -0.574099 1.257922
v 0.041712 -0.574099 1.257922
v 0.000000 -0.574099 1.257922
v 0.124580 -0.574099 1.402760
v 0.083423 -0.574099 1.320792
v 0.041712 -0.574099 1.297130
v 0.000000 -0.574099 1.290285
v 0.124580 -0.684126 1.463363
v 0.083423 -0.713656 1.395981
v 0.041712 -0.723357 1.376572
v 0.000000 -0.728423 1.369887
v 0.119310 -0.756182 1.421224
v 0.083423 -0.786162 1.346194
v 0.041712 -0.792819 1.325549
v 0.000000 -0.795579 1.316484
v 0.119310 -0.801245 1.447617
v 0.083423 -0.835274 1.371687
v 0.041712 -0.841931 1.351043
v 0.000000 -0.844691 1.341977
v 0.124580 -0.815641 1.533095
v 0.083141 -0.844537 1.467212
v 0.041712 -0.853034 1.448834
v 0.000000 -0.854136 1.441727
v 0.124580 -1.157106 1.725201
v 0.083423 -1.188806 1.656191
v 0.041712 -1.195403 1.636872
v 0.000000 -1.195300 1.629112
v 0.119310 -1.228713 1.677588
v 0.083423 -1.258243 1.610206
v 0.041712 -1.264900 1.589561
v 0.000000 -1.267659 1.580496
v 0.119310 -1.293945 1.712454
v 0.083423 -1.313353 1.640198
v 0.041712 -1.320010 1.619553
v 0.000000 -1.322770 1.610488
v -0.124580 -0.244068 1.323672
v -0.124580 -0.244068 1.573754
v -0.083423 -0.244068 1.617221
v -0.083423 -0.244068 1.323672
v -0.124580 -0.353628 1.573754
v -0.083423 -0.360981 1.617221
v -0.041712 -0.244068 1.631613
v -0.041712 -0.360981 1.631613
v -0.041712 -0.244068 1.323672
v -0.124580 -0.411969 1.594569
v -0.083423 -0.387117 1.629099
v -0.041712 -0.381966 1.642537
v -0.041712 -0.264842 1.287201
v -0.124580 -1.198989 2.107591
v -0.083423 -1.187316 2.149462
v -0.041712 -1.183451 2.163324
v -0.083423 -0.264842 1.287201
v -0.124580 -0.264842 1.287201
v -0.083423 -0.302025 1.264596
v -0.124580 -0.302025 1.264596
v -0.041712 -0.302025 1.264596
v -0.083423 -0.350734 1.257922
v -0.124580 -0.350734 1.257922
v -0.041712 -0.350734 1.257922
v -0.083423 -0.574099 1.257922
v -0.124580 -0.574099 1.257922
v -0.041712 -0.574099 1.257922
v -0.083423 -0.574099 1.320792
v -0.124580 -0.574099 1.402760
v -0.041712 -0.574099 1.297130
v -0.083423 -0.713656 1.395981
v -0.124580 -0.684126 1.463363
v -0.041712 -0.723357 1.376572
v -0.083423 -0.786162 1.346194
v -0.119310 -0.756182 1.421224
v -0.041712 -0.792819 1.325549
v -0.083423 -0.835274 1.371687
v -0.119310 -0.801245 1.447617
v -0.041712 -0.841931 1.351043
v -0.083141 -0.844537 1.467212
v -0.124580 -0.815641 1.533095
v -0.041712 -0.853034 1.448834
v -0.083423 -1.188806 1.656191
v -0.124580 -1.157106 1.725201
v -0.041712 -1.195403 1.636872
v -0.083423 -1.258243 1.610206
v -0.119310 -1.228713 1.677588
v -0.041712 -1.264900 1.589561
v -0.083423 -1.313353 1.640198
v -0.119310 -1.293945 1.712454
v -0.041712 -1.320010 1.619553
v 0.111231 -0.470868 0.143045
v 0.111231 -0.347926 0.143045
v 0.111231 -0.518276 0.420841
v 0.122274 -1.472006 -0.230414
v 0.122274 -1.643279 0.360975
v 0.122274 -1.718856 0.374506
v 0.043691 0.072738 0.595707
v 0.043691 0.142870 0.595707
v 0.100643 0.142870 0.595707
v 0.100643 -0.111392 0.595707
v 0.043691 0.142870 0.609126
v 0.043691 0.072738 0.609126
v 0.111231 0.142870 0.609126
v 0.000000 0.072738 0.609126
v 0.000000 0.072738 0.595707
v 0.102383 0.144407 0.139715
v 0.101112 0.147119 0.141456
v 0.106707 0.151140 0.141366
v 0.108155 0.146059 0.139891
v 0.106802 -1.260681 -0.029776
v 0.111231 -1.270671 0.010616
v 0.111231 -1.524423 -0.049403
v 0.106813 -1.512993 -0.088872
v 0.043669 -1.317182 0.484268
v 0.043669 -1.131725 0.524850
v 0.043669 -1.135761 0.548357
v 0.043669 -1.322677 0.507288
v 0.106111 -0.463708 0.101850
v 0.111231 -0.503324 0.139584
v 0.106762 -0.496050 0.098254
v 0.000000 -1.229873 -0.154339
v 0.091172 -1.229873 -0.154339
v 0.091172 -1.477630 -0.210989
v 0.000000 -1.477630 -0.210989
v 0.111231 -0.527465 0.478107
v 0.111231 -0.548490 0.609126
v 0.111231 -0.586314 0.605348
v 0.111231 -0.562985 0.474418
v 0.000000 -1.731245 0.418861
v 0.043673 -1.731245 0.418861
v 0.043673 -1.388264 0.493785
v 0.000000 -1.388264 0.493785
v 0.107374 -0.555895 0.091903
v 0.107015 -0.726021 0.069439
v 0.112401 -0.726021 0.069439
v 0.112401 -0.555895 0.091903
v 0.000000 -0.472529 -0.034181
v 0.095963 -0.472529 -0.034181
v 0.095939 -0.531667 -0.041521
v 0.000000 -0.531667 -0.041521
v 0.000000 0.072738 0.632856
v 0.043691 0.072738 0.632856
v 0.111231 -0.563161 0.131848
v 0.111231 -0.733497 0.107861
v 0.000000 -0.441730 0.001028
v 0.093143 -0.441730 0.001028
v 0.091172 -0.473775 -0.027487
v 0.000000 -0.473775 -0.027487
v 0.111231 -0.625142 0.467054
v 0.111231 -0.648634 0.594102
v 0.111231 -0.821947 0.573531
v 0.111231 -0.797063 0.442520
v 0.043691 -0.586314 0.605348
v 0.043691 -0.548490 0.609126
v 0.043691 -0.551743 0.632856
v 0.043691 -0.589568 0.628490
v 0.106999 -0.785623 0.061697
v 0.111231 -0.793067 0.100216
v 0.111231 -0.974606 0.075269
v 0.107005 -0.966830 0.037162
v 0.000000 -0.532923 -0.034846
v 0.091172 -0.532923 -0.034846
v 0.091172 -0.701516 -0.056514
v 0.000000 -0.701516 -0.056514
v 0.111231 -0.857719 0.434403
v 0.111231 -0.883066 0.564122
v 0.111231 -1.068538 0.538096
v 0.111231 -1.041194 0.409854
v 0.117590 -0.796947 0.441911
v 0.117590 -0.625027 0.466445
v 0.112401 -0.966830 0.037162
v 0.112401 -0.785623 0.061697
v 0.101290 -0.955824 -0.014745
v 0.101144 -0.775327 0.008423
v 0.105347 -0.775327 0.008423
v 0.105347 -0.955824 -0.014745
v 0.117590 -1.041078 0.409245
v 0.117590 -0.857603 0.433794
v 0.107031 -1.026056 0.024868
v 0.111231 -1.034036 0.062809
v 0.111231 -1.209967 0.023709
v 0.106891 -1.200697 -0.015799
v 0.000000 -1.228102 -0.161436
v 0.095969 -1.228102 -0.161436
v 0.111231 -1.104943 0.397107
v 0.111231 -1.131725 0.524850
v 0.111231 -1.317182 0.484268
v 0.111231 -1.286340 0.355400
v 0.043494 -0.821947 0.573531
v 0.043494 -0.648634 0.594102
v 0.043494 -0.651466 0.618925
v 0.043494 -0.825458 0.595300
v 0.100079 -0.715134 0.016034
v 0.101424 -0.547048 0.037617
v 0.105347 -0.547048 0.037617
v 0.105347 -0.715134 0.016034
v 0.000000 -1.169798 -0.148179
v 0.095969 -1.169798 -0.148179
v 0.111231 -0.347926 0.001041
v 0.093143 -0.347926 0.001041
v 0.043494 -1.068538 0.538096
v 0.043494 -0.883066 0.564122
v 0.043494 -0.885343 0.587204
v 0.043494 -1.073310 0.561425
v 0.000000 -0.999672 -0.100574
v 0.091172 -0.999672 -0.100574
v 0.091172 -1.171333 -0.140954
v 0.000000 -1.171333 -0.140954
v 0.111231 0.142870 0.346956
v 0.111231 0.142870 0.141366
v 0.109492 0.146842 0.141366
v 0.103671 0.159960 0.347035
v 0.111231 0.074244 0.143045
v 0.111231 0.032441 0.143045
v 0.111231 0.032441 0.001041
v 0.111231 0.074244 0.001041
v 0.090118 0.175210 0.346956
v 0.102070 0.155544 0.141366
v 0.076901 0.183307 0.346956
v 0.048360 -0.649730 0.599253
v 0.048360 -0.653265 0.627626
v 0.093143 -0.299967 0.001041
v 0.093143 0.032441 0.001041
v 0.111231 -0.299967 0.143045
v 0.106075 -0.406659 0.102048
v 0.099477 -0.406659 0.050703
v 0.105347 -0.486796 0.045673
v 0.048360 -0.587410 0.610499
v 0.117590 -0.587410 0.610499
v 0.000000 -0.761256 -0.064388
v 0.091172 -0.761256 -0.064388
v 0.091172 -0.941323 -0.087819
v 0.000000 -0.941323 -0.087819
v 0.095963 -0.700202 -0.063521
v 0.000000 -0.700202 -0.063521
v 0.048360 -1.132496 0.530468
v 0.048360 -1.137093 0.554455
v 0.000000 -0.998514 -0.106508
v 0.095963 -0.998514 -0.106508
v 0.048360 -1.069662 0.543878
v 0.117716 -1.069662 0.543878
v 0.043673 -1.725483 0.396897
v 0.043673 -1.383236 0.471013
v 0.111231 -0.299967 0.001041
v 0.093143 0.074244 0.001041
v 0.000000 -0.551743 0.632856
v 0.000000 -0.589568 0.628490
v 0.000000 -0.651466 0.618925
v 0.000000 -0.825458 0.595300
v 0.000000 -0.885343 0.587204
v 0.000000 -1.073310 0.561425
v 0.048360 -1.318692 0.490429
v 0.117636 -1.318692 0.490429
v 0.048360 -1.074766 0.567425
v 0.000000 -1.135761 0.548357
v 0.000000 -1.322677 0.507288
v 0.048360 -1.389969 0.500342
v 0.000000 -1.389969 0.500342
v 0.096737 0.151080 0.141366
v 0.082547 0.169216 0.341275
v 0.074125 0.175117 0.341986
v 0.111231 -1.094549 0.338432
v 0.111231 -1.273486 0.298258
v 0.112401 -1.200697 -0.015799
v 0.112401 -1.026056 0.024868
v 0.101075 -0.486796 0.045673
v 0.099386 -0.452763 0.049988
v 0.105347 -0.452763 0.049988
v 0.111231 -0.846577 0.376811
v 0.111231 -1.030552 0.351767
v 0.111231 -0.614109 0.407385
v 0.111231 -0.786019 0.384376
v 0.117590 -1.286224 0.354791
v 0.117590 -1.104827 0.396498
v 0.111231 -0.552521 0.415690
v 0.095963 -0.760006 -0.070875
v 0.000000 -0.760006 -0.070875
v 0.101123 -1.498272 -0.139708
v 0.100972 -1.248565 -0.083167
v 0.105347 -1.248565 -0.083167
v 0.105347 -1.498272 -0.139708
v 0.048360 -0.591368 0.637191
v 0.112401 -0.463708 0.101850
v 0.112401 -0.406659 0.102048
v 0.117590 -0.649730 0.599253
v 0.000000 -1.324444 0.513799
v 0.048360 -1.324444 0.513799
v 0.117590 -1.273371 0.297649
v 0.117207 -1.209967 0.023709
v 0.117590 -1.030436 0.351158
v 0.117207 -0.974491 0.074660
v 0.117590 -0.552405 0.415081
v 0.117207 -0.503324 0.139584
v 0.117590 -0.518160 0.420232
v 0.112401 -1.260681 -0.029776
v 0.117207 -1.270555 0.010007
v 0.117590 -0.613993 0.406776
v 0.117590 -0.785903 0.383767
v 0.117207 -0.793067 0.100216
v 0.117590 -0.846461 0.376202
v 0.117207 -1.034036 0.062809
v 0.117590 -0.527350 0.477498
v 0.105347 -1.187979 -0.068368
v 0.101141 -1.187979 -0.068368
v 0.101156 -1.014516 -0.027934
v 0.095963 -0.940212 -0.093765
v 0.000000 -1.472006 -0.230414
v 0.105347 -0.406659 0.050703
v 0.112401 -0.496050 0.098254
v 0.117207 -0.563159 0.131838
v 0.117590 -0.562869 0.473809
v 0.117716 -1.132496 0.530468
v 0.117601 -0.822961 0.578717
v 0.117601 -0.883932 0.570612
v 0.117207 -0.733497 0.107861
v 0.117636 -1.384389 0.476313
v 0.117590 -1.351202 0.339947
v 0.117590 -1.336695 0.280595
v 0.117590 -1.094433 0.337823
v 0.105347 -1.014516 -0.027934
v 0.112401 -1.512993 -0.088872
v 0.000000 -0.940212 -0.093765
v 0.000000 0.121435 0.001041
v 0.111231 -1.643279 0.360975
v 0.048360 -0.883932 0.570612
v 0.048360 -0.822961 0.578717
v 0.048360 -0.826931 0.603031
v 0.048360 -0.885932 0.593603
v 0.048360 -1.384389 0.476313
v 0.000000 -0.591368 0.637191
v 0.000000 -0.653265 0.627626
v 0.000000 -1.074766 0.567425
v 0.000000 -1.137093 0.554455
v 0.000000 -0.826931 0.603031
v 0.000000 -0.885932 0.593603
v 0.111231 -1.383236 0.471013
v 0.090651 -1.731954 0.421147
v 0.044232 -1.731954 0.421147
v 0.112824 -1.725483 0.396055
v 0.111231 -1.725483 0.396897
v 0.000000 -1.731954 0.421147
v 0.044232 -1.765617 0.411432
v 0.090651 -1.765617 0.411432
v 0.000000 -1.765617 0.411432
v 0.112824 -1.759120 0.386809
v 0.111231 -1.718856 0.374506
v 0.122274 -1.752844 0.364743
v 0.122274 -1.572849 -0.258604
v 0.000000 -1.572849 -0.258604
v 0.035217 0.121435 0.001041
v 0.079431 0.142870 0.001041
v 0.093143 0.142870 0.001041
v 0.000000 0.121435 0.010577
v 0.035217 0.121435 0.010577
v 0.000000 -0.111392 0.010577
v 0.035217 -0.111392 0.010577
v 0.079431 0.142870 0.010577
v 0.000000 -0.111392 0.595707
v 0.075800 0.184515 0.609126
v 0.073077 0.175891 0.597766
v 0.086688 0.167185 0.594902
v 0.091596 0.174166 0.609126
v 0.095773 0.157446 0.594902
v 0.103307 0.160004 0.609126
v 0.095507 0.157334 0.341046
v 0.101428 0.144832 0.141366
v 0.100643 0.142870 0.341085
v 0.109603 0.144235 0.135842
v 0.100643 0.142870 0.141366
v 0.108947 0.142870 0.123645
v 0.097956 0.142870 0.124798
v 0.079431 -0.111392 0.010577
v 0.102149 0.142891 0.135983
v 0.100643 -0.111392 0.143045
v -0.111231 -0.470868 0.143045
v -0.111231 -0.518276 0.420841
v -0.111231 -0.347926 0.143045
v -0.122274 -1.472006 -0.230414
v -0.122274 -1.718856 0.374506
v -0.122274 -1.643279 0.360975
v -0.043691 0.072738 0.595707
v -0.100643 -0.111392 0.595707
v -0.100643 0.142870 0.595707
v -0.043691 0.142870 0.595707
v -0.043691 0.142870 0.609126
v -0.111231 0.142870 0.609126
v -0.043691 0.072738 0.609126
v -0.102383 0.144407 0.139715
v -0.108155 0.146059 0.139891
v -0.106707 0.151140 0.141366
v -0.101112 0.147119 0.141456
v -0.106802 -1.260681 -0.029776
v -0.106813 -1.512993 -0.088872
v -0.111231 -1.524423 -0.049403
v -0.111231 -1.270671 0.010616
v -0.043669 -1.317182 0.484268
v -0.043669 -1.322677 0.507288
v -0.043669 -1.135761 0.548357
v -0.043669 -1.131725 0.524850
v -0.106111 -0.463708 0.101850
v -0.106762 -0.496050 0.098254
v -0.111231 -0.503324 0.139584
v -0.091172 -1.477630 -0.210989
v -0.091172 -1.229873 -0.154339
v -0.111231 -0.527465 0.478107
v -0.111231 -0.562985 0.474418
v -0.111231 -0.586314 0.605348
v -0.111231 -0.548490 0.609126
v -0.043673 -1.388264 0.493785
v -0.043673 -1.731245 0.418861
v -0.107374 -0.555895 0.091903
v -0.112401 -0.555895 0.091903
v -0.112401 -0.726021 0.069439
v -0.107015 -0.726021 0.069439
v -0.095939 -0.531667 -0.041521
v -0.095963 -0.472529 -0.034181
v -0.043691 0.072738 0.632856
v -0.111231 -0.733497 0.107861
v -0.111231 -0.563161 0.131848
v -0.091172 -0.473775 -0.027487
v -0.093143 -0.441730 0.001028
v -0.111231 -0.625142 0.467054
v -0.111231 -0.797063 0.442520
v -0.111231 -0.821947 0.573531
v -0.111231 -0.648634 0.594102
v -0.043691 -0.586314 0.605348
v -0.043691 -0.589568 0.628490
v -0.043691 -0.551743 0.632856
v -0.043691 -0.548490 0.609126
v -0.106999 -0.785623 0.061697
v -0.107005 -0.966830 0.037162
v -0.111231 -0.974606 0.075269
v -0.111231 -0.793067 0.100216
v -0.091172 -0.701516 -0.056514
v -0.091172 -0.532923 -0.034846
v -0.111231 -0.857719 0.434403
v -0.111231 -1.041194 0.409854
v -0.111231 -1.068538 0.538096
v -0.111231 -0.883066 0.564122
v -0.117590 -0.625027 0.466445
v -0.117590 -0.796947 0.441911
v -0.112401 -0.785623 0.061697
v -0.112401 -0.966830 0.037162
v -0.101290 -0.955824 -0.014745
v -0.105347 -0.955824 -0.014745
v -0.105347 -0.775327 0.008423
v -0.101144 -0.775327 0.008423
v -0.117590 -0.857603 0.433794
v -0.117590 -1.041078 0.409245
v -0.107031 -1.026056 0.024868
v -0.106891 -1.200697 -0.015799
v -0.111231 -1.209967 0.023709
v -0.111231 -1.034036 0.062809
v -0.095969 -1.228102 -0.161436
v -0.111231 -1.104943 0.397107
v -0.111231 -1.286340 0.355400
v -0.111231 -1.317182 0.484268
v -0.111231 -1.131725 0.524850
v -0.043494 -0.821947 0.573531
v -0.043494 -0.825458 0.595300
v -0.043494 -0.651466 0.618925
v -0.043494 -0.648634 0.594102
v -0.100079 -0.715134 0.016034
v -0.105347 -0.715134 0.016034
v -0.105347 -0.547048 0.037617
v -0.101424 -0.547048 0.037617
v -0.095969 -1.169798 -0.148179
v -0.111231 -0.347926 0.001041
v -0.093143 -0.347926 0.001041
v -0.043494 -1.068538 0.538096
v -0.043494 -1.073310 0.561425
v -0.043494 -0.885343 0.587204
v -0.043494 -0.883066 0.564122
v -0.091172 -1.171333 -0.140954
v -0.091172 -0.999672 -0.100574
v -0.111231 0.142870 0.346956
v -0.103671 0.159960 0.347035
v -0.109492 0.146842 0.141366
v -0.111231 0.142870 0.141366
v -0.111231 0.074244 0.143045
v -0.111231 0.074244 0.001041
v -0.111231 0.032441 0.001041
v -0.111231 0.032441 0.143045
v -0.090118 0.175210 0.346956
v -0.076901 0.183307 0.346956
v -0.102070 0.155544 0.141366
v -0.048360 -0.653265 0.627626
v -0.048360 -0.649730 0.599253
v -0.093143 -0.299967 0.001041
v -0.111231 -0.299967 0.143045
v -0.093143 0.032441 0.001041
v -0.099477 -0.406659 0.050703
v -0.106075 -0.406659 0.102048
v -0.105347 -0.486796 0.045673
v -0.117590 -0.587410 0.610499
v -0.048360 -0.587410 0.610499
v -0.091172 -0.941323 -0.087819
v -0.091172 -0.761256 -0.064388
v -0.095963 -0.700202 -0.063521
v -0.048360 -1.137093 0.554455
v -0.048360 -1.132496 0.530468
v -0.095963 -0.998514 -0.106508
v -0.117716 -1.069662 0.543878
v -0.048360 -1.069662 0.543878
v -0.043673 -1.383236 0.471013
v -0.043673 -1.725483 0.396897
v -0.111231 -0.299967 0.001041
v -0.093143 0.074244 0.001041
v -0.117636 -1.318692 0.490429
v -0.048360 -1.318692 0.490429
v -0.048360 -1.074766 0.567425
v -0.048360 -1.389969 0.500342
v -0.096737 0.151080 0.141366
v -0.074125 0.175117 0.341986
v -0.082547 0.169216 0.341275
v -0.111231 -1.273486 0.298258
v -0.111231 -1.094549 0.338432
v -0.112401 -1.026056 0.024868
v -0.112401 -1.200697 -0.015799
v -0.101075 -0.486796 0.045673
v -0.105347 -0.452763 0.049988
v -0.099386 -0.452763 0.049988
v -0.111231 -1.030552 0.351767
v -0.111231 -0.846577 0.376811
v -0.111231 -0.786019 0.384376
v -0.111231 -0.614109 0.407385
v -0.117590 -1.104827 0.396498
v -0.117590 -1.286224 0.354791
v -0.111231 -0.552521 0.415690
v -0.095963 -0.760006 -0.070875
v -0.101123 -1.498272 -0.139708
v -0.105347 -1.498272 -0.139708
v -0.105347 -1.248565 -0.083167
v -0.100972 -1.248565 -0.083167
v -0.048360 -0.591368 0.637191
v -0.112401 -0.406659 0.102048
v -0.112401 -0.463708 0.101850
v -0.117590 -0.649730 0.599253
v -0.048360 -1.324444 0.513799
v -0.117207 -1.209967 0.023709
v -0.117590 -1.273371 0.297649
v -0.117207 -0.974491 0.074660
v -0.117590 -1.030436 0.351158
v -0.117207 -0.503324 0.139584
v -0.117590 -0.552405 0.415081
v -0.117590 -0.518160 0.420232
v -0.117207 -1.270555 0.010007
v -0.112401 -1.260681 -0.029776
v -0.117590 -0.785903 0.383767
v -0.117590 -0.613993 0.406776
v -0.117207 -0.793067 0.100216
v -0.117590 -0.846461 0.376202
v -0.117207 -1.034036 0.062809
v -0.117590 -0.527350 0.477498
v -0.105347 -1.187979 -0.068368
v -0.101141 -1.187979 -0.068368
v -0.101156 -1.014516 -0.027934
v -0.095963 -0.940212 -0.093765
v -0.105347 -0.406659 0.050703
v -0.112401 -0.496050 0.098254
v -0.117207 -0.563159 0.131838
v -0.117590 -0.562869 0.473809
v -0.117716 -1.132496 0.530468
v -0.117601 -0.883932 0.570612
v -0.117601 -0.822961 0.578717
v -0.117207 -0.733497 0.107861
v -0.117590 -1.351202 0.339947
v -0.117636 -1.384389 0.476313
v -0.117590 -1.336695 0.280595
v -0.117590 -1.094433 0.337823
v -0.105347 -1.014516 -0.027934
v -0.112401 -1.512993 -0.088872
v -0.111231 -1.643279 0.360975
v -0.048360 -0.883932 0.570612
v -0.048360 -0.885932 0.593603
v -0.048360 -0.826931 0.603031
v -0.048360 -0.822961 0.578717
v -0.048360 -1.384389 0.476313
v -0.111231 -1.383236 0.471013
v -0.090651 -1.731954 0.421147
v -0.044232 -1.731954 0.421147
v -0.112824 -1.725483 0.396055
v -0.111231 -1.725483 0.396897
v -0.090651 -1.765617 0.411432
v -0.044232 -1.765617 0.411432
v -0.112824 -1.759120 0.386809
v -0.111231 -1.718856 0.374506
v -0.122274 -1.752844 0.364743
v -0.122274 -1.572849 -0.258604
v -0.035217 0.121435 0.001041
v -0.093143 0.142870 0.001041
v -0.079431 0.142870 0.001041
v -0.035217 0.121435 0.010577
v -0.035217 -0.111392 0.010577
v -0.079431 0.142870 0.010577
v -0.075800 0.184515 0.609126
v -0.091596 0.174166 0.609126
v -0.086688 0.167185 0.594902
v -0.073077 0.175891 0.597766
v -0.103307 0.160004 0.609126
v -0.095773 0.157446 0.594902
v -0.095507 0.157334 0.341046
v -0.101428 0.144832 0.141366
v -0.100643 0.142870 0.341085
v -0.109603 0.144235 0.135842
v -0.100643 0.142870 0.141366
v -0.108947 0.142870 0.123645
v -0.097956 0.142870 0.124798
v -0.079431 -0.111392 0.010577
v -0.102149 0.142891 0.135983
v -0.100643 -0.111392 0.143045
v 0.100139 0.273149 -4.697961
v 0.090017 0.310923 -4.650409
v 0.100139 0.273149 -4.650409
v 0.000000 0.173011 -4.650409
v 0.000000 0.173011 -4.697961
v 0.050069 0.186427 -4.697961
v 0.037546 0.183071 -4.650409
v 0.050069 0.359872 -4.650409
v 0.086723 0.323219 -4.650409
v 0.086723 0.323219 -4.697961
v 0.050069 0.359872 -4.697961
v 0.086723 0.223080 -4.650409
v 0.050069 0.186427 -4.650409
v 0.086723 0.223080 -4.697961
v 0.000000 0.373288 -4.650409
v 0.038178 0.363058 -4.650409
v 0.000000 0.373288 -4.697961
v 0.089774 0.234466 -4.650409
v 0.035637 0.211424 -4.698982
v 0.061725 0.237512 -4.698982
v 0.064540 0.245569 -4.629858
v 0.027177 0.207613 -4.633537
v 0.000000 0.201875 -4.698982
v 0.000000 0.202972 -4.633537
v 0.070166 0.273009 -4.629858
v 0.071274 0.273149 -4.698982
v 0.061725 0.308786 -4.698982
v 0.035637 0.334875 -4.698982
v 0.086723 0.223080 -4.232681
v 0.050069 0.186427 -4.232681
v 0.050069 0.186427 -4.426234
v 0.086723 0.223080 -4.426234
v 0.000000 0.344424 -4.698982
v 0.050069 0.359872 -4.232681
v 0.086723 0.323219 -4.232681
v 0.086723 0.323219 -4.426234
v 0.050069 0.359872 -4.426234
v 0.040890 0.343973 -4.192183
v 0.070823 0.314039 -4.192183
v 0.070823 0.232260 -4.192183
v 0.040890 0.202326 -4.192183
v 0.000000 0.373288 -4.232681
v 0.000000 0.354929 -4.192183
v 0.100139 0.273149 -4.232681
v 0.081779 0.273149 -4.192183
v 0.000000 0.173011 -4.232681
v 0.000000 0.191370 -4.192183
v 0.081779 0.273149 -3.987122
v 0.070823 0.232260 -3.987122
v 0.040890 0.202326 -3.987122
v 0.000000 0.354929 -3.987122
v 0.040890 0.343973 -3.987122
v 0.000000 0.191370 -3.987122
v 0.070823 0.314039 -3.987122
v 0.096041 0.273149 -3.987122
v 0.083174 0.225129 -3.987122
v 0.048020 0.189976 -3.987122
v 0.000000 0.369190 -3.987122
v 0.048020 0.356323 -3.987122
v 0.000000 0.177109 -3.987122
v 0.083174 0.321170 -3.987122
v 0.096041 0.273147 -3.155673
v 0.083174 0.225129 -3.155673
v 0.048020 0.189976 -3.155673
v 0.000000 0.369190 -3.155673
v 0.048020 0.356322 -3.155673
v 0.000000 0.177109 -3.155673
v 0.083174 0.321169 -3.155673
v 0.080813 0.273147 -3.155673
v 0.069986 0.232743 -3.155673
v 0.040406 0.203163 -3.155673
v 0.000000 0.353961 -3.155673
v 0.040407 0.343134 -3.155673
v 0.000000 0.192337 -3.155673
v 0.069986 0.313554 -3.155673
v 0.069986 0.313554 -2.964739
v 0.080813 0.273147 -2.964739
v 0.069986 0.232741 -2.964739
v 0.040406 0.203161 -2.964739
v 0.000000 0.353960 -2.964739
v 0.040407 0.343134 -2.964739
v 0.000000 0.192335 -2.964739
v 0.000000 0.368085 -2.888573
v 0.047469 0.355365 -2.888573
v 0.082218 0.320616 -2.888573
v 0.094937 0.273147 -2.888573
v 0.082218 0.225679 -2.888573
v 0.047469 0.190930 -2.888573
v 0.000000 0.178210 -2.888573
v 0.047469 0.190930 -2.387933
v 0.000000 0.178210 -2.387933
v 0.082218 0.225679 -2.387933
v 0.000000 0.368085 -2.387933
v 0.047469 0.355365 -2.387933
v 0.082218 0.320616 -2.387933
v 0.094937 0.273147 -2.387933
v 0.070343 0.084225 -2.092813
v 0.070343 0.084225 -2.387933
v 0.070343 0.162529 -2.387933
v 0.070343 0.162529 -2.092813
v 0.000000 0.084225 -2.092813
v 0.000000 0.084225 -2.387933
v 0.000000 0.162529 -2.387933
v 0.111978 0.229343 -2.387933
v 0.111978 0.229343 -2.092813
v 0.119055 0.280364 -2.387933
v 0.119055 0.280364 -2.092813
v 0.106537 0.327292 -2.387933
v 0.106537 0.327292 -2.092813
v 0.071302 0.380239 -2.387933
v 0.071302 0.380239 -2.092813
v 0.071302 0.511314 -2.387933
v 0.071302 0.511314 -2.092813
v 0.070231 0.557110 -2.092813
v 0.070231 0.557110 -2.176378
v 0.000000 0.557110 -2.176378
v 0.000000 0.557110 -2.092813
v 0.088589 0.535592 -2.092813
v 0.088665 0.533527 -2.092813
v 0.088589 0.535592 -2.176378
v 0.088589 0.535592 -2.303756
v 0.088589 0.535592 -2.387933
v 0.070231 0.557110 -2.387933
v 0.070231 0.557110 -2.303756
v 0.000000 0.557110 -2.387933
v 0.000000 0.557110 -2.303756
v 0.088665 0.533527 -2.387933
v 0.000000 0.535592 -2.263165
v 0.000000 0.557110 -2.263165
v 0.070231 0.557110 -2.263165
v 0.088589 0.535592 -2.263165
v 0.000000 0.557110 -2.216949
v 0.000000 0.535592 -2.216949
v 0.088589 0.535592 -2.216949
v 0.070231 0.557110 -2.216949
v 0.000000 0.535592 -2.176378
v 0.000000 0.535592 -2.303756
v 0.000000 0.373288 -4.426234
v 0.038178 0.363058 -4.426234
v 0.090017 0.310923 -4.426234
v 0.037546 0.183071 -4.426234
v 0.089774 0.234466 -4.426234
v 0.100139 0.273149 -4.426234
v 0.000000 0.173011 -4.426234
v 0.000000 0.344798 -4.630392
v 0.026538 0.338595 -4.630392
v 0.026538 0.338595 -4.446251
v 0.000000 0.344798 -4.446251
v 0.027177 0.207613 -4.443106
v 0.000000 0.202972 -4.443106
v 0.064540 0.245569 -4.446784
v 0.064540 0.299961 -4.629858
v 0.064540 0.299961 -4.446784
v 0.070166 0.273009 -4.446784
v 0.027177 0.207613 -4.243395
v 0.064540 0.245569 -4.243395
v 0.000000 0.202972 -4.243395
v 0.064540 0.299961 -4.243395
v 0.026538 0.338595 -4.243395
v 0.070166 0.273009 -4.243395
v 0.000000 0.344798 -4.243395
v -0.100139 0.273149 -4.697961
v -0.100139 0.273149 -4.650409
v -0.090017 0.310923 -4.650409
v -0.037546 0.183071 -4.650409
v -0.050069 0.186427 -4.697961
v -0.050069 0.359872 -4.650409
v -0.050069 0.359872 -4.697961
v -0.086723 0.323219 -4.697961
v -0.086723 0.323219 -4.650409
v -0.086723 0.223080 -4.650409
v -0.086723 0.223080 -4.697961
v -0.050069 0.186427 -4.650409
v -0.038178 0.363058 -4.650409
v -0.089774 0.234466 -4.650409
v -0.061725 0.237512 -4.698982
v -0.035637 0.211424 -4.698982
v -0.064540 0.245569 -4.629858
v -0.027177 0.207613 -4.633537
v -0.071274 0.273149 -4.698982
v -0.070166 0.273009 -4.629858
v -0.035637 0.334875 -4.698982
v -0.061725 0.308786 -4.698982
v -0.086723 0.223080 -4.232681
v -0.086723 0.223080 -4.426234
v -0.050069 0.186427 -4.426234
v -0.050069 0.186427 -4.232681
v -0.050069 0.359872 -4.232681
v -0.050069 0.359872 -4.426234
v -0.086723 0.323219 -4.426234
v -0.086723 0.323219 -4.232681
v -0.070823 0.314039 -4.192183
v -0.040890 0.343973 -4.192183
v -0.040890 0.202326 -4.192183
v -0.070823 0.232260 -4.192183
v -0.081779 0.273149 -4.192183
v -0.100139 0.273149 -4.232681
v -0.070823 0.232260 -3.987122
v -0.081779 0.273149 -3.987122
v -0.040890 0.202326 -3.987122
v -0.040890 0.343973 -3.987122
v -0.070823 0.314039 -3.987122
v -0.083174 0.225129 -3.987122
v -0.096041 0.273149 -3.987122
v -0.048020 0.189976 -3.987122
v -0.048020 0.356323 -3.987122
v -0.083174 0.321170 -3.987122
v -0.083174 0.225129 -3.155673
v -0.096041 0.273147 -3.155673
v -0.048020 0.189976 -3.155673
v -0.048020 0.356322 -3.155673
v -0.083174 0.321169 -3.155673
v -0.069986 0.232743 -3.155673
v -0.080813 0.273147 -3.155673
v -0.040406 0.203163 -3.155673
v -0.040407 0.343134 -3.155673
v -0.069986 0.313554 -3.155673
v -0.080813 0.273147 -2.964739
v -0.069986 0.313554 -2.964739
v -0.069986 0.232741 -2.964739
v -0.040406 0.203161 -2.964739
v -0.040407 0.343134 -2.964739
v -0.047469 0.355365 -2.888573
v -0.094937 0.273147 -2.888573
v -0.082218 0.320616 -2.888573
v -0.082218 0.225679 -2.888573
v -0.047469 0.190930 -2.888573
v -0.047469 0.190930 -2.387933
v -0.082218 0.225679 -2.387933
v -0.047469 0.355365 -2.387933
v -0.094937 0.273147 -2.387933
v -0.082218 0.320616 -2.387933
v -0.070343 0.084225 -2.092813
v -0.070343 0.162529 -2.092813
v -0.070343 0.162529 -2.387933
v -0.070343 0.084225 -2.387933
v -0.111978 0.229343 -2.092813
v -0.111978 0.229343 -2.387933
v -0.119055 0.280364 -2.092813
v -0.119055 0.280364 -2.387933
v -0.106537 0.327292 -2.092813
v -0.106537 0.327292 -2.387933
v -0.071302 0.380239 -2.092813
v -0.071302 0.380239 -2.387933
v -0.071302 0.511314 -2.092813
v -0.071302 0.511314 -2.387933
v -0.070231 0.557110 -2.092813
v -0.070231 0.557110 -2.176378
v -0.088589 0.535592 -2.092813
v -0.088589 0.535592 -2.176378
v -0.088665 0.533527 -2.092813
v -0.088589 0.535592 -2.303756
v -0.070231 0.557110 -2.303756
v -0.070231 0.557110 -2.387933
v -0.088589 0.535592 -2.387933
v -0.088665 0.533527 -2.387933
v -0.088589 0.535592 -2.263165
v -0.070231 0.557110 -2.263165
v -0.070231 0.557110 -2.216949
v -0.088589 0.535592 -2.216949
v -0.038178 0.363058 -4.426234
v -0.090017 0.310923 -4.426234
v -0.037546 0.183071 -4.426234
v -0.089774 0.234466 -4.426234
v -0.100139 0.273149 -4.426234
v -0.026538 0.338595 -4.630392
v -0.026538 0.338595 -4.446251
v -0.027177 0.207613 -4.443106
v -0.064540 0.245569 -4.446784
v -0.064540 0.299961 -4.629858
v -0.064540 0.299961 -4.446784
v -0.070166 0.273009 -4.446784
v -0.064540 0.245569 -4.243395
v -0.027177 0.207613 -4.243395
v -0.026538 0.338595 -4.243395
v -0.064540 0.299961 -4.243395
v -0.070166 0.273009 -4.243395
v 0.103086 0.392657 0.073803
v 0.088942 0.386291 0.073803
v 0.088942 0.386291 0.774837
v 0.103086 0.392657 0.774837
v 0.121667 0.351368 0.028567
v 0.176285 0.229999 0.028567
v 0.107522 0.345003 0.817598
v 0.162140 0.223634 0.817598
v 0.162140 0.223634 0.028567
v 0.107522 0.345003 0.028567
v 0.106227 0.386044 0.051252
v 0.092082 0.379678 0.051252
v 0.112605 0.371940 0.036068
v 0.098460 0.365575 0.036068
v 0.092325 0.378774 0.796218
v 0.106469 0.385139 0.796218
v 0.098748 0.364501 0.811869
v 0.112892 0.370866 0.811869
v 0.121667 0.351368 0.817598
v 0.176284 0.229999 0.817693
v 0.172676 0.220574 0.817693
v 0.178628 0.221224 0.817693
v 0.093464 0.343388 0.449514
v 0.093464 0.343388 0.397554
v 0.116394 0.292434 0.397554
v 0.116394 0.292434 0.449514
v 0.128689 0.297967 0.397554
v 0.128689 0.297967 0.449514
v 0.105759 0.348921 0.397554
v 0.105759 0.348921 0.449514
v 0.152122 0.283692 0.461966
v 0.118150 0.379979 0.461966
v 0.159905 0.287194 0.461966
v 0.159905 0.287194 0.385102
v 0.118150 0.379979 0.385102
v 0.110367 0.376477 0.461966
v 0.152122 0.283692 0.385102
v 0.110367 0.376477 0.385102
v 0.169733 0.227114 0.327116
v 0.176284 0.229999 0.327116
v 0.176284 0.229999 0.519634
v 0.169733 0.227114 0.519634
v 0.168243 0.216551 0.817693
v 0.162140 0.223634 0.519634
v 0.162140 0.223634 0.327116
v 0.180627 0.202907 0.875028
v 0.174675 0.202258 0.875028
v 0.174675 0.202258 0.817693
v 0.180627 0.202907 0.817693
v 0.167022 0.210690 0.875028
v 0.168243 0.216551 0.875028
v 0.167022 0.210690 0.817693
v 0.178628 0.221224 0.875028
v 0.183824 0.218251 0.875028
v 0.183824 0.218251 0.817693
v 0.185060 0.206931 0.875028
v 0.185060 0.206931 0.817693
v 0.169479 0.205230 0.875028
v 0.169479 0.205230 0.817693
v 0.172676 0.220574 0.875028
v 0.186281 0.212792 0.875028
v 0.186281 0.212792 0.817693
v 0.172550 0.192645 0.817693
v 0.184722 0.194248 0.817693
v 0.157898 0.209764 0.817693
v 0.189594 0.223983 0.817693
v 0.192856 0.202471 0.817693
v 0.162389 0.198608 0.817693
v 0.194810 0.213743 0.817693
v 0.157898 0.209764 0.519634
v 0.189594 0.223983 0.519634
v 0.184722 0.194248 0.519634
v 0.192856 0.202471 0.519634
v 0.162389 0.198608 0.519634
v 0.194810 0.213743 0.519634
v 0.172550 0.192645 0.519634
v 0.183917 0.218335 0.519634
v 0.178653 0.221346 0.519634
v 0.180678 0.202793 0.519634
v 0.185168 0.206869 0.519634
v 0.166898 0.210676 0.519634
v 0.169386 0.205147 0.519634
v 0.172625 0.220688 0.519634
v 0.186405 0.212805 0.519634
v 0.174650 0.202136 0.519634
v 0.168135 0.216613 0.519634
v 0.180678 0.202793 0.492695
v 0.185168 0.206869 0.492695
v 0.166898 0.210676 0.492695
v 0.169386 0.205147 0.492695
v 0.178653 0.221346 0.492695
v 0.172625 0.220688 0.492695
v 0.186405 0.212805 0.492695
v 0.174650 0.202136 0.492695
v 0.168135 0.216613 0.492695
v 0.183917 0.218335 0.492695
v 0.163175 0.210270 0.492695
v 0.166613 0.202630 0.492695
v 0.179417 0.225012 0.492695
v 0.171088 0.224103 0.492695
v 0.188419 0.205009 0.492695
v 0.190128 0.213211 0.492695
v 0.173886 0.198469 0.492695
v 0.164884 0.218472 0.492695
v 0.186690 0.220852 0.492695
v 0.182215 0.199378 0.492695
v 0.188419 0.205009 0.349875
v 0.190128 0.213211 0.349875
v 0.166613 0.202630 0.349875
v 0.173886 0.198469 0.349875
v 0.171088 0.224103 0.349875
v 0.164884 0.218472 0.349875
v 0.186690 0.220852 0.349875
v 0.182215 0.199378 0.349875
v 0.163175 0.210270 0.349875
v 0.179417 0.225012 0.349875
v 0.169522 0.205270 0.349875
v 0.174687 0.202315 0.349875
v 0.172700 0.220521 0.349875
v 0.168294 0.216521 0.349875
v 0.186223 0.212785 0.349875
v 0.183781 0.218212 0.349875
v 0.180603 0.202961 0.349875
v 0.167080 0.210696 0.349875
v 0.178616 0.221166 0.349875
v 0.185009 0.206960 0.349875
v 0.172700 0.220521 0.327116
v 0.168294 0.216521 0.327116
v 0.186223 0.212785 0.327116
v 0.183781 0.218212 0.327116
v 0.174687 0.202315 0.327116
v 0.180603 0.202961 0.327116
v 0.167080 0.210696 0.327116
v 0.178616 0.221166 0.327116
v 0.185009 0.206960 0.327116
v 0.169522 0.205270 0.327116
v 0.194810 0.213743 0.327116
v 0.189594 0.223983 0.327116
v 0.172550 0.192645 0.327116
v 0.184722 0.194248 0.327116
v 0.157898 0.209764 0.327116
v 0.192856 0.202471 0.327116
v 0.162389 0.198608 0.327116
v 0.172550 0.192645 0.028567
v 0.184722 0.194248 0.028567
v 0.157898 0.209764 0.028567
v 0.189594 0.223983 0.028567
v 0.192856 0.202471 0.028567
v 0.162389 0.198608 0.028567
v 0.194810 0.213743 0.028567
v 0.168246 0.216544 0.028567
v 0.167025 0.210684 0.028567
v 0.183827 0.218245 0.028567
v 0.178630 0.221217 0.028567
v 0.180629 0.202902 0.028567
v 0.185062 0.206925 0.028567
v 0.169482 0.205225 0.028567
v 0.172679 0.220568 0.028567
v 0.186283 0.212786 0.028567
v 0.174678 0.202252 0.028567
v 0.180629 0.202902 -0.025902
v 0.185062 0.206925 -0.025902
v 0.167025 0.210684 -0.025902
v 0.169482 0.205225 -0.025902
v 0.178630 0.221217 -0.025902
v 0.172679 0.220568 -0.025902
v 0.186283 0.212786 -0.025902
v 0.174678 0.202252 -0.025902
v 0.168246 0.216544 -0.025902
v 0.183827 0.218245 -0.025902
v 0.162899 0.210233 -0.025902
v 0.166408 0.202435 -0.025902
v 0.179477 0.225280 -0.025902
v 0.170976 0.224353 -0.025902
v 0.188665 0.204864 -0.025902
v 0.190409 0.213236 -0.025902
v 0.173831 0.198189 -0.025902
v 0.164644 0.218605 -0.025902
v 0.186900 0.221034 -0.025902
v 0.182333 0.199117 -0.025902
v 0.179477 0.225280 -0.029339
v 0.170976 0.224353 -0.029339
v 0.188665 0.204864 -0.029339
v 0.190409 0.213236 -0.029339
v 0.166408 0.202435 -0.029339
v 0.173831 0.198189 -0.029339
v 0.164644 0.218605 -0.029339
v 0.186900 0.221034 -0.029339
v 0.182333 0.199117 -0.029339
v 0.162899 0.210233 -0.029339
v 0.183356 0.217939 -0.029339
v 0.178160 0.220911 -0.029339
v 0.185380 0.212898 -0.029339
v 0.184474 0.207350 -0.029339
v 0.180374 0.203333 -0.029339
v 0.174678 0.202252 -0.029339
v 0.169188 0.205029 -0.029339
v 0.166517 0.210684 -0.029339
v 0.167776 0.216760 -0.029339
v 0.172679 0.220568 -0.029339
v 0.169188 0.205029 -0.095558
v 0.174678 0.202252 -0.095558
v 0.172679 0.220568 -0.095558
v 0.167776 0.216760 -0.095558
v 0.185380 0.212898 -0.095558
v 0.183356 0.217939 -0.095558
v 0.180374 0.203333 -0.095558
v 0.166517 0.210684 -0.095558
v 0.178160 0.220911 -0.095558
v 0.184474 0.207350 -0.095558
v -0.035294 0.341572 1.197096
v 0.142559 0.352790 1.733850
v 0.230437 0.347670 1.703353
v 0.028109 0.341572 1.171930
v 0.093140 0.218371 1.145436
v 0.301348 0.210784 1.678706
v 0.274951 0.182875 1.687857
v 0.065655 0.187793 1.156634
v -0.093587 0.189190 1.222263
v 0.073659 0.176624 1.757707
v 0.041064 0.210784 1.769028
v -0.121072 0.218371 1.233460
v 0.274965 0.337407 1.687898
v 0.065655 0.332489 1.156634
v -0.121072 0.301911 1.233460
v 0.041073 0.309498 1.769054
v 0.074656 0.343826 1.757410
v -0.093587 0.330868 1.222263
v 0.103200 0.260141 1.141338
v 0.313284 0.260141 1.674578
v -0.035294 0.178481 1.197096
v 0.142542 0.167492 1.733801
v -0.131133 0.260141 1.237559
v 0.029137 0.260141 1.773181
v 0.093140 0.301911 1.145436
v 0.301357 0.309498 1.678732
v 0.230421 0.172612 1.703307
v 0.028109 0.178481 1.171930
v 0.230876 0.196795 1.703156
v 0.260617 0.205230 1.692838
v 0.171402 0.259762 1.723813
v 0.179373 0.291246 1.721056
v 0.282390 0.228278 1.685289
v 0.201147 0.314293 1.713507
v 0.230888 0.322729 1.703189
v 0.201137 0.205231 1.713479
v 0.179367 0.228278 1.721040
v 0.300657 0.205230 1.796533
v 0.271021 0.196795 1.807150
v 0.260627 0.314293 1.692867
v 0.282396 0.291245 1.685306
v 0.290362 0.259761 1.682532
v 0.300667 0.314293 1.796561
v 0.322359 0.291245 1.788782
v 0.330297 0.259761 1.785928
v 0.219701 0.291246 1.825567
v 0.241397 0.314293 1.817799
v 0.241387 0.205231 1.817771
v 0.219695 0.228278 1.825551
v 0.322353 0.228278 1.788765
v 0.271033 0.322729 1.807183
v 0.211757 0.259762 1.828404
v 0.305960 0.195470 1.794630
v 0.271020 0.185525 1.807147
v 0.271034 0.333999 1.807186
v 0.305972 0.324053 1.794663
v 0.331546 0.296880 1.785491
v 0.201149 0.259762 1.832205
v 0.210515 0.296881 1.828861
v 0.210508 0.222644 1.828841
v 0.236082 0.195471 1.819669
v 0.340905 0.259761 1.782127
v 0.331539 0.222643 1.785472
v 0.236094 0.324053 1.819703
v 0.218492 0.298284 1.861159
v 0.245039 0.326484 1.851655
v 0.344093 0.221240 1.816130
v 0.317546 0.193040 1.825634
v 0.281285 0.182718 1.838624
v 0.245027 0.193040 1.851620
v 0.218485 0.221240 1.861139
v 0.281300 0.336806 1.838664
v 0.317559 0.326484 1.825669
v 0.344100 0.298283 1.816150
v 0.353812 0.259761 1.812658
v 0.208773 0.259762 1.864630
v 0.352625 0.298283 1.834596
v 0.362337 0.259761 1.831105
v 0.227017 0.298284 1.879605
v 0.253563 0.326484 1.870101
v 0.352617 0.221240 1.834576
v 0.326071 0.193040 1.844080
v 0.289810 0.182718 1.857070
v 0.253551 0.193040 1.870066
v 0.227009 0.221240 1.879585
v 0.289824 0.336806 1.857111
v 0.326083 0.326484 1.844115
v 0.217297 0.259762 1.883077
v 0.142894 0.024300 -0.118161
v 0.142894 0.014468 -0.108328
v -0.150006 0.014468 -0.108328
v -0.150006 0.024300 -0.118161
v 0.142894 0.037732 -0.068033
v 0.142894 0.051164 -0.071632
v -0.150006 0.051164 -0.071632
v -0.150006 0.037732 -0.068033
v 0.142894 0.014468 -0.081464
v 0.142894 0.024300 -0.071632
v -0.150006 0.024300 -0.071632
v -0.150006 0.014468 -0.081464
v 0.142894 0.064596 -0.094896
v 0.142894 0.060997 -0.108328
v -0.150006 0.060997 -0.108328
v -0.150006 0.064596 -0.094896
v 0.142894 0.037732 -0.121760
v -0.150006 0.037732 -0.121760
v 0.142894 0.010869 -0.094896
v -0.150006 0.010869 -0.094896
v 0.142894 0.060997 -0.081464
v -0.150006 0.060997 -0.081464
v 0.142894 0.051164 -0.118161
v -0.150006 0.051164 -0.118161
v 0.142894 0.013896 -0.136182
v 0.142894 -0.003554 -0.118733
v 0.142894 0.037732 -0.052123
v 0.142894 0.061569 -0.053858
v 0.142894 -0.003554 -0.071060
v 0.142894 0.013896 -0.053858
v 0.142894 0.085405 -0.094896
v 0.142894 0.079018 -0.118733
v 0.142894 0.037732 -0.142569
v 0.142894 -0.009941 -0.094896
v 0.142894 0.079018 -0.071060
v 0.142894 0.061569 -0.136182
v 0.152318 -0.008463 -0.094896
v 0.152318 -0.002274 -0.071799
v 0.152318 0.077738 -0.071799
v 0.152318 0.083927 -0.094896
v 0.152318 0.060830 -0.134902
v 0.152318 0.037732 -0.141091
v 0.152318 -0.002274 -0.117994
v 0.152318 0.060830 -0.055138
v 0.152318 0.014635 -0.055138
v 0.152318 0.037732 -0.053403
v 0.152318 0.077738 -0.117994
v 0.152318 0.014635 -0.134902
v 0.159385 0.037732 -0.129012
v 0.159385 0.020675 -0.124441
v 0.159385 0.003617 -0.094896
v 0.159385 0.008188 -0.077839
v 0.159385 0.067277 -0.077839
v 0.159385 0.071848 -0.094896
v 0.159385 0.054790 -0.124441
v 0.159385 0.008188 -0.111954
v 0.159385 0.054790 -0.065352
v 0.159385 0.020675 -0.065352
v 0.159385 0.037732 -0.060781
v 0.159385 0.067277 -0.111954
v 0.163698 0.037732 -0.109627
v 0.163698 0.030367 -0.107654
v 0.163698 0.023001 -0.094896
v 0.163698 0.024975 -0.087531
v 0.163698 0.050490 -0.087531
v 0.163698 0.052463 -0.094896
v 0.163698 0.045098 -0.107654
v 0.163698 0.024975 -0.102262
v 0.163698 0.045098 -0.082139
v 0.163698 0.030367 -0.082139
v 0.163698 0.037732 -0.080165
v 0.163698 0.050490 -0.102262
v 0.142591 0.057474 1.608492
v 0.142591 0.033766 1.616195
v 0.150566 0.033766 1.600299
v 0.150566 0.048130 1.595632
v 0.142591 -0.004594 1.588325
v 0.142591 -0.004594 1.563397
v 0.150566 0.010524 1.568309
v 0.150566 0.010524 1.583412
v 0.142591 0.033766 1.535527
v 0.142591 0.057474 1.543229
v 0.150566 0.048130 1.556090
v 0.150566 0.033766 1.551422
v 0.142591 0.072126 1.588325
v 0.150566 0.057008 1.583412
v 0.142591 0.010058 1.608492
v 0.150566 0.019402 1.595632
v 0.142591 0.010058 1.543229
v 0.150566 0.019402 1.556090
v 0.142591 0.072126 1.563397
v 0.150566 0.057008 1.568309
v 0.136253 0.060934 1.538467
v 0.136253 0.077725 1.561577
v 0.136253 -0.010193 1.561577
v 0.136253 0.006598 1.538467
v 0.136253 0.033766 1.622082
v 0.136253 0.006598 1.613255
v 0.136253 0.077725 1.590144
v 0.136253 0.033766 1.529639
v 0.136253 -0.010193 1.590144
v 0.136253 0.060934 1.613255
v 0.125594 0.006598 1.613255
v 0.125594 -0.010193 1.590144
v 0.125594 0.006598 1.538467
v 0.125594 0.033766 1.529639
v 0.125594 0.060934 1.538467
v 0.125594 0.077725 1.561577
v 0.125594 0.033766 1.622082
v 0.125594 -0.010193 1.561577
v 0.125594 0.077725 1.590144
v 0.125594 0.060934 1.613255
v 0.126993 -0.128413 1.395918
v 0.126993 -0.137272 1.368653
v 0.142196 -0.137272 1.368653
v 0.142196 -0.128413 1.395918
v 0.126993 -0.105220 1.324536
v 0.126993 -0.076552 1.324536
v 0.142196 -0.076552 1.324536
v 0.142196 -0.105220 1.324536
v 0.126993 -0.044499 1.368653
v 0.126993 -0.053358 1.395918
v 0.142196 -0.053358 1.395918
v 0.142196 -0.044499 1.368653
v 0.126993 -0.105220 1.412769
v 0.142196 -0.105220 1.412769
v 0.126993 -0.128413 1.341387
v 0.142196 -0.128413 1.341387
v 0.126993 -0.053358 1.341387
v 0.142196 -0.053358 1.341387
v 0.126993 -0.076552 1.412769
v 0.142196 -0.076552 1.412769
v 0.158230 -0.167021 0.758936
v 0.158230 -0.147185 0.764251
v 0.112395 -0.147185 0.764251
v 0.112395 -0.167021 0.758936
v 0.158230 -0.181542 0.744415
v 0.112395 -0.181542 0.744415
v 0.158230 -0.186857 0.724579
v 0.112395 -0.186857 0.724579
v 0.158230 -0.083160 0.684907
v 0.158230 -0.147185 0.684907
v 0.112395 -0.147185 0.684907
v 0.112395 -0.083160 0.684907
v 0.158230 -0.048803 0.744415
v 0.158230 -0.043488 0.724579
v 0.112395 -0.043488 0.724579
v 0.112395 -0.048803 0.744415
v 0.158230 -0.181542 0.704743
v 0.112395 -0.181542 0.704743
v 0.158230 -0.083160 0.764251
v 0.112395 -0.083160 0.764251
v 0.158230 -0.063324 0.758936
v 0.112395 -0.063324 0.758936
v 0.158230 -0.167021 0.690222
v 0.112395 -0.167021 0.690222
v 0.158230 -0.063324 0.690222
v 0.112395 -0.063324 0.690222
v 0.158230 -0.048803 0.704743
v 0.112395 -0.048803 0.704743
v -0.024180 0.494307 1.542574
v 0.000000 0.516527 1.553419
v 0.061873 0.516527 1.553419
v 0.061873 0.494307 1.542574
v 0.130312 0.532880 1.827845
v 0.130312 0.516527 1.827845
v 0.148575 0.516527 1.823183
v 0.148575 0.532880 1.823183
v 0.000000 0.442718 1.722780
v 0.074612 0.442718 1.722780
v 0.074612 0.442718 1.828543
v 0.000000 0.442718 1.828543
v 0.074612 0.494307 1.828543
v 0.074612 0.516527 1.828543
v 0.000000 0.516527 1.828543
v -0.024180 0.494307 1.828543
v 0.038452 0.532880 1.767800
v 0.038452 0.516527 1.767800
v 0.000000 0.516527 1.772396
v 0.000000 0.532880 1.772396
v 0.074612 0.532880 1.828543
v 0.000000 0.532880 1.828543
v 0.130312 0.442718 1.827845
v 0.130312 0.442718 1.767728
v 0.148575 0.442718 1.776073
v 0.148575 0.442718 1.823183
v 0.000000 0.442718 1.635930
v 0.063133 0.442718 1.635930
v 0.063133 0.494307 1.635930
v 0.063133 0.516527 1.635930
v 0.074612 0.516527 1.722780
v 0.074612 0.494307 1.722780
v 0.160835 0.442718 1.789816
v 0.160835 0.442718 1.806342
v 0.148575 0.494307 1.776073
v 0.148575 0.516527 1.776073
v 0.160835 0.516527 1.789816
v 0.160835 0.494307 1.789816
v 0.130312 0.464212 1.827845
v 0.148575 0.464212 1.823183
v 0.130312 0.516527 1.767728
v 0.130312 0.532880 1.767728
v 0.148575 0.532880 1.776073
v 0.130312 0.494307 1.767728
v 0.102462 0.494307 1.759223
v 0.102462 0.516527 1.759223
v 0.102462 0.532880 1.759223
v 0.102462 0.532880 1.828194
v 0.102462 0.464212 1.828194
v 0.102462 0.442718 1.828194
v 0.102462 0.442718 1.759223
v 0.102462 0.516527 1.828194
v 0.160835 0.516527 1.806342
v 0.160835 0.494307 1.806342
v 0.160835 0.532880 1.789816
v 0.160835 0.532880 1.806342
v 0.160835 0.464212 1.806342
v 0.088537 0.532880 1.828368
v 0.088537 0.516527 1.828368
v 0.088537 0.442718 1.828368
v 0.088537 0.442718 1.748411
v 0.088537 0.464212 1.828368
v 0.080959 0.532880 1.751947
v 0.080959 0.516527 1.751947
v 0.070451 0.516527 1.751947
v 0.070451 0.532880 1.751947
v 0.088537 0.494307 1.748411
v 0.088537 0.516527 1.748411
v 0.074612 0.464212 1.828543
v 0.000000 0.516527 1.635930
v 0.000000 0.516527 1.722780
v 0.088537 0.494307 1.828368
v 0.074612 0.464212 1.722780
v 0.088537 0.464212 1.748411
v 0.102462 0.464212 1.759223
v 0.102462 0.494307 1.828194
v 0.148575 0.494307 1.823183
v 0.160835 0.464212 1.789816
v 0.130312 0.494307 1.827845
v 0.130312 0.464212 1.767728
v 0.148575 0.464212 1.776073
v 0.063133 0.464212 1.635930
v -0.024180 0.464212 1.828543
v 0.000000 0.442718 1.553419
v -0.024180 0.464212 1.542574
v 0.061873 0.464212 1.542574
v 0.061873 0.442718 1.553419
v -0.061873 0.494307 1.542574
v -0.061873 0.516527 1.553419
v -0.130312 0.532880 1.827845
v -0.148575 0.532880 1.823183
v -0.148575 0.516527 1.823183
v -0.130312 0.516527 1.827845
v -0.074612 0.442718 1.828543
v -0.074612 0.442718 1.722780
v -0.074612 0.494307 1.828543
v -0.074612 0.516527 1.828543
v -0.038452 0.532880 1.767800
v -0.038452 0.516527 1.767800
v -0.074612 0.532880 1.828543
v -0.130312 0.442718 1.827845
v -0.148575 0.442718 1.823183
v -0.148575 0.442718 1.776073
v -0.130312 0.442718 1.767728
v -0.063133 0.442718 1.635930
v -0.063133 0.494307 1.635930
v -0.074612 0.494307 1.722780
v -0.074612 0.516527 1.722780
v -0.063133 0.516527 1.635930
v -0.160835 0.442718 1.806342
v -0.160835 0.442718 1.789816
v -0.148575 0.494307 1.776073
v -0.160835 0.494307 1.789816
v -0.160835 0.516527 1.789816
v -0.148575 0.516527 1.776073
v -0.130312 0.464212 1.827845
v -0.148575 0.464212 1.823183
v -0.130312 0.516527 1.767728
v -0.148575 0.532880 1.776073
v -0.130312 0.532880 1.767728
v -0.130312 0.494307 1.767728
v -0.102462 0.494307 1.759223
v -0.102462 0.516527 1.759223
v -0.102462 0.532880 1.759223
v -0.102462 0.532880 1.828194
v -0.102462 0.464212 1.828194
v -0.102462 0.442718 1.828194
v -0.102462 0.442718 1.759223
v -0.102462 0.516527 1.828194
v -0.160835 0.494307 1.806342
v -0.160835 0.516527 1.806342
v -0.160835 0.532880 1.806342
v -0.160835 0.532880 1.789816
v -0.160835 0.464212 1.806342
v -0.088537 0.532880 1.828368
v -0.088537 0.516527 1.828368
v -0.088537 0.442718 1.828368
v -0.088537 0.442718 1.748411
v -0.088537 0.464212 1.828368
v -0.080959 0.532880 1.751947
v -0.070451 0.532880 1.751947
v -0.070451 0.516527 1.751947
v -0.080959 0.516527 1.751947
v -0.088537 0.494307 1.748411
v -0.088537 0.516527 1.748411
v -0.074612 0.464212 1.828543
v -0.088537 0.464212 1.748411
v -0.074612 0.464212 1.722780
v -0.102462 0.464212 1.759223
v -0.160835 0.464212 1.789816
v -0.061873 0.442718 1.553419
v -0.063133 0.464212 1.635930
v -0.061873 0.464212 1.542574
v -0.130312 0.464212 1.767728
v -0.148575 0.464212 1.776073
v -0.148575 0.494307 1.823183
v -0.130312 0.494307 1.827845
v -0.102462 0.494307 1.828194
v -0.088537 0.494307 1.828368
v -0.119452 -0.136706 1.355122
v -0.119452 -0.148017 1.389932
v -0.138861 -0.148017 1.389932
v -0.138861 -0.136706 1.355122
v -0.119452 -0.107094 1.446257
v -0.119452 -0.070492 1.446257
v -0.138861 -0.070492 1.446257
v -0.138861 -0.107094 1.446257
v -0.119452 -0.029570 1.389932
v -0.119452 -0.040880 1.355122
v -0.138861 -0.040880 1.355122
v -0.138861 -0.029570 1.389932
v -0.119452 -0.107094 1.333607
v -0.138861 -0.107094 1.333607
v -0.119452 -0.136706 1.424743
v -0.138861 -0.136706 1.424743
v -0.119452 -0.040880 1.424743
v -0.138861 -0.040880 1.424743
v -0.138861 -0.070492 1.333607
v -0.138861 -0.086756 1.305979
v -0.138861 -0.090831 1.305979
v -0.119452 -0.070492 1.333607
v -0.119452 -0.086756 1.305979
v -0.119452 -0.090831 1.305979
v -0.142813 -0.065072 1.433715
v -0.142813 -0.075572 1.422756
v -0.154317 -0.079369 1.437682
v -0.154317 -0.071649 1.446935
v -0.142813 -0.089916 1.618431
v -0.142813 -0.075572 1.614419
v -0.154317 -0.079369 1.599493
v -0.154317 -0.089916 1.602879
v -0.142813 -0.061228 1.448686
v -0.154317 -0.068823 1.459574
v -0.142813 -0.065072 1.603460
v -0.154317 -0.071649 1.590240
v -0.154317 -0.068823 1.577601
v -0.142813 -0.061228 1.588489
v -0.142813 -0.118603 1.588489
v -0.154317 -0.111008 1.577601
v -0.154317 -0.111008 1.459574
v -0.142813 -0.118603 1.448686
v -0.142813 -0.114760 1.433715
v -0.154317 -0.108182 1.446935
v -0.142813 -0.104259 1.422756
v -0.154317 -0.100462 1.437682
v -0.142813 -0.114759 1.603460
v -0.154317 -0.108182 1.590240
v -0.142813 -0.089916 1.418744
v -0.154317 -0.089916 1.434296
v -0.142813 -0.104259 1.614419
v -0.154317 -0.100462 1.599493
v -0.138135 -0.104790 1.613803
v -0.138135 -0.089916 1.617789
v -0.138135 -0.075041 1.423371
v -0.138135 -0.089916 1.419386
v -0.138135 -0.115679 1.602914
v -0.138135 -0.104790 1.423371
v -0.138135 -0.119665 1.588040
v -0.138135 -0.115679 1.434260
v -0.138135 -0.119665 1.449135
v -0.138135 -0.064152 1.602914
v -0.138135 -0.060166 1.588040
v -0.138135 -0.060166 1.449135
v -0.138135 -0.075041 1.613804
v -0.138135 -0.064152 1.434260
v -0.154967 0.116223 0.670902
v -0.154967 0.136058 0.665268
v -0.143250 0.136058 0.665268
v -0.143250 0.116223 0.670902
v -0.154967 0.101702 0.686293
v -0.143250 0.101702 0.686293
v -0.142846 0.042720 0.728343
v -0.153509 0.042720 0.728343
v -0.147644 -0.016262 0.728343
v -0.138186 -0.016262 0.728343
v -0.154967 0.196229 0.749368
v -0.154967 0.136058 0.749368
v -0.143250 0.136058 0.749368
v -0.143250 0.196229 0.749368
v -0.154967 0.230585 0.686293
v -0.154967 0.235900 0.707318
v -0.143250 0.235900 0.707318
v -0.143250 0.230585 0.686293
v -0.143250 0.101702 0.728343
v -0.154967 0.101702 0.728343
v -0.154967 0.196229 0.665268
v -0.143250 0.196229 0.665268
v -0.154967 0.216065 0.670902
v -0.143250 0.216065 0.670902
v -0.154967 0.116223 0.743734
v -0.143250 0.116223 0.743734
v -0.154967 0.216065 0.743734
v -0.143250 0.216065 0.743734
v -0.154967 0.230585 0.728343
v -0.143250 0.230585 0.728343
v -0.154967 0.096387 0.707318
v -0.153509 0.042720 0.686293
v -0.142846 0.042720 0.686293
v -0.138186 -0.016262 0.686293
v -0.147644 -0.016262 0.686293
v -0.151834 -0.035696 0.698928
v -0.151834 -0.035696 0.715708
v -0.151834 -0.052180 0.698928
v -0.151834 -0.052180 0.715708
v -0.147644 -0.065011 0.694694
v -0.147644 -0.065011 0.719942
v -0.138604 -0.065011 0.694694
v -0.138604 -0.065011 0.719942
v -0.147644 -0.054037 0.726265
v -0.147644 -0.054037 0.688371
v -0.138604 -0.054037 0.726265
v -0.138604 -0.054037 0.688371
v 0.142794 0.094215 -0.148026
v 0.142794 0.002487 -0.148026
v 0.124576 0.002487 -0.148026
v 0.124576 0.094215 -0.148026
v 0.142794 -0.070264 -0.024514
v 0.124576 -0.070264 -0.024514
v 0.142794 -0.264572 0.653190
v 0.000000 -0.264572 0.653190
v 0.000000 -0.535581 0.653190
v 0.142794 -0.535581 0.653190
v 0.124576 0.094215 -0.024514
v 0.142794 -0.264572 0.769886
v 0.000000 -0.264572 0.769886
v 0.154327 -0.409035 -0.038587
v 0.154327 -0.543161 0.668202
v 0.162858 -0.548759 0.679287
v 0.162858 -0.412442 -0.048977
v 0.000000 -0.582227 0.667201
v 0.000000 -0.452770 -0.038176
v 0.151290 -0.452894 -0.038199
v 0.151290 -0.582351 0.667178
v 0.000000 -0.543161 0.668202
v 0.000000 -0.548759 0.679287
v 0.161370 -0.569557 0.680400
v 0.000000 -0.569494 0.680411
v 0.161370 -0.431486 -0.051573
v 0.000000 -0.431423 -0.051561
v 0.000000 -0.409035 -0.038587
v 0.000000 -0.412442 -0.048977
v 0.130337 -0.246453 1.310650
v 0.130337 -0.246453 1.110319
v 0.130337 0.094215 1.571263
v 0.000000 -0.246453 0.801197
v 0.130337 -0.246453 0.801197
v 0.000000 -0.246453 1.110319
v 0.130337 0.094215 0.801197
v 0.130337 -0.246453 1.571263
v 0.000000 -0.270879 1.279079
v 0.130337 -0.270879 1.279079
v 0.000000 -0.246453 1.310650
v 0.142794 -0.246453 0.801197
v 0.142794 0.094215 0.801197
v 0.130337 -0.270879 1.140824
v 0.000000 -0.270879 1.140824
v 0.051569 -0.246453 1.626006
v 0.051569 -0.167224 1.656467
v 0.000000 -0.172571 1.664610
v 0.000000 -0.246453 1.635747
v 0.097852 -0.246453 1.600680
v 0.097852 -0.153322 1.635299
v 0.130337 -0.137174 1.610710
v 0.051569 -0.113427 1.706470
v 0.000000 -0.121044 1.712542
v 0.097852 -0.093623 1.690684
v 0.130337 -0.070620 1.672348
v 0.051569 -0.086375 1.776358
v 0.000000 -0.095713 1.779132
v 0.097852 -0.062098 1.769147
v 0.127824 -0.033899 1.760770
v 0.051569 -0.086375 1.906804
v 0.000000 -0.095713 1.906804
v 0.097852 -0.062098 1.906804
v 0.126245 -0.033899 1.906804
v 0.130337 -0.015353 1.760770
v 0.130337 -0.015353 1.906804
v 0.000000 0.094215 1.571263
v 0.000000 0.094215 1.621483
v 0.130337 0.094215 1.621483
v 0.134590 0.115752 1.664524
v 0.000000 0.115752 1.664524
v 0.000000 0.143480 1.707361
v 0.138843 0.143480 1.707361
v 0.000000 0.173736 1.738771
v 0.149266 0.173736 1.738771
v 0.000000 0.208987 1.750983
v 0.161688 0.208987 1.750983
v 0.137396 0.348967 1.750983
v 0.000000 0.345993 1.750983
v 0.000000 0.385887 1.750983
v 0.098658 0.385887 1.750983
v 0.165396 0.241289 1.750983
v 0.000000 0.241289 1.750983
v 0.000000 0.273590 1.750983
v 0.163246 0.273590 1.750983
v 0.156494 0.309791 1.750983
v 0.000000 0.309791 1.750983
v 0.066673 0.402949 1.750983
v 0.000000 0.401462 1.750983
v 0.000000 0.417036 1.750983
v 0.026268 0.414954 1.750983
v 0.098658 0.385887 1.772087
v 0.137805 0.348967 1.772087
v 0.066673 0.402949 1.772087
v 0.156783 0.309791 1.772087
v 0.165170 0.273590 1.772087
v 0.138843 0.128756 1.715228
v 0.134590 0.100420 1.670841
v 0.164963 0.237615 1.770882
v 0.158898 0.201640 1.769677
v 0.149266 0.162641 1.751754
v 0.026268 0.414954 1.772087
v 0.000000 0.417036 1.772087
v 0.180270 0.273590 1.772087
v 0.180889 0.237615 1.770882
v 0.107087 0.395929 1.772087
v 0.147999 0.354820 1.772087
v 0.174927 0.200297 1.769677
v 0.165709 0.162124 1.751754
v 0.157557 0.127723 1.715228
v 0.153521 0.100627 1.670841
v 0.169644 0.314009 1.772087
v 0.073097 0.415591 1.772087
v 0.000000 0.430143 1.772087
v 0.033707 0.427287 1.772087
v 0.149909 0.077100 1.621996
v 0.130337 0.076893 1.621996
v 0.140123 0.035155 1.630185
v 0.130337 0.035155 1.630185
v 0.149909 0.077960 1.863256
v 0.140123 0.035155 1.863256
v 0.132294 -0.007388 1.863256
v 0.132294 -0.007388 1.623184
v 0.142958 0.077960 1.863256
v 0.130337 -0.009150 1.621996
v 0.130337 -0.009150 1.863256
v 0.142958 0.077960 1.906804
v 0.130337 -0.009150 1.906804
v 0.033707 0.427287 1.863256
v 0.073097 0.415591 1.863256
v 0.107087 0.395929 1.863256
v 0.147999 0.354820 1.863256
v 0.174927 0.200297 1.863256
v 0.165709 0.162124 1.863256
v 0.157557 0.127723 1.863256
v 0.153521 0.100627 1.863256
v 0.169644 0.314009 1.863256
v 0.180889 0.237615 1.863256
v 0.180270 0.273590 1.863256
v 0.000000 0.430143 1.863256
v 0.104227 0.392902 1.863256
v 0.144306 0.352571 1.863256
v 0.169254 0.200519 1.863256
v 0.159365 0.163228 1.863256
v 0.150467 0.128390 1.863256
v 0.146078 0.100943 1.863256
v 0.165332 0.312030 1.863256
v 0.174991 0.237337 1.863256
v 0.174212 0.272068 1.863256
v 0.071311 0.411376 1.863256
v 0.000000 0.425084 1.863256
v 0.032796 0.422831 1.863256
v 0.032796 0.422831 1.906804
v 0.071311 0.411376 1.906804
v 0.104227 0.392902 1.906804
v 0.144306 0.352571 1.906804
v 0.169254 0.200519 1.906804
v 0.159365 0.163228 1.906804
v 0.150467 0.128390 1.906804
v 0.146078 0.100943 1.906804
v 0.165332 0.312030 1.906804
v 0.174991 0.237337 1.906804
v 0.174212 0.272068 1.906804
v 0.000000 0.425084 1.906804
v 0.142794 0.094215 -0.024514
v 0.000000 0.094215 -0.024514
v 0.000000 -0.404421 -0.024514
v 0.142794 -0.404421 -0.024514
v -0.137888 0.094215 -0.148026
v -0.119693 0.094215 -0.148026
v -0.119693 0.002487 -0.148026
v -0.137888 0.002487 -0.148026
v -0.137888 -0.070264 -0.024514
v -0.119693 -0.070264 -0.024514
v -0.137888 -0.264572 0.653190
v -0.137888 -0.535581 0.653190
v -0.132007 -0.264572 0.653190
v -0.119693 0.094215 -0.024514
v -0.146407 -0.582351 0.667178
v -0.146407 -0.452894 -0.038199
v -0.148361 -0.543161 0.668202
v -0.156093 -0.548759 0.679287
v -0.154604 -0.569557 0.680400
v -0.154604 -0.431486 -0.051573
v -0.156093 -0.412442 -0.048977
v -0.148361 -0.409035 -0.038587
v -0.130337 -0.246453 1.310650
v -0.130337 0.094215 1.571263
v -0.130337 -0.246453 1.110319
v -0.132007 -0.246453 0.801197
v -0.132007 -0.183102 0.784880
v -0.132007 -0.141364 0.801686
v -0.130337 -0.246453 1.571263
v -0.130337 -0.270879 1.279079
v -0.130337 -0.270879 1.140824
v -0.051569 -0.246453 1.626006
v -0.051569 -0.167224 1.656467
v -0.097852 -0.246453 1.600680
v -0.097852 -0.153322 1.635299
v -0.130337 -0.137174 1.610710
v -0.051569 -0.113427 1.706470
v -0.097852 -0.093623 1.690684
v -0.130337 -0.070620 1.672348
v -0.051569 -0.086375 1.776358
v -0.097852 -0.062098 1.769147
v -0.127824 -0.033899 1.760770
v -0.051569 -0.086375 1.906804
v -0.097852 -0.062098 1.906804
v -0.126245 -0.033899 1.906804
v -0.130337 -0.015353 1.906804
v -0.130337 -0.015353 1.760770
v -0.130337 0.094215 1.621483
v -0.134590 0.115752 1.664524
v -0.138843 0.143480 1.707361
v -0.149266 0.173736 1.738771
v -0.161688 0.208987 1.750983
v -0.137396 0.348967 1.750983
v -0.098658 0.385887 1.750983
v -0.165396 0.241289 1.750983
v -0.163246 0.273590 1.750983
v -0.156494 0.309791 1.750983
v -0.066673 0.402949 1.750983
v -0.026268 0.414954 1.750983
v -0.137805 0.348967 1.772087
v -0.098658 0.385887 1.772087
v -0.066673 0.402949 1.772087
v -0.165170 0.273590 1.772087
v -0.156783 0.309791 1.772087
v -0.134590 0.100420 1.670841
v -0.138843 0.128756 1.715228
v -0.164963 0.237615 1.770882
v -0.149266 0.162641 1.751754
v -0.158898 0.201640 1.769677
v -0.026268 0.414954 1.772087
v -0.180889 0.237615 1.770882
v -0.180270 0.273590 1.772087
v -0.147999 0.354820 1.772087
v -0.107087 0.395929 1.772087
v -0.165709 0.162124 1.751754
v -0.174927 0.200297 1.769677
v -0.153521 0.100627 1.670841
v -0.157557 0.127723 1.715228
v -0.169644 0.314009 1.772087
v -0.073097 0.415591 1.772087
v -0.033707 0.427287 1.772087
v -0.130337 0.076893 1.621996
v -0.149909 0.077100 1.621996
v -0.130337 0.035155 1.630185
v -0.140123 0.035155 1.630185
v -0.140123 0.035155 1.863256
v -0.149909 0.077960 1.863256
v -0.132294 -0.007388 1.623184
v -0.132294 -0.007388 1.863256
v -0.142958 0.077960 1.863256
v -0.130337 -0.009150 1.621996
v -0.130337 -0.009150 1.863256
v -0.130337 -0.009150 1.906804
v -0.142958 0.077960 1.906804
v -0.073097 0.415591 1.863256
v -0.033707 0.427287 1.863256
v -0.147999 0.354820 1.863256
v -0.107087 0.395929 1.863256
v -0.165709 0.162124 1.863256
v -0.174927 0.200297 1.863256
v -0.153521 0.100627 1.863256
v -0.157557 0.127723 1.863256
v -0.169644 0.314009 1.863256
v -0.180889 0.237615 1.863256
v -0.180270 0.273590 1.863256
v -0.144306 0.352571 1.863256
v -0.104227 0.392902 1.863256
v -0.159365 0.163228 1.863256
v -0.169254 0.200519 1.863256
v -0.146078 0.100943 1.863256
v -0.150467 0.128390 1.863256
v -0.165332 0.312030 1.863256
v -0.174991 0.237337 1.863256
v -0.174212 0.272068 1.863256
v -0.071311 0.411376 1.863256
v -0.032796 0.422831 1.863256
v -0.071311 0.411376 1.906804
v -0.032796 0.422831 1.906804
v -0.144306 0.352571 1.906804
v -0.104227 0.392902 1.906804
v -0.159365 0.163228 1.906804
v -0.169254 0.200519 1.906804
v -0.146078 0.100943 1.906804
v -0.150467 0.128390 1.906804
v -0.165332 0.312030 1.906804
v -0.174991 0.237337 1.906804
v -0.174212 0.272068 1.906804
v -0.137888 0.094215 -0.024514
v -0.137888 -0.404421 -0.024514
v -0.132007 0.094215 0.801503
v -0.132007 -0.238583 0.671034
v -0.137888 -0.238583 0.671034
v -0.132007 -0.220316 0.703872
v -0.137888 -0.220316 0.703872
v -0.132007 -0.208751 0.753525
v -0.137888 -0.208751 0.753525
v -0.137888 -0.183102 0.784880
v -0.137888 -0.141364 0.801686
v -0.137888 0.094215 0.801503
v -0.132007 -0.264572 0.769886
v -0.137888 -0.473202 0.358614
v -0.146744 -0.482753 0.358614
v -0.146744 0.094215 0.358614
v -0.137888 0.094215 0.358614
v -0.146744 -0.153966 0.530419
v -0.146744 -0.515386 0.530419
v -0.137888 -0.505835 0.530419
v -0.137888 -0.153966 0.530419
v -0.146744 0.094215 0.530419
v -0.137888 0.094215 0.530419
v -0.164306 -0.067607 0.482328
v -0.164306 -0.067607 0.401137
v -0.164306 -0.090190 0.384594
v -0.164306 -0.090190 0.501441
v -0.164306 -0.055323 0.459477
v -0.164306 -0.055323 0.426558
v -0.146554 -0.090190 0.510038
v -0.146554 -0.067607 0.493804
v -0.146554 -0.045024 0.459477
v -0.146649 -0.090190 0.375997
v -0.146554 -0.045024 0.426558
v -0.146554 -0.067607 0.389661
v -0.164306 -0.176549 0.402679
v -0.164306 -0.176549 0.483870
v -0.164306 -0.153966 0.500413
v -0.164306 -0.153966 0.383566
v -0.164306 -0.188833 0.425530
v -0.164306 -0.188833 0.458449
v -0.146744 -0.153966 0.374968
v -0.146744 -0.176549 0.391203
v -0.146744 -0.199132 0.425530
v -0.146744 -0.153966 0.509010
v -0.146744 -0.199132 0.458449
v -0.146744 -0.176549 0.495346
v -0.146744 -0.090190 0.530419
v -0.137888 -0.090190 0.530419
v -0.137888 -0.090190 0.375997
v -0.137888 -0.153966 0.374968
v 0.158041 -0.003947 -0.049691
v 0.173152 0.012037 -0.049691
v 0.173152 0.012037 0.568053
v 0.158041 -0.003947 0.552069
v 0.178683 0.032679 0.773624
v 0.173152 0.012037 0.773624
v 0.173152 0.012037 0.609337
v 0.178683 0.032679 0.588695
v 0.178683 -0.232066 0.588695
v 0.173152 -0.220491 0.609337
v 0.173152 -0.220491 0.778528
v 0.178683 -0.232066 0.778528
v 0.158041 0.069305 0.773624
v 0.158041 0.069305 -0.049691
v 0.142794 0.078266 -0.049691
v 0.142794 0.078266 0.773624
v 0.178683 0.032679 -0.049691
v 0.173152 0.053320 -0.049691
v 0.173152 0.053320 0.773624
v 0.172311 0.032679 0.784726
v 0.167830 0.017704 0.784726
v 0.142794 -0.012908 0.773624
v 0.158041 -0.003947 0.773624
v 0.155355 0.007799 0.784726
v 0.142794 0.002892 0.784726
v 0.142794 0.062465 0.784726
v 0.155355 0.057558 0.784726
v 0.167426 0.047817 0.784726
v 0.142794 0.046747 0.792865
v 0.152483 0.043982 0.792865
v 0.157146 0.039049 0.792865
v 0.158853 0.032679 0.792865
v 0.157146 0.026308 0.792865
v 0.152483 0.021376 0.792865
v 0.142794 0.018610 0.792865
v 0.158041 -0.003947 0.625321
v 0.158041 -0.211528 0.625321
v 0.142794 -0.012908 -0.049691
v 0.158041 -0.252604 0.625321
v 0.142794 -0.257629 0.634282
v 0.142794 -0.290559 0.634282
v 0.158041 -0.290559 0.625321
v 0.173152 -0.290559 0.609337
v 0.158170 -0.312290 0.621868
v 0.171856 -0.312290 0.607390
v 0.178683 -0.290559 0.588695
v 0.176866 -0.312290 0.588695
v 0.173152 -0.290559 0.568053
v 0.171856 -0.312290 0.569999
v 0.142794 -0.290559 0.543108
v 0.158041 -0.290559 0.552069
v 0.158170 -0.312290 0.555522
v 0.142794 -0.312290 0.547406
v 0.142794 -0.312290 0.629984
v 0.158454 -0.333479 0.614285
v 0.169011 -0.333479 0.603117
v 0.158454 -0.333479 0.563105
v 0.142794 -0.333479 0.556844
v 0.172876 -0.333479 0.588695
v 0.169011 -0.333479 0.574273
v 0.142794 -0.333479 0.620546
v 0.159018 -0.358922 0.578204
v 0.142794 -0.358922 0.575638
v 0.163346 -0.358922 0.594607
v 0.164930 -0.358922 0.588695
v 0.163346 -0.358922 0.582783
v 0.142794 -0.358922 0.601752
v 0.159018 -0.358922 0.599185
v 0.142794 -0.012908 0.634282
v 0.142794 -0.206503 0.634282
v 0.142794 -0.206503 0.778528
v 0.158041 -0.211528 0.778528
v 0.142794 -0.012908 0.543108
v 0.173152 -0.243640 0.609337
v 0.173152 -0.243640 0.778528
v 0.158041 -0.252604 0.778528
v 0.142794 -0.257629 0.778528
v 0.168292 -0.223649 0.789065
v 0.171653 -0.232066 0.789065
v 0.155467 -0.216414 0.789065
v 0.155158 -0.247793 0.789065
v 0.142794 -0.250654 0.789065
v 0.168292 -0.240482 0.789065
v 0.142794 -0.213477 0.789065
v 0.149476 -0.226430 0.796089
v 0.153622 -0.228890 0.796089
v 0.149476 -0.237701 0.796089
v 0.142794 -0.239080 0.796089
v 0.155139 -0.232066 0.796089
v 0.153622 -0.235242 0.796089
v 0.142794 -0.225052 0.796089
v 0.079825 0.376462 0.850978
v 0.111426 0.387422 0.850978
v 0.078538 0.418036 0.850978
v 0.060321 0.391337 0.850978
v 0.060321 0.391337 1.670085
v 0.079825 0.376462 1.670085
v 0.119418 0.335822 1.670085
v 0.142445 0.280306 1.666487
v 0.142445 0.280306 0.850978
v 0.119418 0.335822 0.850978
v 0.142202 0.224791 1.651683
v 0.132526 0.184151 1.627936
v 0.132526 0.184151 0.850978
v 0.142202 0.224791 0.850978
v 0.060321 0.398235 1.670085
v 0.085005 0.382401 1.670085
v 0.128733 0.342961 1.670085
v 0.154390 0.287020 1.666487
v 0.153837 0.224791 1.651683
v 0.144161 0.184151 1.627936
v 0.128902 0.169276 1.618343
v 0.140537 0.169276 1.618343
v 0.085005 0.382401 1.760182
v 0.128733 0.342961 1.760182
v 0.154390 0.287020 1.760182
v 0.153837 0.224791 1.760182
v 0.144161 0.184151 1.760182
v 0.140537 0.169276 1.760182
v 0.060321 0.398235 1.760182
v 0.129131 0.090323 1.760182
v 0.129131 0.090323 1.503440
v 0.128902 0.090323 1.503440
v 0.128902 0.169276 0.850978
v 0.128902 0.090323 0.850978
v 0.060321 0.451520 0.850978
v 0.188032 0.201174 0.850978
v 0.189704 0.212723 0.850978
v 0.180863 0.189386 0.850978
v 0.164934 0.172182 0.850978
v 0.144748 0.158534 0.850978
v 0.186071 0.229404 0.850978
v 0.167072 0.285025 0.850978
v 0.154118 0.317556 0.850978
v 0.138583 0.348971 0.850978
v 0.000000 0.445811 1.760182
v 0.000000 0.445811 1.547449
v -0.060321 0.445811 1.547449
v -0.060321 0.445811 1.760182
v 0.060321 0.445811 1.547449
v 0.060321 0.445811 1.760182
v 0.024840 0.512999 1.755968
v 0.000000 0.512999 1.547449
v 0.045451 0.512999 1.746647
v -0.045451 0.512999 1.746647
v -0.060321 0.512999 1.732909
v -0.060321 0.512999 1.547449
v 0.060321 0.512999 1.547449
v 0.060321 0.512999 1.732909
v 0.060321 0.554721 1.732909
v 0.045451 0.554721 1.746647
v 0.024840 0.554721 1.755968
v 0.000000 0.512999 1.758293
v 0.000000 0.554721 1.758293
v 0.060321 0.554721 1.547449
v 0.000000 0.554721 1.547449
v 0.000000 0.554721 1.732909
v 0.000000 0.554721 1.746647
v 0.000000 0.554721 1.404560
v 0.060321 0.554721 1.404560
v 0.060321 0.554721 1.355045
v 0.000000 0.554721 1.355045
v 0.000000 0.554721 1.305272
v 0.060321 0.554721 1.305272
v 0.060321 0.554721 1.255737
v 0.000000 0.554721 1.255737
v 0.000000 0.554721 1.205773
v 0.060321 0.554721 1.205773
v 0.060321 0.554721 1.155949
v 0.000000 0.554721 1.155949
v 0.000000 0.554721 1.106125
v 0.060321 0.554721 1.106125
v 0.060321 0.554721 1.056301
v 0.000000 0.554721 1.056301
v 0.000000 0.554721 1.006979
v 0.060321 0.554721 1.006979
v 0.060321 0.554721 0.956654
v 0.000000 0.554721 0.956654
v 0.000000 0.554721 0.906830
v 0.060321 0.554721 0.906830
v 0.060321 0.554721 0.857508
v 0.000000 0.554721 0.857508
v 0.000000 0.554721 0.807664
v 0.060321 0.554721 0.807664
v 0.060321 0.554721 0.758125
v 0.000000 0.554721 0.758125
v 0.000000 0.554721 0.708092
v 0.060321 0.554721 0.708092
v 0.060321 0.554721 0.658867
v 0.000000 0.554721 0.658867
v 0.000000 0.554721 0.608590
v 0.060321 0.554721 0.608590
v 0.060321 0.554721 0.558766
v 0.000000 0.554721 0.558766
v 0.000000 0.554721 0.509082
v 0.060321 0.554721 0.509083
v 0.060321 0.554721 0.459259
v 0.000000 0.554721 0.459259
v 0.000000 0.554721 0.409632
v 0.060321 0.554721 0.409632
v 0.060321 0.554721 0.359809
v 0.000000 0.554721 0.359809
v 0.000000 0.554721 0.311047
v 0.060321 0.554721 0.311047
v 0.060321 0.554721 0.260028
v 0.000000 0.554721 0.260028
v 0.000000 0.554721 0.210802
v 0.060321 0.554721 0.210802
v 0.060321 0.554721 0.160978
v 0.000000 0.554721 0.160978
v 0.000000 0.554721 0.111528
v 0.060321 0.554721 0.111528
v 0.060321 0.554721 0.061704
v 0.000000 0.554721 0.061704
v 0.077887 0.534060 0.210802
v 0.077887 0.534060 0.160978
v 0.077887 0.534060 0.807664
v 0.077887 0.534060 0.758125
v 0.077887 0.534060 0.111528
v 0.077887 0.534060 0.061704
v 0.077887 0.534060 0.708092
v 0.077887 0.534060 0.658867
v 0.077887 0.534060 0.608590
v 0.077887 0.534060 0.558766
v 0.077887 0.534060 1.205773
v 0.077887 0.534060 1.155949
v 0.077887 0.534060 0.509083
v 0.077887 0.534060 0.459259
v 0.060321 0.554721 -0.139468
v 0.060321 0.554721 0.011423
v 0.077887 0.534060 0.011423
v 0.077887 0.534060 -0.139468
v 0.077887 0.534060 1.106125
v 0.077887 0.534060 1.056301
v 0.077887 0.534060 0.409632
v 0.077887 0.534060 0.359809
v 0.077887 0.534060 1.006979
v 0.077887 0.534060 0.956654
v 0.077887 0.534060 0.311047
v 0.077887 0.534060 0.260028
v 0.077887 0.534060 1.305272
v 0.077887 0.534060 1.255737
v 0.077887 0.534060 0.906830
v 0.077887 0.534060 0.857508
v 0.077887 0.532931 0.608590
v 0.077887 0.532931 0.558766
v 0.077887 0.532931 0.509083
v 0.077887 0.532931 0.459259
v 0.077887 0.532931 1.106125
v 0.077887 0.532931 1.056301
v 0.077887 0.532931 0.409632
v 0.077887 0.532931 1.255737
v 0.077887 0.532931 1.205773
v 0.077887 0.532931 0.359809
v 0.077887 0.532931 1.155949
v 0.077887 0.532931 1.006979
v 0.077887 0.532931 1.305272
v 0.077887 0.532931 0.311047
v 0.077887 0.532931 0.956654
v 0.077887 0.532931 0.260028
v 0.077887 0.532931 0.906830
v 0.077887 0.532931 0.210802
v 0.077887 0.532931 0.857508
v 0.077887 0.532931 0.160978
v 0.077887 0.532931 0.111528
v 0.077887 0.532931 0.807664
v 0.077887 0.532931 0.758125
v 0.077887 0.532931 0.061704
v 0.077887 0.532931 0.708092
v 0.077887 0.532931 0.011423
v 0.077887 0.532931 0.658867
v 0.077887 0.532931 -0.139468
v 0.077887 0.532931 1.355045
v 0.077887 0.534060 1.355045
v 0.077887 0.534060 1.404560
v 0.077887 0.532931 1.404560
v 0.060321 0.512999 1.404560
v 0.000000 0.534060 0.409632
v 0.000000 0.534060 0.459259
v 0.000000 0.534060 0.210802
v 0.000000 0.534060 0.260028
v 0.000000 0.534060 0.708092
v 0.000000 0.534060 0.758125
v 0.000000 0.534060 0.011423
v 0.000000 0.534060 0.061704
v 0.000000 0.534060 0.906830
v 0.000000 0.534060 0.956654
v 0.000000 0.534060 0.509083
v 0.000000 0.534060 0.558766
v 0.000000 0.534060 1.205773
v 0.000000 0.534060 1.255737
v 0.000000 0.534060 0.311047
v 0.000000 0.534060 0.359809
v 0.000000 0.534060 1.106125
v 0.000000 0.534060 1.155949
v 0.000000 0.534060 0.111528
v 0.000000 0.534060 0.160978
v 0.000000 0.534060 1.006979
v 0.000000 0.534060 1.056301
v 0.000000 0.534060 0.608590
v 0.000000 0.534060 0.658867
v 0.000000 0.534060 1.305272
v 0.000000 0.534060 1.355045
v 0.000000 0.534060 0.807664
v 0.000000 0.534060 0.857508
v 0.000000 0.554721 0.011423
v 0.078538 0.418036 0.822834
v 0.111426 0.387422 0.822834
v 0.134353 0.318054 0.822834
v 0.154118 0.317556 0.822834
v 0.138583 0.348971 0.822834
v -0.079825 0.376462 1.670085
v -0.085005 0.382401 1.670085
v -0.060321 0.398235 1.670085
v -0.060321 0.391337 1.670085
v -0.142445 0.280306 1.666487
v -0.154390 0.287020 1.666487
v -0.128733 0.342961 1.670085
v -0.119418 0.335822 1.670085
v -0.132526 0.184151 1.627936
v -0.146701 0.184151 1.627936
v -0.153837 0.224791 1.651683
v -0.142202 0.224791 1.651683
v -0.127801 0.169276 1.618343
v -0.143077 0.169276 1.618343
v -0.128733 0.342961 1.760182
v -0.085005 0.382401 1.760182
v -0.153837 0.224791 1.760182
v -0.154390 0.287020 1.760182
v -0.142385 0.169276 1.760182
v -0.146009 0.184151 1.760182
v -0.060321 0.398235 1.760182
v -0.129131 0.090323 1.503440
v -0.129131 0.090323 1.760182
v -0.127801 0.090323 1.503440
v -0.132526 0.184151 0.802509
v -0.127801 0.169276 0.802509
v 0.000000 0.398235 1.760182
v -0.024840 0.512999 1.755968
v -0.045451 0.554721 1.746647
v -0.060321 0.554721 1.732909
v -0.024840 0.554721 1.755968
v -0.060321 0.554721 1.547449
v -0.060321 0.554721 1.355045
v -0.060321 0.554721 1.404560
v -0.060321 0.554721 1.255737
v -0.060321 0.554721 1.305272
v -0.060321 0.554721 1.155949
v -0.060321 0.554721 1.205773
v -0.060321 0.554721 1.056301
v -0.060321 0.554721 1.106125
v -0.060321 0.554721 0.956654
v -0.060321 0.554721 1.006979
v -0.060321 0.554721 0.857508
v -0.060321 0.554721 0.906830
v -0.060321 0.554721 0.758125
v -0.060321 0.554721 0.807664
v -0.060321 0.554721 0.658867
v -0.060321 0.554721 0.708092
v -0.060321 0.554721 0.558766
v -0.060321 0.554721 0.608590
v -0.060321 0.554721 0.459259
v -0.060321 0.554721 0.509083
v -0.060321 0.554721 0.359809
v -0.060321 0.554721 0.409632
v -0.060321 0.554721 0.260028
v -0.060321 0.554721 0.311047
v -0.060321 0.554721 0.160978
v -0.060321 0.554721 0.210802
v -0.060321 0.554721 0.061704
v -0.060321 0.554721 0.111528
v -0.077887 0.534060 0.160978
v -0.077887 0.534060 0.210802
v -0.077887 0.534060 0.758125
v -0.077887 0.534060 0.807664
v -0.077887 0.534060 0.061704
v -0.077887 0.534060 0.111528
v -0.077887 0.534060 0.658867
v -0.077887 0.534060 0.708092
v -0.077887 0.534060 0.558766
v -0.077887 0.534060 0.608590
v -0.077887 0.534060 1.155949
v -0.077887 0.534060 1.205773
v -0.077887 0.534060 0.459259
v -0.077887 0.534060 0.509083
v -0.060321 0.554721 -0.139468
v -0.077887 0.534060 -0.139468
v -0.077887 0.534060 0.011423
v -0.060321 0.554721 0.011423
v -0.077887 0.534060 1.056301
v -0.077887 0.534060 1.106125
v -0.077887 0.534060 0.359809
v -0.077887 0.534060 0.409632
v -0.077887 0.534060 0.956654
v -0.077887 0.534060 1.006979
v -0.077887 0.534060 0.260028
v -0.077887 0.534060 0.311047
v -0.077887 0.534060 1.255737
v -0.077887 0.534060 1.305272
v -0.077887 0.534060 0.857508
v -0.077887 0.534060 0.906830
v -0.077887 0.532931 0.558766
v -0.077887 0.532931 0.608590
v -0.077887 0.532931 0.509083
v -0.077887 0.532931 0.459259
v -0.077887 0.532931 1.056301
v -0.077887 0.532931 1.106125
v -0.077887 0.532931 0.409632
v -0.077887 0.532931 1.205773
v -0.077887 0.532931 1.255737
v -0.077887 0.532931 0.359809
v -0.077887 0.532931 1.155949
v -0.077887 0.532931 1.006979
v -0.077887 0.532931 1.305272
v -0.077887 0.532931 0.311047
v -0.077887 0.532931 0.956654
v -0.077887 0.532931 0.260028
v -0.077887 0.532931 0.906830
v -0.077887 0.532931 0.210802
v -0.077887 0.532931 0.857508
v -0.077887 0.532931 0.160978
v -0.077887 0.532931 0.111528
v -0.077887 0.532931 0.758125
v -0.077887 0.532931 0.807664
v -0.077887 0.532931 0.061704
v -0.077887 0.532931 0.708092
v -0.077887 0.532931 0.011423
v -0.077887 0.532931 0.658867
v -0.077887 0.532931 -0.139468
v -0.077887 0.532931 1.355045
v -0.077887 0.532931 1.404560
v -0.077887 0.534060 1.404560
v -0.077887 0.534060 1.355045
v -0.060321 0.512999 1.404560
v 0.186071 0.229404 0.822834
v 0.189704 0.212723 0.822834
v 0.078538 0.418036 0.024536
v 0.060321 0.451520 -0.021903
v 0.167072 0.285025 0.822834
v 0.188032 0.201174 0.822834
v 0.180863 0.189386 0.822834
v 0.164934 0.172182 0.822834
v 0.144748 0.158534 0.822834
v 0.144748 0.090323 0.850978
v 0.144748 0.090323 0.822834
v 0.144766 0.281500 0.822834
v 0.134353 0.318054 0.024536
v 0.144748 0.170185 0.024536
v 0.144766 0.281500 0.024536
v 0.144748 0.090323 0.024536
v 0.179431 0.235786 0.024536
v 0.078538 0.418036 -0.021903
v 0.171305 0.174149 0.024536
v 0.184584 0.190797 0.024536
v 0.144748 0.090323 -0.021903
v 0.144748 0.170185 -0.021903
v 0.171305 0.174149 -0.021903
v 0.184584 0.190797 -0.021903
v 0.186962 0.213589 -0.021903
v 0.186962 0.213589 0.024536
v 0.179431 0.235786 -0.021903
v 0.127701 0.090323 -0.021903
v 0.127520 0.169276 -0.021903
v 0.132526 0.184151 -0.021903
v 0.142202 0.224791 -0.021903
v 0.142445 0.280306 -0.021903
v 0.060321 0.391337 -0.021903
v 0.079825 0.376462 -0.021903
v 0.119418 0.335822 -0.021903
v 0.119418 0.335822 -0.139468
v 0.079825 0.376462 -0.139468
v 0.132526 0.184151 -0.139468
v 0.142202 0.224791 -0.139468
v 0.127520 0.169276 -0.139468
v 0.142445 0.280306 -0.139468
v 0.060321 0.391337 -0.139468
v 0.127701 0.090323 -0.139468
v 0.000000 0.512999 -0.139468
v 0.000000 0.554721 -0.139468
v 0.060321 0.512999 -0.139468
v -0.060321 0.512999 -0.139468
v -0.127801 0.169276 -0.058733
v -0.132526 0.184151 -0.058733
v -0.132526 0.184151 -0.139468
v -0.127801 0.169276 -0.139468
v -0.091626 0.364467 0.081965
v -0.091626 0.364467 -0.139468
v -0.119418 0.335822 -0.139468
v -0.137454 0.204850 -0.058733
v -0.142202 0.224791 -0.139468
v -0.137454 0.204850 -0.139468
v -0.127801 0.090323 -0.058733
v -0.127801 0.090323 -0.139468
v -0.137362 0.090323 -0.058733
v 0.000000 0.090323 1.760182
v -0.091626 0.364467 0.353445
v -0.137362 0.090323 0.358377
v -0.127801 0.090323 0.802509
v -0.137362 0.090323 0.531946
v -0.060321 0.466028 0.081965
v -0.060321 0.466028 0.353445
v -0.137454 0.204850 0.802509
v -0.060321 0.391337 0.081965
v -0.091626 0.461272 0.081965
v -0.060321 0.391337 -0.139468
v -0.091626 0.461272 0.353445
v -0.060321 0.391337 0.353445
v -0.137404 0.139881 0.358377
v -0.137362 0.090323 0.802509
v -0.137404 0.139881 0.531946
v -0.147843 0.139872 0.531946
v -0.147802 0.090315 0.531946
v -0.147843 0.139872 0.358377
v -0.147802 0.090315 0.358377
v -0.142445 0.280306 -0.139468
v 0.000641 0.090323 -0.021903
v -0.000050 0.090323 -0.139468
v 0.000000 0.391337 -0.139468
v -0.149130 0.022025 0.652091
v -0.149130 0.071761 0.652091
v -0.149130 0.056770 0.637122
v -0.149130 0.037016 0.637122
v -0.137166 0.056770 0.637122
v -0.137166 0.037016 0.637122
v -0.137166 0.018723 0.684522
v -0.137166 0.075063 0.684522
v -0.149130 0.075063 0.684522
v -0.149130 0.018723 0.684522
v -0.137166 0.022025 0.652091
v -0.137166 0.071761 0.652091
v -0.149130 0.071761 0.761832
v -0.149130 0.022025 0.761832
v -0.149130 0.037016 0.776801
v -0.149130 0.056770 0.776801
v -0.137166 0.037016 0.776801
v -0.137166 0.056770 0.776801
v -0.137166 0.075063 0.729401
v -0.137166 0.018723 0.729401
v -0.149130 0.018723 0.729401
v -0.149130 0.075063 0.729401
v -0.137166 0.071761 0.761832
v -0.137166 0.022025 0.761832
v -0.130363 -0.028252 1.197531
v -0.130363 -0.037479 1.188304
v -0.138805 -0.037479 1.188304
v -0.138805 -0.028252 1.197531
v -0.130363 -0.071914 1.197531
v -0.130363 -0.075291 1.210134
v -0.138805 -0.075291 1.210134
v -0.138805 -0.071914 1.197531
v -0.130363 -0.024875 1.210134
v -0.138805 -0.024875 1.210134
v -0.138805 -0.024875 1.250651
v -0.130363 -0.024875 1.250651
v -0.130363 -0.062687 1.272482
v -0.130363 -0.050083 1.275859
v -0.138805 -0.050083 1.275859
v -0.138805 -0.062687 1.272482
v -0.130363 -0.037479 1.272482
v -0.138805 -0.037479 1.272482
v -0.130363 -0.050083 1.184927
v -0.130363 -0.062687 1.188304
v -0.138805 -0.062687 1.188304
v -0.138805 -0.050083 1.184927
v -0.130363 -0.028252 1.263255
v -0.138805 -0.028252 1.263255
v -0.130363 -0.075291 1.250651
v -0.138805 -0.075291 1.250651
v -0.130363 -0.071914 1.263255
v -0.138805 -0.071914 1.263255
v -0.150312 -0.050083 1.275859
v -0.150312 -0.050083 1.184927
v -0.150312 -0.024875 1.210134
v -0.150312 -0.024875 1.250651
v -0.150312 -0.037479 1.188304
v -0.150312 -0.028252 1.197531
v -0.150312 -0.028252 1.263255
v -0.150312 -0.037479 1.272482
v -0.130363 -0.028252 1.501765
v -0.130363 -0.037479 1.492538
v -0.138805 -0.037479 1.492538
v -0.138805 -0.028252 1.501765
v -0.130363 -0.071914 1.501765
v -0.130363 -0.075291 1.514369
v -0.138805 -0.075291 1.514369
v -0.138805 -0.071914 1.501765
v -0.130363 -0.024875 1.514369
v -0.138805 -0.024875 1.514369
v -0.138805 -0.024875 1.554886
v -0.130363 -0.024875 1.554886
v -0.130363 -0.062687 1.576717
v -0.130363 -0.050083 1.580094
v -0.138805 -0.050083 1.580094
v -0.138805 -0.062687 1.576717
v -0.130363 -0.037479 1.576717
v -0.138805 -0.037479 1.576717
v -0.130363 -0.050083 1.489161
v -0.130363 -0.062687 1.492538
v -0.138805 -0.062687 1.492538
v -0.138805 -0.050083 1.489161
v -0.130363 -0.028252 1.567490
v -0.138805 -0.028252 1.567490
v -0.130363 -0.075291 1.554886
v -0.138805 -0.075291 1.554886
v -0.130363 -0.071914 1.567490
v -0.138805 -0.071914 1.567490
v -0.150312 -0.050083 1.580094
v -0.150312 -0.050083 1.489161
v -0.150312 -0.024875 1.514369
v -0.150312 -0.024875 1.554886
v -0.150312 -0.037479 1.492538
v -0.150312 -0.028252 1.501765
v -0.150312 -0.028252 1.567490
v -0.150312 -0.037479 1.576717
v 0.275980 0.305752 -0.434098
v 0.274305 0.305752 -0.537214
v 0.269635 0.334123 -0.537214
v 0.271309 0.334505 -0.434098
v 0.228095 0.382074 -1.903602
v 0.247209 0.328912 -1.903602
v 0.245442 0.328601 -2.013429
v 0.226503 0.381400 -2.013429
v 0.157711 0.470013 -1.903602
v 0.198246 0.430584 -1.903602
v 0.196829 0.429547 -2.013429
v 0.156609 0.468724 -2.013429
v 0.076065 0.521900 -1.903602
v 0.110018 0.500944 -1.903602
v 0.109232 0.499403 -2.013429
v 0.076065 0.520737 -2.013429
v 0.000000 0.534616 -1.906941
v 0.061348 0.534500 -1.903602
v 0.061348 0.531629 -2.013429
v 0.000000 0.531753 -2.016768
v 0.061348 0.557702 -0.537214
v 0.061348 0.559428 -0.434098
v 0.061348 0.561809 -0.434098
v 0.061348 0.560559 -0.537214
v 0.061348 0.538331 -1.903602
v 0.076065 0.535908 -1.903602
v 0.076065 0.533529 -2.013460
v 0.061348 0.535666 -2.013442
v 0.076065 0.557928 -0.537214
v 0.076065 0.559034 -0.434098
v 0.076065 0.552815 -0.537214
v 0.076065 0.531039 -1.903602
v 0.061348 0.557328 -0.558776
v 0.061348 0.560186 -0.558776
v 0.256391 0.331100 -1.345489
v 0.261062 0.305752 -1.345489
v 0.270354 0.305752 -1.345489
v 0.264021 0.332541 -1.345491
v 0.000000 0.559428 -0.437438
v 0.000000 0.557710 -0.540553
v 0.076065 0.546857 -0.434098
v 0.120744 0.523308 -0.434098
v 0.119999 0.521761 -0.537214
v 0.076065 0.545130 -0.537214
v 0.172737 0.488948 -0.434098
v 0.217573 0.446089 -0.434098
v 0.216230 0.445019 -0.537214
v 0.171693 0.487639 -0.537214
v 0.249809 0.392623 -0.434098
v 0.248300 0.391897 -0.537214
v 0.061348 0.555397 -0.673273
v 0.061348 0.558255 -0.673273
v 0.076065 0.557585 -0.558776
v 0.076065 0.542821 -0.673273
v 0.119003 0.519693 -0.673273
v 0.122728 0.525214 -0.673273
v 0.076065 0.550507 -0.673273
v 0.000000 0.557338 -0.562115
v 0.236368 0.386151 -1.345489
v 0.242969 0.388329 -1.345490
v 0.163436 0.477285 -1.345489
v 0.205610 0.436549 -1.345489
v 0.211182 0.439464 -1.345489
v 0.168313 0.481923 -1.345489
v 0.076065 0.531466 -1.345038
v 0.114105 0.509522 -1.345489
v 0.118287 0.515884 -1.345489
v 0.076065 0.539151 -1.345038
v 0.061348 0.555048 -0.693068
v 0.061348 0.557907 -0.693068
v 0.076065 0.531375 -1.885298
v 0.076065 0.533298 -1.770194
v 0.076065 0.524075 -1.770194
v 0.076065 0.522235 -1.885298
v 0.076065 0.555815 -0.673273
v 0.000000 0.555415 -0.676612
v 0.076065 0.544755 -0.558776
v 0.119837 0.521425 -0.558776
v 0.171467 0.487355 -0.558776
v 0.215939 0.444786 -0.558776
v 0.214436 0.443588 -0.673273
v 0.170298 0.485890 -0.673273
v 0.247973 0.391739 -0.558776
v 0.269272 0.334040 -0.558776
v 0.267397 0.333612 -0.673273
v 0.246284 0.390926 -0.673273
v 0.061348 0.553126 -0.808092
v 0.061348 0.555985 -0.808092
v 0.076065 0.555496 -0.693068
v 0.000000 0.555069 -0.696407
v 0.061348 0.552786 -0.827824
v 0.061348 0.555646 -0.827824
v 0.076065 0.524395 -1.751079
v 0.076065 0.533618 -1.751079
v 0.076065 0.535448 -1.637928
v 0.076065 0.526202 -1.637928
v 0.076065 0.553734 -0.808092
v 0.269535 0.305752 -0.827824
v 0.264864 0.333034 -0.827824
v 0.271840 0.334475 -0.827824
v 0.278827 0.305752 -0.827824
v 0.000000 0.553155 -0.811431
v 0.076065 0.542473 -0.693068
v 0.118852 0.519381 -0.693068
v 0.118022 0.517657 -0.808092
v 0.076065 0.540548 -0.808092
v 0.170087 0.485626 -0.693068
v 0.214165 0.443372 -0.693068
v 0.212669 0.442179 -0.808092
v 0.168924 0.484167 -0.808092
v 0.245980 0.390779 -0.693068
v 0.267059 0.333535 -0.693068
v 0.265194 0.333109 -0.808092
v 0.244299 0.389970 -0.808092
v 0.061348 0.550848 -0.942790
v 0.061348 0.553927 -0.942790
v 0.076065 0.553423 -0.827824
v 0.244002 0.389827 -0.827824
v 0.212405 0.441968 -0.827824
v 0.217977 0.444883 -0.827824
v 0.250276 0.392005 -0.827824
v 0.000000 0.552817 -0.831163
v 0.168719 0.483909 -0.827824
v 0.117876 0.517352 -0.827824
v 0.121601 0.523292 -0.827824
v 0.173367 0.488337 -0.827824
v 0.258501 0.305752 -1.501160
v 0.253830 0.330516 -1.501160
v 0.261658 0.331957 -1.501160
v 0.267793 0.305752 -1.501160
v 0.076065 0.540208 -0.827824
v 0.076065 0.548251 -0.827824
v 0.061348 0.550451 -0.965457
v 0.061348 0.553529 -0.965457
v 0.076065 0.535801 -1.616891
v 0.076065 0.537531 -1.501160
v 0.076065 0.528824 -1.501160
v 0.076065 0.526555 -1.616891
v 0.076065 0.551501 -0.942790
v 0.000000 0.550889 -0.946129
v 0.117039 0.515614 -0.942790
v 0.076065 0.538268 -0.942790
v 0.210897 0.440765 -0.942790
v 0.167546 0.482439 -0.942790
v 0.262984 0.332605 -0.942790
v 0.242308 0.389011 -0.942790
v 0.061348 0.548590 -1.076448
v 0.061348 0.551960 -1.076448
v 0.076065 0.551137 -0.965457
v 0.234061 0.385039 -1.501160
v 0.203556 0.434911 -1.501160
v 0.209128 0.437826 -1.501160
v 0.240761 0.387217 -1.501160
v 0.000000 0.550493 -0.968796
v 0.161839 0.475283 -1.501160
v 0.112965 0.507155 -1.501160
v 0.116975 0.514081 -1.501160
v 0.166630 0.480203 -1.501160
v 0.061348 0.548211 -1.098354
v 0.061348 0.551582 -1.098354
v 0.076065 0.531030 -1.370816
v 0.076065 0.529225 -1.477847
v 0.076065 0.537932 -1.477847
v 0.076065 0.538716 -1.370816
v 0.076065 0.549214 -1.076448
v 0.000000 0.548641 -1.079787
v 0.076065 0.537870 -0.965457
v 0.116867 0.515258 -0.965457
v 0.116063 0.513589 -1.076448
v 0.076065 0.536007 -1.076448
v 0.167305 0.482138 -0.965457
v 0.210587 0.440518 -0.965457
v 0.209139 0.439364 -1.076448
v 0.166180 0.480726 -1.076448
v 0.241960 0.388844 -0.965457
v 0.262598 0.332517 -0.965457
v 0.260792 0.332105 -1.076448
v 0.240333 0.388060 -1.076448
v 0.061348 0.546294 -1.212818
v 0.061348 0.549156 -1.212818
v 0.076065 0.548867 -1.098354
v 0.000000 0.548264 -1.101693
v 0.061348 0.545947 -1.232455
v 0.061348 0.548810 -1.232455
v 0.076065 0.533361 -1.232455
v 0.076065 0.541821 -1.232455
v 0.076065 0.547163 -1.212818
v 0.000000 0.546355 -1.216157
v 0.076065 0.535628 -1.098354
v 0.115900 0.513250 -1.098354
v 0.115072 0.511530 -1.212818
v 0.076065 0.533708 -1.212818
v 0.165951 0.480439 -1.098354
v 0.208845 0.439129 -1.098354
v 0.207352 0.437939 -1.212818
v 0.164790 0.478984 -1.212818
v 0.240002 0.387901 -1.098354
v 0.260425 0.332021 -1.098354
v 0.258564 0.331596 -1.212818
v 0.238326 0.387093 -1.212818
v 0.061348 0.544055 -1.345039
v 0.061348 0.547288 -1.345040
v 0.076065 0.546846 -1.232455
v 0.000000 0.546010 -1.235794
v 0.265463 0.305752 -1.076448
v 0.274756 0.305752 -1.076448
v 0.268083 0.333546 -1.076448
v 0.246765 0.390238 -1.076448
v 0.061348 0.543620 -1.370817
v 0.061348 0.546853 -1.370819
v 0.076065 0.542167 -1.212818
v 0.076065 0.543313 -1.098354
v 0.076065 0.544901 -1.345043
v 0.214712 0.442279 -1.076448
v 0.170829 0.485445 -1.076448
v 0.000000 0.544126 -1.348378
v 0.114922 0.511219 -1.232455
v 0.164581 0.478721 -1.232455
v 0.207083 0.437724 -1.232455
v 0.238023 0.386948 -1.232455
v 0.258228 0.331519 -1.232455
v 0.061348 0.541816 -1.477847
v 0.061348 0.545421 -1.477847
v 0.076065 0.544502 -1.370822
v 0.249757 0.329360 -1.751079
v 0.254428 0.305752 -1.751079
v 0.263720 0.305752 -1.751079
v 0.257900 0.330801 -1.751079
v 0.000000 0.543693 -1.374156
v 0.119789 0.520113 -1.076448
v 0.076065 0.543692 -1.076448
v 0.230391 0.383046 -1.751079
v 0.237248 0.385224 -1.751079
v 0.159299 0.471872 -1.751079
v 0.200290 0.432080 -1.751079
v 0.205862 0.434995 -1.751079
v 0.164491 0.477094 -1.751079
v 0.061348 0.541415 -1.501160
v 0.061348 0.545020 -1.501160
v 0.076065 0.546056 -0.965457
v 0.076065 0.542688 -1.477847
v 0.111152 0.503165 -1.751079
v 0.115963 0.510694 -1.751079
v 0.000000 0.541898 -1.481186
v 0.113917 0.509132 -1.370366
v 0.113138 0.507515 -1.477847
v 0.163172 0.476955 -1.370366
v 0.205271 0.436279 -1.370366
v 0.203868 0.435160 -1.477847
v 0.162081 0.475587 -1.477847
v 0.235988 0.385967 -1.370366
v 0.255969 0.331004 -1.370366
v 0.254219 0.330605 -1.477847
v 0.234411 0.385208 -1.477847
v 0.061348 0.539149 -1.616891
v 0.061348 0.543172 -1.616891
v 0.076065 0.542321 -1.501160
v 0.000000 0.541499 -1.504499
v 0.273943 0.305752 -0.558776
v 0.275908 0.335481 -0.558776
v 0.283235 0.305752 -0.558776
v 0.061348 0.538796 -1.637928
v 0.061348 0.542819 -1.637928
v 0.076065 0.546454 -0.942790
v 0.076065 0.540471 -1.616891
v 0.221512 0.447701 -0.558776
v 0.254077 0.393917 -0.558776
v 0.000000 0.539242 -1.620230
v 0.112134 0.505088 -1.616891
v 0.202058 0.433375 -1.616891
v 0.160675 0.473481 -1.616891
v 0.251963 0.329748 -1.616891
v 0.232378 0.383888 -1.616891
v 0.061348 0.536992 -1.751079
v 0.061348 0.540823 -1.751079
v 0.076065 0.540149 -1.637928
v 0.000000 0.538891 -1.641267
v 0.123154 0.526846 -0.558776
v 0.175911 0.491523 -0.558776
v 0.262899 0.305752 -1.232455
v 0.265716 0.332960 -1.232455
v 0.272191 0.305752 -1.232455
v 0.076065 0.552441 -0.558776
v 0.212655 0.440639 -1.232455
v 0.244553 0.389125 -1.232455
v 0.061348 0.536672 -1.770194
v 0.061348 0.540503 -1.770194
v 0.076065 0.548591 -0.808092
v 0.076065 0.550158 -0.693068
v 0.076065 0.538307 -1.751079
v 0.000000 0.537096 -1.754418
v 0.111973 0.504773 -1.637928
v 0.160450 0.473218 -1.637928
v 0.201769 0.433163 -1.637928
v 0.232053 0.383750 -1.637928
v 0.251602 0.329684 -1.637928
v 0.061348 0.534835 -1.885298
v 0.061348 0.538666 -1.885298
v 0.076065 0.538015 -1.770194
v 0.118648 0.517904 -1.232455
v 0.169230 0.483521 -1.232455
v 0.000000 0.536777 -1.773533
v 0.251880 0.305752 -1.903602
v 0.255546 0.330353 -1.903602
v 0.261172 0.305752 -1.903602
v 0.203819 0.433499 -1.903602
v 0.235050 0.384252 -1.903602
v 0.076065 0.536214 -1.885298
v 0.116055 0.507695 -1.903602
v 0.163515 0.474847 -1.903602
v 0.000000 0.534949 -1.888637
v 0.111007 0.502880 -1.770194
v 0.110171 0.501242 -1.885298
v 0.159096 0.471634 -1.770194
v 0.200027 0.431888 -1.770194
v 0.198521 0.430785 -1.885298
v 0.157924 0.470263 -1.885298
v 0.230096 0.382921 -1.770194
v 0.249430 0.329302 -1.770194
v 0.247552 0.328972 -1.885298
v 0.228404 0.382205 -1.885298
v 0.250113 0.305752 -2.013429
v 0.272068 0.305752 -0.673273
v 0.281360 0.305752 -0.673273
v 0.254101 0.305752 -1.770194
v 0.252222 0.305752 -1.885298
v 0.256273 0.305752 -1.637928
v 0.256634 0.305752 -1.616891
v 0.265926 0.305752 -1.616891
v 0.269865 0.305752 -0.808092
v 0.279157 0.305752 -0.808092
v 0.272145 0.334550 -0.808092
v 0.260640 0.305752 -1.370366
v 0.258890 0.305752 -1.477847
v 0.263235 0.305752 -1.212818
v 0.265096 0.305752 -1.098354
v 0.274388 0.305752 -1.098354
v 0.272527 0.305752 -1.212818
v 0.250561 0.392148 -0.808092
v 0.271730 0.305752 -0.693068
v 0.281023 0.305752 -0.693068
v 0.218241 0.445094 -0.808092
v 0.173573 0.488595 -0.808092
v 0.267269 0.305752 -0.965457
v 0.259665 0.272620 -2.013620
v 0.251068 0.272620 -2.029315
v 0.251068 0.305752 -2.029315
v 0.259665 0.305752 -2.013620
v 0.267655 0.305752 -0.942790
v 0.268182 0.305752 -1.477847
v 0.262017 0.332045 -1.477847
v 0.265565 0.305752 -1.637928
v 0.121748 0.523597 -0.808092
v 0.241096 0.387386 -1.477847
v 0.285272 0.272620 -0.434098
v 0.283598 0.272620 -0.537214
v 0.283598 0.305752 -0.537214
v 0.285272 0.305752 -0.434098
v 0.276561 0.305752 -0.965457
v 0.269932 0.305752 -1.370366
v 0.263393 0.305752 -1.770194
v 0.261515 0.305752 -1.885298
v 0.276947 0.305752 -0.942790
v 0.123315 0.527181 -0.537214
v 0.176137 0.491807 -0.537214
v 0.221803 0.447934 -0.537214
v 0.254390 0.394075 -0.537214
v 0.276243 0.335564 -0.537214
v 0.122578 0.524902 -0.693068
v 0.174947 0.490108 -0.673273
v 0.220008 0.446503 -0.673273
v 0.219737 0.446287 -0.693068
v 0.174736 0.489844 -0.693068
v 0.252461 0.393104 -0.673273
v 0.274178 0.335053 -0.673273
v 0.273866 0.334976 -0.693068
v 0.252169 0.392957 -0.693068
v 0.120764 0.521912 -0.942790
v 0.120592 0.521555 -0.965457
v 0.172195 0.487045 -0.942790
v 0.216469 0.443680 -0.942790
v 0.216160 0.443433 -0.965457
v 0.171954 0.486744 -0.965457
v 0.248655 0.391189 -0.942790
v 0.270105 0.334046 -0.942790
v 0.269749 0.333958 -0.965457
v 0.248322 0.391022 -0.965457
v 0.119625 0.519773 -1.098354
v 0.214417 0.442044 -1.098354
v 0.170600 0.485158 -1.098354
v 0.267744 0.333462 -1.098354
v 0.246448 0.390079 -1.098354
v 0.118797 0.518215 -1.212818
v 0.169439 0.483784 -1.212818
v 0.212925 0.440854 -1.212818
v 0.244843 0.389271 -1.212818
v 0.266026 0.333037 -1.212818
v 0.118099 0.515494 -1.370366
v 0.210844 0.439194 -1.370366
v 0.168050 0.481593 -1.370366
v 0.263631 0.332445 -1.370369
v 0.242605 0.388145 -1.370367
v 0.117148 0.514441 -1.477847
v 0.166873 0.480507 -1.477847
v 0.209440 0.438075 -1.477847
v 0.116836 0.512275 -1.616891
v 0.116676 0.511961 -1.637928
v 0.165812 0.478532 -1.616891
v 0.207631 0.436290 -1.616891
v 0.207341 0.436078 -1.637928
v 0.165587 0.478269 -1.637928
v 0.239151 0.386065 -1.616891
v 0.259935 0.331189 -1.616891
v 0.259602 0.331125 -1.637928
v 0.238840 0.385928 -1.637928
v 0.115817 0.510409 -1.770194
v 0.205600 0.434803 -1.770194
v 0.164287 0.476856 -1.770194
v 0.257598 0.330743 -1.770194
v 0.236967 0.385099 -1.770194
v 0.116207 0.507994 -1.885298
v 0.163729 0.475097 -1.885298
v 0.204093 0.433700 -1.885298
v 0.235346 0.384383 -1.885298
v 0.255864 0.330413 -1.885298
v 0.283235 0.272620 -0.558776
v 0.281360 0.272620 -0.673273
v 0.281023 0.272620 -0.693068
v 0.279157 0.272620 -0.808092
v 0.278827 0.272620 -0.827824
v 0.276947 0.272620 -0.942790
v 0.276561 0.272620 -0.965457
v 0.274756 0.272620 -1.076448
v 0.274388 0.272620 -1.098354
v 0.272527 0.272620 -1.212818
v 0.272191 0.272620 -1.232455
v 0.270354 0.272620 -1.345038
v 0.269932 0.272620 -1.370816
v 0.268182 0.272620 -1.477847
v 0.267793 0.272620 -1.501160
v 0.265926 0.272620 -1.616891
v 0.265565 0.272620 -1.637928
v 0.263720 0.272620 -1.751079
v 0.263393 0.272620 -1.770194
v 0.261515 0.272620 -1.885298
v 0.261172 0.272620 -1.903602
v 0.155217 0.467007 -0.393579
v 0.109203 0.499347 -0.394699
v 0.092963 0.465630 -0.384891
v 0.132994 0.439176 -0.384891
v 0.059364 0.526360 -0.388860
v 0.000000 0.526360 -0.392199
v 0.000000 0.492466 -0.383936
v 0.049146 0.483836 -0.380597
v 0.222923 0.379708 -0.392389
v 0.194516 0.427706 -0.392706
v 0.167514 0.406178 -0.384891
v 0.192333 0.365013 -0.384891
v 0.241290 0.327658 -0.391809
v 0.208887 0.320267 -0.384891
v 0.073605 0.521943 -0.393829
v 0.060477 0.483836 -0.384891
v 0.073605 0.526786 -0.384526
v 0.059364 0.529531 -0.384469
v 0.048615 0.483836 -0.377196
v 0.060477 0.483836 -0.377196
v 0.245997 0.272620 -0.388509
v 0.245997 0.304354 -0.388509
v 0.212483 0.300529 -0.381237
v 0.212483 0.272620 -0.381237
v 0.244345 0.304354 -0.391046
v 0.212483 0.300529 -0.384891
v 0.075701 0.550497 -0.408390
v 0.075701 0.536089 -0.411021
v 0.260656 0.332075 -0.411021
v 0.265143 0.305650 -0.411021
v 0.271724 0.305650 -0.408203
v 0.060949 0.548166 -0.409858
v 0.060949 0.553069 -0.408356
v 0.271724 0.272620 -0.408203
v 0.116003 0.513465 -0.411021
v 0.165954 0.480454 -0.411021
v 0.209030 0.439278 -0.411021
v 0.240000 0.387911 -0.411021
v 0.000000 0.548166 -0.413197
v 0.075196 0.529016 -0.402425
v 0.075196 0.540839 -0.394444
v 0.254744 0.305002 -0.401033
v 0.250973 0.329866 -0.401415
v 0.260289 0.305002 -0.397051
v 0.061004 0.543384 -0.394399
v 0.061004 0.539417 -0.398675
v 0.260289 0.272620 -0.397051
v 0.112603 0.506406 -0.402860
v 0.201773 0.433492 -0.401863
v 0.160586 0.473731 -0.402300
v 0.231461 0.383810 -0.401705
v 0.000000 0.539417 -0.402014
v 0.238054 0.305120 -2.039258
v 0.238054 0.272620 -2.039258
v 0.216265 0.272620 -2.043089
v 0.216265 0.303001 -2.043089
v 0.243939 0.305752 -2.025441
v 0.235060 0.305120 -2.033618
v 0.215695 0.303001 -2.038502
v 0.194021 0.272620 -2.046020
v 0.190081 0.300250 -2.046020
v 0.189870 0.300250 -2.042456
v 0.075616 0.511827 -2.027043
v 0.075616 0.522083 -2.035167
v 0.061348 0.524003 -2.036365
v 0.061348 0.519651 -2.032586
v 0.000000 0.520710 -2.036979
v 0.058194 0.507945 -2.044079
v 0.058194 0.506123 -2.040093
v 0.000000 0.506202 -2.043432
v 0.073181 0.497879 -2.035552
v 0.073181 0.507182 -2.043482
v 0.052902 0.486728 -2.047250
v 0.052902 0.485672 -2.043591
v 0.000000 0.485718 -2.046930
v 0.067508 0.482323 -2.037890
v 0.065932 0.485454 -2.046901
v 0.045034 0.455738 -2.049157
v 0.045034 0.455738 -2.045798
v 0.000000 0.461366 -2.049262
v 0.057541 0.451857 -2.042456
v 0.055371 0.452032 -2.048957
v 0.217994 0.378106 -2.026482
v 0.188549 0.423676 -2.026929
v 0.238891 0.327258 -2.026286
v 0.150554 0.460427 -2.027935
v 0.105131 0.495078 -2.026625
v 0.142825 0.452762 -2.035273
v 0.098245 0.486770 -2.035273
v 0.228975 0.325757 -2.034305
v 0.180819 0.416011 -2.035273
v 0.208211 0.373619 -2.035273
v 0.090771 0.473853 -2.037890
v 0.077491 0.445688 -2.042456
v 0.132724 0.441917 -2.037890
v 0.115650 0.422813 -2.042456
v 0.168512 0.406111 -2.037890
v 0.148358 0.391244 -2.042456
v 0.194239 0.364928 -2.037890
v 0.173194 0.353617 -2.042456
v 0.211789 0.322532 -2.037917
v 0.187156 0.316974 -2.042456
v 0.173194 0.353617 -2.077692
v 0.148358 0.391244 -2.077692
v 0.115650 0.422813 -2.077692
v 0.187156 0.316974 -2.077692
v 0.000000 0.461366 -2.077692
v 0.045034 0.455738 -2.077692
v 0.190159 0.296893 -2.077692
v 0.077491 0.445688 -2.077692
v 0.057541 0.451857 -2.077692
v 0.194021 0.272620 -2.077692
v 0.180287 0.315185 -2.092367
v 0.167238 0.350832 -2.092367
v 0.183619 0.296893 -2.092367
v 0.043485 0.449441 -2.092367
v 0.000000 0.454876 -2.092367
v 0.074826 0.439737 -2.092367
v 0.055563 0.445693 -2.092367
v 0.111673 0.417648 -2.092367
v 0.143336 0.387292 -2.092367
v 0.145699 0.296893 -2.077692
v 0.145699 0.296893 -2.100265
v 0.167667 0.296893 -2.099291
v 0.167667 0.296893 -2.077692
v 0.039707 0.434080 -2.099291
v 0.000000 0.439042 -2.099291
v 0.068325 0.425219 -2.099291
v 0.050736 0.430657 -2.099291
v 0.101972 0.405048 -2.099291
v 0.128763 0.373957 -2.099291
v 0.152709 0.344037 -2.099291
v 0.162952 0.310952 -2.099291
v 0.033451 0.408638 -2.100229
v 0.000000 0.413588 -2.100201
v 0.057894 0.401920 -2.100199
v 0.043096 0.406861 -2.100187
v 0.086434 0.384869 -2.100198
v 0.110607 0.359668 -2.100130
v 0.130971 0.333871 -2.100138
v 0.142395 0.306116 -2.100042
v 0.145699 0.272620 -2.077692
v 0.145699 0.272620 -2.100265
v 0.167667 0.272620 -2.077692
v 0.000000 0.272620 -2.100180
v 0.208887 0.320267 -0.337182
v 0.192333 0.365013 -0.337182
v 0.132994 0.439176 -0.337182
v 0.167514 0.406178 -0.337182
v 0.092963 0.465630 -0.337182
v 0.060477 0.483836 -0.337182
v 0.000000 0.492466 -0.337182
v 0.212483 0.272620 -0.337182
v 0.215043 0.375923 -0.337182
v 0.233552 0.325893 -0.337182
v 0.148697 0.458843 -0.337182
v 0.187294 0.421949 -0.337182
v 0.000000 0.513085 -0.337182
v 0.067618 0.503597 -0.337182
v 0.103940 0.488421 -0.337182
v 0.237572 0.272620 -0.337182
v 0.254406 0.329823 -0.188173
v 0.258724 0.272620 -0.188173
v 0.163294 0.472578 -0.188173
v 0.204737 0.432962 -0.188173
v 0.000000 0.532516 -0.188173
v 0.076235 0.522864 -0.188173
v 0.115236 0.504337 -0.188173
v 0.167156 0.310657 -0.188173
v 0.170708 0.271931 -0.188786
v 0.234533 0.383543 -0.188173
v 0.134049 0.379405 -0.188173
v 0.153910 0.346464 -0.188173
v 0.167156 0.310657 -0.152432
v 0.170708 0.271931 -0.153045
v 0.106425 0.405811 -0.188173
v 0.000000 0.445763 -0.188173
v 0.048395 0.439329 -0.188173
v 0.074391 0.426980 -0.188173
v 0.153910 0.346464 -0.152432
v 0.113770 0.298421 -0.152432
v 0.116835 0.272620 -0.152432
v 0.106425 0.405811 -0.152432
v 0.134049 0.379405 -0.152432
v 0.000000 0.445763 -0.152432
v 0.048395 0.439329 -0.152432
v 0.074391 0.426980 -0.152432
v 0.104754 0.322792 -0.152432
v 0.113770 0.298421 -0.133179
v 0.116835 0.272620 -0.133179
v 0.072435 0.363184 -0.152432
v 0.091236 0.345212 -0.152432
v 0.000000 0.390376 -0.152432
v 0.027872 0.387897 -0.152432
v 0.050632 0.377592 -0.152432
v 0.072435 0.363184 -0.133179
v 0.091236 0.345212 -0.133179
v 0.000000 0.390376 -0.133179
v 0.027872 0.387897 -0.133179
v 0.050632 0.377592 -0.133179
v 0.104754 0.322792 -0.133179
v 0.275980 0.239488 -0.434098
v 0.271309 0.210735 -0.434098
v 0.269635 0.211117 -0.537214
v 0.274305 0.239488 -0.537214
v 0.228095 0.163166 -1.903602
v 0.226503 0.163840 -2.013429
v 0.245442 0.216639 -2.013429
v 0.247209 0.216328 -1.903602
v 0.157711 0.075226 -1.903602
v 0.156609 0.076516 -2.013429
v 0.196829 0.115693 -2.013429
v 0.198246 0.114656 -1.903602
v 0.076065 0.023340 -1.903602
v 0.076065 0.024503 -2.013429
v 0.109232 0.045837 -2.013429
v 0.110018 0.044296 -1.903602
v 0.000000 0.010624 -1.906941
v 0.000000 0.013487 -2.016768
v 0.061348 0.013611 -2.013429
v 0.061348 0.010740 -1.903602
v 0.061348 -0.012462 -0.537214
v 0.061348 -0.015319 -0.537214
v 0.061348 -0.016569 -0.434098
v 0.061348 -0.014188 -0.434098
v 0.061348 0.006909 -1.903602
v 0.061348 0.009574 -2.013442
v 0.076065 0.011711 -2.013460
v 0.076065 0.009332 -1.903602
v 0.076065 -0.001617 -0.434098
v 0.076065 -0.013794 -0.434098
v 0.076065 -0.012688 -0.537214
v 0.076065 -0.007575 -0.537214
v 0.076065 0.014201 -1.903602
v 0.061348 -0.012088 -0.558776
v 0.061348 -0.014946 -0.558776
v 0.256391 0.214140 -1.345489
v 0.264021 0.212699 -1.345491
v 0.270354 0.239488 -1.345489
v 0.261062 0.239488 -1.345489
v 0.000000 -0.014188 -0.437438
v 0.000000 -0.012470 -0.540553
v 0.076065 0.000110 -0.537214
v 0.119999 0.023479 -0.537214
v 0.120744 0.021932 -0.434098
v 0.172737 0.056292 -0.434098
v 0.171693 0.057601 -0.537214
v 0.216230 0.100221 -0.537214
v 0.217573 0.099151 -0.434098
v 0.249809 0.152617 -0.434098
v 0.248300 0.153343 -0.537214
v 0.061348 -0.010157 -0.673273
v 0.061348 -0.013015 -0.673273
v 0.076065 -0.012345 -0.558776
v 0.076065 0.002419 -0.673273
v 0.076065 -0.005267 -0.673273
v 0.122728 0.020026 -0.673273
v 0.119003 0.025547 -0.673273
v 0.000000 -0.012098 -0.562115
v 0.236368 0.159089 -1.345489
v 0.242969 0.156911 -1.345490
v 0.163436 0.067955 -1.345489
v 0.168313 0.063317 -1.345489
v 0.211182 0.105776 -1.345489
v 0.205610 0.108691 -1.345489
v 0.076065 0.013774 -1.345038
v 0.076065 0.006088 -1.345038
v 0.118287 0.029356 -1.345489
v 0.114105 0.035718 -1.345489
v 0.061348 -0.009809 -0.693068
v 0.061348 -0.012667 -0.693068
v 0.076065 0.013865 -1.885298
v 0.076065 0.023005 -1.885298
v 0.076065 0.021165 -1.770194
v 0.076065 0.011942 -1.770194
v 0.076065 -0.010575 -0.673273
v 0.000000 -0.010175 -0.676612
v 0.076065 0.000485 -0.558776
v 0.119837 0.023815 -0.558776
v 0.171467 0.057885 -0.558776
v 0.170298 0.059350 -0.673273
v 0.214436 0.101652 -0.673273
v 0.215939 0.100453 -0.558776
v 0.247973 0.153501 -0.558776
v 0.246284 0.154314 -0.673273
v 0.267397 0.211628 -0.673273
v 0.269272 0.211200 -0.558776
v 0.061348 -0.007886 -0.808092
v 0.061348 -0.010745 -0.808092
v 0.076065 -0.010256 -0.693068
v 0.000000 -0.009829 -0.696407
v 0.061348 -0.007546 -0.827824
v 0.061348 -0.010406 -0.827824
v 0.076065 0.020845 -1.751079
v 0.076065 0.019038 -1.637928
v 0.076065 0.009792 -1.637928
v 0.076065 0.011622 -1.751079
v 0.076065 -0.008494 -0.808092
v 0.269535 0.239488 -0.827824
v 0.278827 0.239488 -0.827824
v 0.271840 0.210765 -0.827824
v 0.264864 0.212206 -0.827824
v 0.000000 -0.007915 -0.811431
v 0.076065 0.002767 -0.693068
v 0.076065 0.004692 -0.808092
v 0.118022 0.027583 -0.808092
v 0.118852 0.025859 -0.693068
v 0.170087 0.059614 -0.693068
v 0.168924 0.061073 -0.808092
v 0.212669 0.103061 -0.808092
v 0.214165 0.101868 -0.693068
v 0.245980 0.154461 -0.693068
v 0.244299 0.155270 -0.808092
v 0.265194 0.212131 -0.808092
v 0.267059 0.211705 -0.693068
v 0.061348 -0.005609 -0.942790
v 0.061348 -0.008687 -0.942790
v 0.076065 -0.008183 -0.827824
v 0.244002 0.155413 -0.827824
v 0.250276 0.153235 -0.827824
v 0.217977 0.100357 -0.827824
v 0.212405 0.103272 -0.827824
v 0.000000 -0.007577 -0.831163
v 0.168719 0.061331 -0.827824
v 0.173367 0.056903 -0.827824
v 0.121601 0.021947 -0.827824
v 0.117876 0.027888 -0.827824
v 0.258501 0.239488 -1.501160
v 0.267793 0.239488 -1.501160
v 0.261658 0.213283 -1.501160
v 0.253830 0.214724 -1.501160
v 0.076065 -0.003011 -0.827824
v 0.076065 0.005032 -0.827824
v 0.061348 -0.005211 -0.965457
v 0.061348 -0.008289 -0.965457
v 0.076065 0.009438 -1.616891
v 0.076065 0.018685 -1.616891
v 0.076065 0.016416 -1.501160
v 0.076065 0.007709 -1.501160
v 0.076065 -0.006261 -0.942790
v 0.000000 -0.005649 -0.946129
v 0.076065 0.006972 -0.942790
v 0.117039 0.029625 -0.942790
v 0.167546 0.062801 -0.942790
v 0.210897 0.104475 -0.942790
v 0.242308 0.156229 -0.942790
v 0.262984 0.212635 -0.942790
v 0.061348 -0.003350 -1.076448
v 0.061348 -0.006721 -1.076448
v 0.076065 -0.005897 -0.965457
v 0.234061 0.160200 -1.501160
v 0.240761 0.158023 -1.501160
v 0.209128 0.107414 -1.501160
v 0.203556 0.110329 -1.501160
v 0.000000 -0.005253 -0.968796
v 0.161839 0.069957 -1.501160
v 0.166630 0.065037 -1.501160
v 0.116975 0.031159 -1.501160
v 0.112965 0.038085 -1.501160
v 0.061348 -0.002972 -1.098354
v 0.061348 -0.006342 -1.098354
v 0.076065 0.014210 -1.370816
v 0.076065 0.006524 -1.370816
v 0.076065 0.007308 -1.477847
v 0.076065 0.016015 -1.477847
v 0.076065 -0.003974 -1.076448
v 0.000000 -0.003401 -1.079787
v 0.076065 0.007370 -0.965457
v 0.076065 0.009233 -1.076448
v 0.116063 0.031651 -1.076448
v 0.116867 0.029982 -0.965457
v 0.167305 0.063102 -0.965457
v 0.166180 0.064514 -1.076448
v 0.209139 0.105876 -1.076448
v 0.210587 0.104722 -0.965457
v 0.241960 0.156396 -0.965457
v 0.240333 0.157180 -1.076448
v 0.260792 0.213135 -1.076448
v 0.262598 0.212723 -0.965457
v 0.061348 -0.001054 -1.212818
v 0.061348 -0.003916 -1.212818
v 0.076065 -0.003627 -1.098354
v 0.000000 -0.003024 -1.101693
v 0.061348 -0.000707 -1.232455
v 0.061348 -0.003570 -1.232455
v 0.076065 0.011879 -1.232455
v 0.076065 0.003419 -1.232455
v 0.076065 -0.001923 -1.212818
v 0.000000 -0.001115 -1.216157
v 0.076065 0.009612 -1.098354
v 0.076065 0.011532 -1.212818
v 0.115072 0.033710 -1.212818
v 0.115900 0.031990 -1.098354
v 0.165951 0.064801 -1.098354
v 0.164790 0.066256 -1.212818
v 0.207352 0.107301 -1.212818
v 0.208845 0.106111 -1.098354
v 0.240002 0.157339 -1.098354
v 0.238326 0.158147 -1.212818
v 0.258564 0.213644 -1.212818
v 0.260425 0.213219 -1.098354
v 0.061348 0.001185 -1.345039
v 0.061348 -0.002048 -1.345040
v 0.076065 -0.001606 -1.232455
v 0.000000 -0.000770 -1.235794
v 0.268083 0.211694 -1.076448
v 0.274756 0.239488 -1.076448
v 0.265463 0.239488 -1.076448
v 0.246765 0.155002 -1.076448
v 0.061348 0.001620 -1.370817
v 0.061348 -0.001613 -1.370819
v 0.076065 0.001927 -1.098354
v 0.076065 0.003073 -1.212818
v 0.076065 0.000339 -1.345043
v 0.170829 0.059795 -1.076448
v 0.214712 0.102961 -1.076448
v 0.000000 0.001114 -1.348378
v 0.114922 0.034021 -1.232455
v 0.164581 0.066519 -1.232455
v 0.207083 0.107516 -1.232455
v 0.238023 0.158292 -1.232455
v 0.258228 0.213720 -1.232455
v 0.061348 0.003424 -1.477847
v 0.061348 -0.000181 -1.477847
v 0.076065 0.000738 -1.370822
v 0.249757 0.215880 -1.751079
v 0.257900 0.214439 -1.751079
v 0.263720 0.239488 -1.751079
v 0.254428 0.239488 -1.751079
v 0.000000 0.001547 -1.374156
v 0.076065 0.001548 -1.076448
v 0.119789 0.025127 -1.076448
v 0.230391 0.162194 -1.751079
v 0.237248 0.160016 -1.751079
v 0.159299 0.073368 -1.751079
v 0.164491 0.068146 -1.751079
v 0.205862 0.110245 -1.751079
v 0.200290 0.113160 -1.751079
v 0.061348 0.003825 -1.501160
v 0.061348 0.000220 -1.501160
v 0.076065 -0.000816 -0.965457
v 0.076065 0.002552 -1.477847
v 0.115963 0.034545 -1.751079
v 0.111152 0.042075 -1.751079
v 0.000000 0.003341 -1.481186
v 0.113138 0.037725 -1.477847
v 0.113917 0.036108 -1.370366
v 0.163172 0.068285 -1.370366
v 0.162081 0.069653 -1.477847
v 0.203868 0.110080 -1.477847
v 0.205271 0.108961 -1.370366
v 0.235988 0.159272 -1.370366
v 0.234411 0.160032 -1.477847
v 0.254219 0.214635 -1.477847
v 0.255969 0.214236 -1.370366
v 0.061348 0.006091 -1.616891
v 0.061348 0.002068 -1.616891
v 0.076065 0.002919 -1.501160
v 0.000000 0.003741 -1.504499
v 0.273943 0.239488 -0.558776
v 0.283235 0.239488 -0.558776
v 0.275908 0.209759 -0.558776
v 0.061348 0.006444 -1.637928
v 0.061348 0.002421 -1.637928
v 0.076065 -0.001214 -0.942790
v 0.076065 0.004769 -1.616891
v 0.254077 0.151323 -0.558776
v 0.221512 0.097538 -0.558776
v 0.000000 0.005998 -1.620230
v 0.112134 0.040152 -1.616891
v 0.160675 0.071759 -1.616891
v 0.202058 0.111865 -1.616891
v 0.232378 0.161352 -1.616891
v 0.251963 0.215492 -1.616891
v 0.061348 0.008248 -1.751079
v 0.061348 0.004417 -1.751079
v 0.076065 0.005091 -1.637928
v 0.000000 0.006349 -1.641267
v 0.175911 0.053717 -0.558776
v 0.123154 0.018394 -0.558776
v 0.262899 0.239488 -1.232455
v 0.272191 0.239488 -1.232455
v 0.265716 0.212280 -1.232455
v 0.076065 -0.007201 -0.558776
v 0.244553 0.156114 -1.232455
v 0.212655 0.104601 -1.232455
v 0.061348 0.008568 -1.770194
v 0.061348 0.004737 -1.770194
v 0.076065 -0.004918 -0.693068
v 0.076065 -0.003351 -0.808092
v 0.076065 0.006933 -1.751079
v 0.000000 0.008144 -1.754418
v 0.111973 0.040467 -1.637928
v 0.160450 0.072022 -1.637928
v 0.201769 0.112077 -1.637928
v 0.232053 0.161490 -1.637928
v 0.251602 0.215556 -1.637928
v 0.061348 0.010405 -1.885298
v 0.061348 0.006574 -1.885298
v 0.076065 0.007225 -1.770194
v 0.169230 0.061719 -1.232455
v 0.118648 0.027336 -1.232455
v 0.000000 0.008463 -1.773533
v 0.251880 0.239488 -1.903602
v 0.261172 0.239488 -1.903602
v 0.255546 0.214887 -1.903602
v 0.235050 0.160988 -1.903602
v 0.203819 0.111741 -1.903602
v 0.076065 0.009026 -1.885298
v 0.163515 0.070393 -1.903602
v 0.116055 0.037544 -1.903602
v 0.000000 0.010291 -1.888637
v 0.110171 0.043998 -1.885298
v 0.111007 0.042360 -1.770194
v 0.159096 0.073606 -1.770194
v 0.157924 0.074977 -1.885298
v 0.198521 0.114455 -1.885298
v 0.200027 0.113352 -1.770194
v 0.230096 0.162318 -1.770194
v 0.228404 0.163035 -1.885298
v 0.247552 0.216268 -1.885298
v 0.249430 0.215937 -1.770194
v 0.250113 0.239488 -2.013429
v 0.272068 0.239488 -0.673273
v 0.281360 0.239488 -0.673273
v 0.252222 0.239488 -1.885298
v 0.254101 0.239488 -1.770194
v 0.256273 0.239488 -1.637928
v 0.256634 0.239488 -1.616891
v 0.265926 0.239488 -1.616891
v 0.272145 0.210690 -0.808092
v 0.279157 0.239488 -0.808092
v 0.269865 0.239488 -0.808092
v 0.258890 0.239488 -1.477847
v 0.260640 0.239488 -1.370366
v 0.263235 0.239488 -1.212818
v 0.272527 0.239488 -1.212818
v 0.274388 0.239488 -1.098354
v 0.265096 0.239488 -1.098354
v 0.250561 0.153092 -0.808092
v 0.281023 0.239488 -0.693068
v 0.271730 0.239488 -0.693068
v 0.173573 0.056645 -0.808092
v 0.218241 0.100146 -0.808092
v 0.267269 0.239488 -0.965457
v 0.259665 0.239488 -2.013620
v 0.251068 0.239488 -2.029315
v 0.267655 0.239488 -0.942790
v 0.262017 0.213195 -1.477847
v 0.268182 0.239488 -1.477847
v 0.265565 0.239488 -1.637928
v 0.121748 0.021643 -0.808092
v 0.241096 0.157854 -1.477847
v 0.285272 0.239488 -0.434098
v 0.283598 0.239488 -0.537214
v 0.276561 0.239488 -0.965457
v 0.269932 0.239488 -1.370366
v 0.261515 0.239488 -1.885298
v 0.263393 0.239488 -1.770194
v 0.276947 0.239488 -0.942790
v 0.123315 0.018059 -0.537214
v 0.176137 0.053433 -0.537214
v 0.221803 0.097306 -0.537214
v 0.254390 0.151165 -0.537214
v 0.276243 0.209676 -0.537214
v 0.122578 0.020338 -0.693068
v 0.174947 0.055132 -0.673273
v 0.174736 0.055396 -0.693068
v 0.219737 0.098953 -0.693068
v 0.220008 0.098737 -0.673273
v 0.252461 0.152136 -0.673273
v 0.252169 0.152283 -0.693068
v 0.273866 0.210264 -0.693068
v 0.274178 0.210187 -0.673273
v 0.120592 0.023685 -0.965457
v 0.120764 0.023328 -0.942790
v 0.172195 0.058195 -0.942790
v 0.171954 0.058496 -0.965457
v 0.216160 0.101807 -0.965457
v 0.216469 0.101560 -0.942790
v 0.248655 0.154051 -0.942790
v 0.248322 0.154218 -0.965457
v 0.269749 0.211282 -0.965457
v 0.270105 0.211194 -0.942790
v 0.119625 0.025467 -1.098354
v 0.170600 0.060082 -1.098354
v 0.214417 0.103196 -1.098354
v 0.246448 0.155161 -1.098354
v 0.267744 0.211778 -1.098354
v 0.118797 0.027025 -1.212818
v 0.169439 0.061456 -1.212818
v 0.212925 0.104386 -1.212818
v 0.244843 0.155969 -1.212818
v 0.266026 0.212203 -1.212818
v 0.118099 0.029746 -1.370366
v 0.168050 0.063647 -1.370366
v 0.210844 0.106046 -1.370366
v 0.242605 0.157095 -1.370367
v 0.263631 0.212795 -1.370369
v 0.117148 0.030799 -1.477847
v 0.166873 0.064733 -1.477847
v 0.209440 0.107165 -1.477847
v 0.116676 0.033279 -1.637928
v 0.116836 0.032965 -1.616891
v 0.165812 0.066708 -1.616891
v 0.165587 0.066971 -1.637928
v 0.207341 0.109162 -1.637928
v 0.207631 0.108950 -1.616891
v 0.239151 0.159174 -1.616891
v 0.238840 0.159312 -1.637928
v 0.259602 0.214115 -1.637928
v 0.259935 0.214051 -1.616891
v 0.115817 0.034831 -1.770194
v 0.164287 0.068384 -1.770194
v 0.205600 0.110437 -1.770194
v 0.236967 0.160141 -1.770194
v 0.257598 0.214497 -1.770194
v 0.116207 0.037246 -1.885298
v 0.163729 0.070143 -1.885298
v 0.204093 0.111540 -1.885298
v 0.235346 0.160857 -1.885298
v 0.255864 0.214827 -1.885298
v 0.155217 0.078233 -0.393579
v 0.132994 0.106064 -0.384891
v 0.092963 0.079610 -0.384891
v 0.109203 0.045893 -0.394699
v 0.059364 0.018880 -0.388860
v 0.049146 0.061404 -0.380597
v 0.000000 0.052774 -0.383936
v 0.000000 0.018880 -0.392199
v 0.222923 0.165532 -0.392389
v 0.192333 0.180227 -0.384891
v 0.167514 0.139062 -0.384891
v 0.194516 0.117534 -0.392706
v 0.241290 0.217582 -0.391809
v 0.208887 0.224973 -0.384891
v 0.060477 0.061404 -0.384891
v 0.073605 0.023297 -0.393829
v 0.073605 0.018454 -0.384526
v 0.060477 0.061404 -0.377196
v 0.048615 0.061404 -0.377196
v 0.059364 0.015709 -0.384469
v 0.212483 0.244711 -0.381237
v 0.245997 0.240886 -0.388509
v 0.212483 0.244711 -0.384891
v 0.244345 0.240886 -0.391046
v 0.075701 0.009151 -0.411021
v 0.075701 -0.005257 -0.408390
v 0.265143 0.239590 -0.411021
v 0.260656 0.213165 -0.411021
v 0.271724 0.239590 -0.408203
v 0.060949 -0.007829 -0.408356
v 0.060949 -0.002926 -0.409858
v 0.116003 0.031775 -0.411021
v 0.209030 0.105962 -0.411021
v 0.165954 0.064786 -0.411021
v 0.240000 0.157329 -0.411021
v 0.000000 -0.002926 -0.413197
v 0.075196 0.016224 -0.402425
v 0.075196 0.004401 -0.394444
v 0.254744 0.240238 -0.401033
v 0.250973 0.215373 -0.401415
v 0.260289 0.240238 -0.397051
v 0.061004 0.001856 -0.394399
v 0.061004 0.005823 -0.398675
v 0.112603 0.038834 -0.402860
v 0.201773 0.111748 -0.401863
v 0.160586 0.071509 -0.402300
v 0.231461 0.161430 -0.401705
v 0.000000 0.005823 -0.402014
v 0.238054 0.240120 -2.039258
v 0.216265 0.242239 -2.043089
v 0.243939 0.239488 -2.025441
v 0.235060 0.240120 -2.033618
v 0.215695 0.242239 -2.038502
v 0.190081 0.244990 -2.046020
v 0.189870 0.244990 -2.042456
v 0.075616 0.023157 -2.035167
v 0.075616 0.033413 -2.027043
v 0.061348 0.025589 -2.032586
v 0.061348 0.021237 -2.036365
v 0.000000 0.024530 -2.036979
v 0.058194 0.039117 -2.040093
v 0.058194 0.037295 -2.044079
v 0.000000 0.039038 -2.043432
v 0.073181 0.038058 -2.043482
v 0.073181 0.047361 -2.035552
v 0.052902 0.059568 -2.043591
v 0.052902 0.058512 -2.047250
v 0.000000 0.059522 -2.046930
v 0.065932 0.059786 -2.046901
v 0.067508 0.062916 -2.037890
v 0.045034 0.089502 -2.045798
v 0.045034 0.089502 -2.049157
v 0.000000 0.083873 -2.049262
v 0.055371 0.093208 -2.048957
v 0.057541 0.093383 -2.042456
v 0.188549 0.121564 -2.026929
v 0.217994 0.167134 -2.026482
v 0.238891 0.217982 -2.026286
v 0.105131 0.050162 -2.026625
v 0.150554 0.084813 -2.027935
v 0.098245 0.058470 -2.035273
v 0.142825 0.092478 -2.035273
v 0.228975 0.219483 -2.034305
v 0.180819 0.129229 -2.035273
v 0.208211 0.171621 -2.035273
v 0.077491 0.099552 -2.042456
v 0.090771 0.071387 -2.037890
v 0.115650 0.122427 -2.042456
v 0.132724 0.103323 -2.037890
v 0.148358 0.153996 -2.042456
v 0.168512 0.139129 -2.037890
v 0.173194 0.191623 -2.042456
v 0.194239 0.180312 -2.037890
v 0.187156 0.228266 -2.042456
v 0.211789 0.222708 -2.037917
v 0.148358 0.153996 -2.077692
v 0.173194 0.191623 -2.077692
v 0.115650 0.122427 -2.077692
v 0.187156 0.228266 -2.077692
v 0.000000 0.083873 -2.077692
v 0.045034 0.089502 -2.077692
v 0.190159 0.248347 -2.077692
v 0.077491 0.099552 -2.077692
v 0.057541 0.093383 -2.077692
v 0.167238 0.194408 -2.092367
v 0.180287 0.230054 -2.092367
v 0.183619 0.248347 -2.092367
v 0.000000 0.090364 -2.092367
v 0.043485 0.095799 -2.092367
v 0.055563 0.099547 -2.092367
v 0.074826 0.105503 -2.092367
v 0.111673 0.127592 -2.092367
v 0.143336 0.157948 -2.092367
v 0.145699 0.248347 -2.077692
v 0.167667 0.248347 -2.077692
v 0.167667 0.248347 -2.099291
v 0.145699 0.248347 -2.100265
v 0.000000 0.106198 -2.099291
v 0.039707 0.111160 -2.099291
v 0.050736 0.114583 -2.099291
v 0.068325 0.120021 -2.099291
v 0.101972 0.140192 -2.099291
v 0.128763 0.171283 -2.099291
v 0.152709 0.201203 -2.099291
v 0.162952 0.234288 -2.099291
v 0.000000 0.131652 -2.100201
v 0.033451 0.136602 -2.100229
v 0.043096 0.138379 -2.100187
v 0.057894 0.143320 -2.100199
v 0.086434 0.160371 -2.100198
v 0.110607 0.185572 -2.100130
v 0.130971 0.211369 -2.100138
v 0.142395 0.239123 -2.100042
v 0.208887 0.224973 -0.337182
v 0.192333 0.180227 -0.337182
v 0.167514 0.139062 -0.337182
v 0.132994 0.106064 -0.337182
v 0.092963 0.079610 -0.337182
v 0.060477 0.061404 -0.337182
v 0.000000 0.052774 -0.337182
v 0.233552 0.219346 -0.337182
v 0.215043 0.169317 -0.337182
v 0.187294 0.123291 -0.337182
v 0.148697 0.086397 -0.337182
v 0.067618 0.041643 -0.337182
v 0.000000 0.032155 -0.337182
v 0.103940 0.056819 -0.337182
v 0.254406 0.215417 -0.188173
v 0.204737 0.112277 -0.188173
v 0.163294 0.072662 -0.188173
v 0.076235 0.022376 -0.188173
v 0.000000 0.012724 -0.188173
v 0.115236 0.040903 -0.188173
v 0.170708 0.273309 -0.188786
v 0.167156 0.234583 -0.188173
v 0.234533 0.161697 -0.188173
v 0.153910 0.198776 -0.188173
v 0.134049 0.165835 -0.188173
v 0.170708 0.273309 -0.153045
v 0.167156 0.234583 -0.152432
v 0.106425 0.139429 -0.188173
v 0.048395 0.105911 -0.188173
v 0.000000 0.099477 -0.188173
v 0.074391 0.118260 -0.188173
v 0.153910 0.198776 -0.152432
v 0.113770 0.246819 -0.152432
v 0.134049 0.165835 -0.152432
v 0.106425 0.139429 -0.152432
v 0.048395 0.105911 -0.152432
v 0.000000 0.099477 -0.152432
v 0.074391 0.118260 -0.152432
v 0.104754 0.222448 -0.152432
v 0.113770 0.246819 -0.133179
v 0.091236 0.200028 -0.152432
v 0.072435 0.182056 -0.152432
v 0.027872 0.157343 -0.152432
v 0.000000 0.154864 -0.152432
v 0.050632 0.167648 -0.152432
v 0.091236 0.200028 -0.133179
v 0.072435 0.182056 -0.133179
v 0.027872 0.157343 -0.133179
v 0.000000 0.154864 -0.133179
v 0.050632 0.167648 -0.133179
v 0.104754 0.222448 -0.133179
v -0.275980 0.305752 -0.434098
v -0.271309 0.334505 -0.434098
v -0.269635 0.334123 -0.537214
v -0.274305 0.305752 -0.537214
v -0.228095 0.382074 -1.903602
v -0.226503 0.381400 -2.013429
v -0.245442 0.328601 -2.013429
v -0.247209 0.328912 -1.903602
v -0.157711 0.470013 -1.903602
v -0.156609 0.468724 -2.013429
v -0.196829 0.429547 -2.013429
v -0.198246 0.430584 -1.903602
v -0.076065 0.521900 -1.903602
v -0.076065 0.520737 -2.013429
v -0.109232 0.499403 -2.013429
v -0.110018 0.500944 -1.903602
v -0.061348 0.531629 -2.013429
v -0.061348 0.534500 -1.903602
v -0.061348 0.557702 -0.537214
v -0.061348 0.560559 -0.537214
v -0.061348 0.561809 -0.434098
v -0.061348 0.559428 -0.434098
v -0.061348 0.538331 -1.903602
v -0.061348 0.535666 -2.013442
v -0.076065 0.533529 -2.013460
v -0.076065 0.535908 -1.903602
v -0.076065 0.557928 -0.537214
v -0.076065 0.552815 -0.537214
v -0.076065 0.559034 -0.434098
v -0.076065 0.531039 -1.903602
v -0.061348 0.557328 -0.558776
v -0.061348 0.560186 -0.558776
v -0.256391 0.331100 -1.345489
v -0.264021 0.332541 -1.345491
v -0.270354 0.305752 -1.345489
v -0.261062 0.305752 -1.345489
v -0.076065 0.546857 -0.434098
v -0.076065 0.545130 -0.537214
v -0.119999 0.521761 -0.537214
v -0.120744 0.523308 -0.434098
v -0.172737 0.488948 -0.434098
v -0.171693 0.487639 -0.537214
v -0.216230 0.445019 -0.537214
v -0.217573 0.446089 -0.434098
v -0.249809 0.392623 -0.434098
v -0.248300 0.391897 -0.537214
v -0.061348 0.555397 -0.673273
v -0.061348 0.558255 -0.673273
v -0.076065 0.557585 -0.558776
v -0.076065 0.542821 -0.673273
v -0.076065 0.550507 -0.673273
v -0.122728 0.525214 -0.673273
v -0.119003 0.519693 -0.673273
v -0.236368 0.386151 -1.345489
v -0.242969 0.388329 -1.345490
v -0.163436 0.477285 -1.345489
v -0.168313 0.481923 -1.345489
v -0.211182 0.439464 -1.345489
v -0.205610 0.436549 -1.345489
v -0.076065 0.531466 -1.345038
v -0.076065 0.539151 -1.345038
v -0.118287 0.515884 -1.345489
v -0.114105 0.509522 -1.345489
v -0.061348 0.555048 -0.693068
v -0.061348 0.557907 -0.693068
v -0.076065 0.531375 -1.885298
v -0.076065 0.522235 -1.885298
v -0.076065 0.524075 -1.770194
v -0.076065 0.533298 -1.770194
v -0.076065 0.555815 -0.673273
v -0.076065 0.544755 -0.558776
v -0.119837 0.521425 -0.558776
v -0.171467 0.487355 -0.558776
v -0.170298 0.485890 -0.673273
v -0.214436 0.443588 -0.673273
v -0.215939 0.444786 -0.558776
v -0.247973 0.391739 -0.558776
v -0.246284 0.390926 -0.673273
v -0.267397 0.333612 -0.673273
v -0.269272 0.334040 -0.558776
v -0.061348 0.553126 -0.808092
v -0.061348 0.555985 -0.808092
v -0.076065 0.555496 -0.693068
v -0.061348 0.552786 -0.827824
v -0.061348 0.555646 -0.827824
v -0.076065 0.524395 -1.751079
v -0.076065 0.526202 -1.637928
v -0.076065 0.535448 -1.637928
v -0.076065 0.533618 -1.751079
v -0.076065 0.553734 -0.808092
v -0.269535 0.305752 -0.827824
v -0.278827 0.305752 -0.827824
v -0.271840 0.334475 -0.827824
v -0.264864 0.333034 -0.827824
v -0.076065 0.542473 -0.693068
v -0.076065 0.540548 -0.808092
v -0.118022 0.517657 -0.808092
v -0.118852 0.519381 -0.693068
v -0.170087 0.485626 -0.693068
v -0.168924 0.484167 -0.808092
v -0.212669 0.442179 -0.808092
v -0.214165 0.443372 -0.693068
v -0.245980 0.390779 -0.693068
v -0.244299 0.389970 -0.808092
v -0.265194 0.333109 -0.808092
v -0.267059 0.333535 -0.693068
v -0.061348 0.550848 -0.942790
v -0.061348 0.553927 -0.942790
v -0.076065 0.553423 -0.827824
v -0.244002 0.389827 -0.827824
v -0.250276 0.392005 -0.827824
v -0.217977 0.444883 -0.827824
v -0.212405 0.441968 -0.827824
v -0.168719 0.483909 -0.827824
v -0.173367 0.488337 -0.827824
v -0.121601 0.523292 -0.827824
v -0.117876 0.517352 -0.827824
v -0.258501 0.305752 -1.501160
v -0.267793 0.305752 -1.501160
v -0.261658 0.331957 -1.501160
v -0.253830 0.330516 -1.501160
v -0.076065 0.548251 -0.827824
v -0.076065 0.540208 -0.827824
v -0.061348 0.550451 -0.965457
v -0.061348 0.553529 -0.965457
v -0.076065 0.535801 -1.616891
v -0.076065 0.526555 -1.616891
v -0.076065 0.528824 -1.501160
v -0.076065 0.537531 -1.501160
v -0.076065 0.551501 -0.942790
v -0.076065 0.538268 -0.942790
v -0.117039 0.515614 -0.942790
v -0.167546 0.482439 -0.942790
v -0.210897 0.440765 -0.942790
v -0.242308 0.389011 -0.942790
v -0.262984 0.332605 -0.942790
v -0.061348 0.548590 -1.076448
v -0.061348 0.551960 -1.076448
v -0.076065 0.551137 -0.965457
v -0.234061 0.385039 -1.501160
v -0.240761 0.387217 -1.501160
v -0.209128 0.437826 -1.501160
v -0.203556 0.434911 -1.501160
v -0.161839 0.475283 -1.501160
v -0.166630 0.480203 -1.501160
v -0.116975 0.514081 -1.501160
v -0.112965 0.507155 -1.501160
v -0.061348 0.548211 -1.098354
v -0.061348 0.551582 -1.098354
v -0.076065 0.531030 -1.370816
v -0.076065 0.538716 -1.370816
v -0.076065 0.537932 -1.477847
v -0.076065 0.529225 -1.477847
v -0.076065 0.549214 -1.076448
v -0.076065 0.537870 -0.965457
v -0.076065 0.536007 -1.076448
v -0.116063 0.513589 -1.076448
v -0.116867 0.515258 -0.965457
v -0.167305 0.482138 -0.965457
v -0.166180 0.480726 -1.076448
v -0.209139 0.439364 -1.076448
v -0.210587 0.440518 -0.965457
v -0.241960 0.388844 -0.965457
v -0.240333 0.388060 -1.076448
v -0.260792 0.332105 -1.076448
v -0.262598 0.332517 -0.965457
v -0.061348 0.546294 -1.212818
v -0.061348 0.549156 -1.212818
v -0.076065 0.548867 -1.098354
v -0.061348 0.545947 -1.232455
v -0.061348 0.548810 -1.232455
v -0.076065 0.533361 -1.232455
v -0.076065 0.541821 -1.232455
v -0.076065 0.547163 -1.212818
v -0.076065 0.535628 -1.098354
v -0.076065 0.533708 -1.212818
v -0.115072 0.511530 -1.212818
v -0.115900 0.513250 -1.098354
v -0.165951 0.480439 -1.098354
v -0.164790 0.478984 -1.212818
v -0.207352 0.437939 -1.212818
v -0.208845 0.439129 -1.098354
v -0.240002 0.387901 -1.098354
v -0.238326 0.387093 -1.212818
v -0.258564 0.331596 -1.212818
v -0.260425 0.332021 -1.098354
v -0.061348 0.544055 -1.345039
v -0.061348 0.547288 -1.345040
v -0.076065 0.546846 -1.232455
v -0.268083 0.333546 -1.076448
v -0.274756 0.305752 -1.076448
v -0.265463 0.305752 -1.076448
v -0.246765 0.390238 -1.076448
v -0.061348 0.543620 -1.370817
v -0.061348 0.546853 -1.370819
v -0.076065 0.543313 -1.098354
v -0.076065 0.542167 -1.212818
v -0.076065 0.544901 -1.345043
v -0.170829 0.485445 -1.076448
v -0.214712 0.442279 -1.076448
v -0.114922 0.511219 -1.232455
v -0.164581 0.478721 -1.232455
v -0.207083 0.437724 -1.232455
v -0.238023 0.386948 -1.232455
v -0.258228 0.331519 -1.232455
v -0.061348 0.541816 -1.477847
v -0.061348 0.545421 -1.477847
v -0.076065 0.544502 -1.370822
v -0.249757 0.329360 -1.751079
v -0.257900 0.330801 -1.751079
v -0.263720 0.305752 -1.751079
v -0.254428 0.305752 -1.751079
v -0.076065 0.543692 -1.076448
v -0.119789 0.520113 -1.076448
v -0.230391 0.383046 -1.751079
v -0.237248 0.385224 -1.751079
v -0.159299 0.471872 -1.751079
v -0.164491 0.477094 -1.751079
v -0.205862 0.434995 -1.751079
v -0.200290 0.432080 -1.751079
v -0.061348 0.541415 -1.501160
v -0.061348 0.545020 -1.501160
v -0.076065 0.546056 -0.965457
v -0.076065 0.542688 -1.477847
v -0.115963 0.510694 -1.751079
v -0.111152 0.503165 -1.751079
v -0.113138 0.507515 -1.477847
v -0.113917 0.509132 -1.370366
v -0.163172 0.476955 -1.370366
v -0.162081 0.475587 -1.477847
v -0.203868 0.435160 -1.477847
v -0.205271 0.436279 -1.370366
v -0.235988 0.385967 -1.370366
v -0.234411 0.385208 -1.477847
v -0.254219 0.330605 -1.477847
v -0.255969 0.331004 -1.370366
v -0.061348 0.539149 -1.616891
v -0.061348 0.543172 -1.616891
v -0.076065 0.542321 -1.501160
v -0.273943 0.305752 -0.558776
v -0.283235 0.305752 -0.558776
v -0.275908 0.335481 -0.558776
v -0.061348 0.538796 -1.637928
v -0.061348 0.542819 -1.637928
v -0.076065 0.546454 -0.942790
v -0.076065 0.540471 -1.616891
v -0.254077 0.393917 -0.558776
v -0.221512 0.447701 -0.558776
v -0.112134 0.505088 -1.616891
v -0.160675 0.473481 -1.616891
v -0.202058 0.433375 -1.616891
v -0.232378 0.383888 -1.616891
v -0.251963 0.329748 -1.616891
v -0.061348 0.536992 -1.751079
v -0.061348 0.540823 -1.751079
v -0.076065 0.540149 -1.637928
v -0.175911 0.491523 -0.558776
v -0.123154 0.526846 -0.558776
v -0.262899 0.305752 -1.232455
v -0.272191 0.305752 -1.232455
v -0.265716 0.332960 -1.232455
v -0.076065 0.552441 -0.558776
v -0.244553 0.389125 -1.232455
v -0.212655 0.440639 -1.232455
v -0.061348 0.536672 -1.770194
v -0.061348 0.540503 -1.770194
v -0.076065 0.550158 -0.693068
v -0.076065 0.548591 -0.808092
v -0.076065 0.538307 -1.751079
v -0.111973 0.504773 -1.637928
v -0.160450 0.473218 -1.637928
v -0.201769 0.433163 -1.637928
v -0.232053 0.383750 -1.637928
v -0.251602 0.329684 -1.637928
v -0.061348 0.534835 -1.885298
v -0.061348 0.538666 -1.885298
v -0.076065 0.538015 -1.770194
v -0.169230 0.483521 -1.232455
v -0.118648 0.517904 -1.232455
v -0.251880 0.305752 -1.903602
v -0.261172 0.305752 -1.903602
v -0.255546 0.330353 -1.903602
v -0.235050 0.384252 -1.903602
v -0.203819 0.433499 -1.903602
v -0.076065 0.536214 -1.885298
v -0.163515 0.474847 -1.903602
v -0.116055 0.507695 -1.903602
v -0.110171 0.501242 -1.885298
v -0.111007 0.502880 -1.770194
v -0.159096 0.471634 -1.770194
v -0.157924 0.470263 -1.885298
v -0.198521 0.430785 -1.885298
v -0.200027 0.431888 -1.770194
v -0.230096 0.382921 -1.770194
v -0.228404 0.382205 -1.885298
v -0.247552 0.328972 -1.885298
v -0.249430 0.329302 -1.770194
v -0.250113 0.305752 -2.013429
v -0.272068 0.305752 -0.673273
v -0.281360 0.305752 -0.673273
v -0.252222 0.305752 -1.885298
v -0.254101 0.305752 -1.770194
v -0.256273 0.305752 -1.637928
v -0.256634 0.305752 -1.616891
v -0.265926 0.305752 -1.616891
v -0.272145 0.334550 -0.808092
v -0.279157 0.305752 -0.808092
v -0.269865 0.305752 -0.808092
v -0.258890 0.305752 -1.477847
v -0.260640 0.305752 -1.370366
v -0.263235 0.305752 -1.212818
v -0.272527 0.305752 -1.212818
v -0.274388 0.305752 -1.098354
v -0.265096 0.305752 -1.098354
v -0.250561 0.392148 -0.808092
v -0.281023 0.305752 -0.693068
v -0.271730 0.305752 -0.693068
v -0.173573 0.488595 -0.808092
v -0.218241 0.445094 -0.808092
v -0.267269 0.305752 -0.965457
v -0.259665 0.272620 -2.013620
v -0.259665 0.305752 -2.013620
v -0.251068 0.305752 -2.029315
v -0.251068 0.272620 -2.029315
v -0.267655 0.305752 -0.942790
v -0.262017 0.332045 -1.477847
v -0.268182 0.305752 -1.477847
v -0.265565 0.305752 -1.637928
v -0.121748 0.523597 -0.808092
v -0.241096 0.387386 -1.477847
v -0.285272 0.272620 -0.434098
v -0.285272 0.305752 -0.434098
v -0.283598 0.305752 -0.537214
v -0.283598 0.272620 -0.537214
v -0.276561 0.305752 -0.965457
v -0.269932 0.305752 -1.370366
v -0.261515 0.305752 -1.885298
v -0.263393 0.305752 -1.770194
v -0.276947 0.305752 -0.942790
v -0.123315 0.527181 -0.537214
v -0.176137 0.491807 -0.537214
v -0.221803 0.447934 -0.537214
v -0.254390 0.394075 -0.537214
v -0.276243 0.335564 -0.537214
v -0.122578 0.524902 -0.693068
v -0.174947 0.490108 -0.673273
v -0.174736 0.489844 -0.693068
v -0.219737 0.446287 -0.693068
v -0.220008 0.446503 -0.673273
v -0.252461 0.393104 -0.673273
v -0.252169 0.392957 -0.693068
v -0.273866 0.334976 -0.693068
v -0.274178 0.335053 -0.673273
v -0.120592 0.521555 -0.965457
v -0.120764 0.521912 -0.942790
v -0.172195 0.487045 -0.942790
v -0.171954 0.486744 -0.965457
v -0.216160 0.443433 -0.965457
v -0.216469 0.443680 -0.942790
v -0.248655 0.391189 -0.942790
v -0.248322 0.391022 -0.965457
v -0.269749 0.333958 -0.965457
v -0.270105 0.334046 -0.942790
v -0.119625 0.519773 -1.098354
v -0.170600 0.485158 -1.098354
v -0.214417 0.442044 -1.098354
v -0.246448 0.390079 -1.098354
v -0.267744 0.333462 -1.098354
v -0.118797 0.518215 -1.212818
v -0.169439 0.483784 -1.212818
v -0.212925 0.440854 -1.212818
v -0.244843 0.389271 -1.212818
v -0.266026 0.333037 -1.212818
v -0.118099 0.515494 -1.370366
v -0.168050 0.481593 -1.370366
v -0.210844 0.439194 -1.370366
v -0.242605 0.388145 -1.370367
v -0.263631 0.332445 -1.370369
v -0.117148 0.514441 -1.477847
v -0.166873 0.480507 -1.477847
v -0.209440 0.438075 -1.477847
v -0.116676 0.511961 -1.637928
v -0.116836 0.512275 -1.616891
v -0.165812 0.478532 -1.616891
v -0.165587 0.478269 -1.637928
v -0.207341 0.436078 -1.637928
v -0.207631 0.436290 -1.616891
v -0.239151 0.386065 -1.616891
v -0.238840 0.385928 -1.637928
v -0.259602 0.331125 -1.637928
v -0.259935 0.331189 -1.616891
v -0.115817 0.510409 -1.770194
v -0.164287 0.476856 -1.770194
v -0.205600 0.434803 -1.770194
v -0.236967 0.385099 -1.770194
v -0.257598 0.330743 -1.770194
v -0.116207 0.507994 -1.885298
v -0.163729 0.475097 -1.885298
v -0.204093 0.433700 -1.885298
v -0.235346 0.384383 -1.885298
v -0.255864 0.330413 -1.885298
v -0.283235 0.272620 -0.558776
v -0.281360 0.272620 -0.673273
v -0.281023 0.272620 -0.693068
v -0.279157 0.272620 -0.808092
v -0.278827 0.272620 -0.827824
v -0.276947 0.272620 -0.942790
v -0.276561 0.272620 -0.965457
v -0.274756 0.272620 -1.076448
v -0.274388 0.272620 -1.098354
v -0.272527 0.272620 -1.212818
v -0.272191 0.272620 -1.232455
v -0.270354 0.272620 -1.345038
v -0.269932 0.272620 -1.370816
v -0.268182 0.272620 -1.477847
v -0.267793 0.272620 -1.501160
v -0.265926 0.272620 -1.616891
v -0.265565 0.272620 -1.637928
v -0.263720 0.272620 -1.751079
v -0.263393 0.272620 -1.770194
v -0.261515 0.272620 -1.885298
v -0.261172 0.272620 -1.903602
v -0.155217 0.467007 -0.393579
v -0.132994 0.439176 -0.384891
v -0.092963 0.465630 -0.384891
v -0.109203 0.499347 -0.394699
v -0.059364 0.526360 -0.388860
v -0.049146 0.483836 -0.380597
v -0.222923 0.379708 -0.392389
v -0.192333 0.365013 -0.384891
v -0.167514 0.406178 -0.384891
v -0.194516 0.427706 -0.392706
v -0.241290 0.327658 -0.391809
v -0.208887 0.320267 -0.384891
v -0.060477 0.483836 -0.384891
v -0.073605 0.521943 -0.393829
v -0.073605 0.526786 -0.384526
v -0.060477 0.483836 -0.377196
v -0.048615 0.483836 -0.377196
v -0.059364 0.529531 -0.384469
v -0.245997 0.272620 -0.388509
v -0.212483 0.272620 -0.381237
v -0.212483 0.300529 -0.381237
v -0.245997 0.304354 -0.388509
v -0.212483 0.300529 -0.384891
v -0.244345 0.304354 -0.391046
v -0.075701 0.536089 -0.411021
v -0.075701 0.550497 -0.408390
v -0.265143 0.305650 -0.411021
v -0.260656 0.332075 -0.411021
v -0.271724 0.305650 -0.408203
v -0.060949 0.553069 -0.408356
v -0.060949 0.548166 -0.409858
v -0.271724 0.272620 -0.408203
v -0.116003 0.513465 -0.411021
v -0.209030 0.439278 -0.411021
v -0.165954 0.480454 -0.411021
v -0.240000 0.387911 -0.411021
v -0.075196 0.529016 -0.402425
v -0.075196 0.540839 -0.394444
v -0.254744 0.305002 -0.401033
v -0.250973 0.329866 -0.401415
v -0.260289 0.305002 -0.397051
v -0.061004 0.543384 -0.394399
v -0.061004 0.539417 -0.398675
v -0.260289 0.272620 -0.397051
v -0.112603 0.506406 -0.402860
v -0.201773 0.433492 -0.401863
v -0.160586 0.473731 -0.402300
v -0.231461 0.383810 -0.401705
v -0.238054 0.305120 -2.039258
v -0.216265 0.303001 -2.043089
v -0.216265 0.272620 -2.043089
v -0.238054 0.272620 -2.039258
v -0.243939 0.305752 -2.025441
v -0.235060 0.305120 -2.033618
v -0.215695 0.303001 -2.038502
v -0.190081 0.300250 -2.046020
v -0.194021 0.272620 -2.046020
v -0.189870 0.300250 -2.042456
v -0.075616 0.522083 -2.035167
v -0.075616 0.511827 -2.027043
v -0.061348 0.519651 -2.032586
v -0.061348 0.524003 -2.036365
v -0.058194 0.506123 -2.040093
v -0.058194 0.507945 -2.044079
v -0.073181 0.507182 -2.043482
v -0.073181 0.497879 -2.035552
v -0.052902 0.485672 -2.043591
v -0.052902 0.486728 -2.047250
v -0.065932 0.485454 -2.046901
v -0.067508 0.482323 -2.037890
v -0.045034 0.455738 -2.045798
v -0.045034 0.455738 -2.049157
v -0.055371 0.452032 -2.048957
v -0.057541 0.451857 -2.042456
v -0.188549 0.423676 -2.026929
v -0.217994 0.378106 -2.026482
v -0.238891 0.327258 -2.026286
v -0.105131 0.495078 -2.026625
v -0.150554 0.460427 -2.027935
v -0.098245 0.486770 -2.035273
v -0.142825 0.452762 -2.035273
v -0.228975 0.325757 -2.034305
v -0.180819 0.416011 -2.035273
v -0.208211 0.373619 -2.035273
v -0.077491 0.445688 -2.042456
v -0.090771 0.473853 -2.037890
v -0.115650 0.422813 -2.042456
v -0.132724 0.441917 -2.037890
v -0.148358 0.391244 -2.042456
v -0.168512 0.406111 -2.037890
v -0.173194 0.353617 -2.042456
v -0.194239 0.364928 -2.037890
v -0.187156 0.316974 -2.042456
v -0.211789 0.322532 -2.037917
v -0.148358 0.391244 -2.077692
v -0.173194 0.353617 -2.077692
v -0.115650 0.422813 -2.077692
v -0.187156 0.316974 -2.077692
v -0.045034 0.455738 -2.077692
v -0.190159 0.296893 -2.077692
v -0.077491 0.445688 -2.077692
v -0.057541 0.451857 -2.077692
v -0.194021 0.272620 -2.077692
v -0.167238 0.350832 -2.092367
v -0.180287 0.315185 -2.092367
v -0.183619 0.296893 -2.092367
v -0.043485 0.449441 -2.092367
v -0.055563 0.445693 -2.092367
v -0.074826 0.439737 -2.092367
v -0.111673 0.417648 -2.092367
v -0.143336 0.387292 -2.092367
v -0.145699 0.296893 -2.077692
v -0.167667 0.296893 -2.077692
v -0.167667 0.296893 -2.099291
v -0.145699 0.296893 -2.100265
v -0.039707 0.434080 -2.099291
v -0.050736 0.430657 -2.099291
v -0.068325 0.425219 -2.099291
v -0.101972 0.405048 -2.099291
v -0.128763 0.373957 -2.099291
v -0.152709 0.344037 -2.099291
v -0.162952 0.310952 -2.099291
v -0.033451 0.408638 -2.100229
v -0.043096 0.406861 -2.100187
v -0.057894 0.401920 -2.100199
v -0.086434 0.384869 -2.100198
v -0.110607 0.359668 -2.100130
v -0.130971 0.333871 -2.100138
v -0.142395 0.306116 -2.100042
v -0.145699 0.272620 -2.100265
v -0.145699 0.272620 -2.077692
v -0.167667 0.272620 -2.077692
v -0.208887 0.320267 -0.337182
v -0.192333 0.365013 -0.337182
v -0.167514 0.406178 -0.337182
v -0.132994 0.439176 -0.337182
v -0.092963 0.465630 -0.337182
v -0.060477 0.483836 -0.337182
v -0.212483 0.272620 -0.337182
v -0.233552 0.325893 -0.337182
v -0.215043 0.375923 -0.337182
v -0.187294 0.421949 -0.337182
v -0.148697 0.458843 -0.337182
v -0.067618 0.503597 -0.337182
v -0.103940 0.488421 -0.337182
v -0.237572 0.272620 -0.337182
v -0.258724 0.272620 -0.188173
v -0.254406 0.329823 -0.188173
v -0.204737 0.432962 -0.188173
v -0.163294 0.472578 -0.188173
v -0.076235 0.522864 -0.188173
v -0.115236 0.504337 -0.188173
v -0.170708 0.271931 -0.188786
v -0.167156 0.310657 -0.188173
v -0.234533 0.383543 -0.188173
v -0.153910 0.346464 -0.188173
v -0.134049 0.379405 -0.188173
v -0.170708 0.271931 -0.153045
v -0.167156 0.310657 -0.152432
v -0.106425 0.405811 -0.188173
v -0.048395 0.439329 -0.188173
v -0.074391 0.426980 -0.188173
v -0.153910 0.346464 -0.152432
v -0.116835 0.272620 -0.152432
v -0.113770 0.298421 -0.152432
v -0.134049 0.379405 -0.152432
v -0.106425 0.405811 -0.152432
v -0.048395 0.439329 -0.152432
v -0.074391 0.426980 -0.152432
v -0.104754 0.322792 -0.152432
v -0.116835 0.272620 -0.133179
v -0.113770 0.298421 -0.133179
v -0.091236 0.345212 -0.152432
v -0.072435 0.363184 -0.152432
v -0.027872 0.387897 -0.152432
v -0.050632 0.377592 -0.152432
v -0.091236 0.345212 -0.133179
v -0.072435 0.363184 -0.133179
v -0.027872 0.387897 -0.133179
v -0.050632 0.377592 -0.133179
v -0.104754 0.322792 -0.133179
v -0.275980 0.239488 -0.434098
v -0.274305 0.239488 -0.537214
v -0.269635 0.211117 -0.537214
v -0.271309 0.210735 -0.434098
v -0.228095 0.163166 -1.903602
v -0.247209 0.216328 -1.903602
v -0.245442 0.216639 -2.013429
v -0.226503 0.163840 -2.013429
v -0.157711 0.075226 -1.903602
v -0.198246 0.114656 -1.903602
v -0.196829 0.115693 -2.013429
v -0.156609 0.076516 -2.013429
v -0.076065 0.023340 -1.903602
v -0.110018 0.044296 -1.903602
v -0.109232 0.045837 -2.013429
v -0.076065 0.024503 -2.013429
v -0.061348 0.010740 -1.903602
v -0.061348 0.013611 -2.013429
v -0.061348 -0.012462 -0.537214
v -0.061348 -0.014188 -0.434098
v -0.061348 -0.016569 -0.434098
v -0.061348 -0.015319 -0.537214
v -0.061348 0.006909 -1.903602
v -0.076065 0.009332 -1.903602
v -0.076065 0.011711 -2.013460
v -0.061348 0.009574 -2.013442
v -0.076065 -0.001617 -0.434098
v -0.076065 -0.007575 -0.537214
v -0.076065 -0.012688 -0.537214
v -0.076065 -0.013794 -0.434098
v -0.076065 0.014201 -1.903602
v -0.061348 -0.012088 -0.558776
v -0.061348 -0.014946 -0.558776
v -0.256391 0.214140 -1.345489
v -0.261062 0.239488 -1.345489
v -0.270354 0.239488 -1.345489
v -0.264021 0.212699 -1.345491
v -0.120744 0.021932 -0.434098
v -0.119999 0.023479 -0.537214
v -0.076065 0.000110 -0.537214
v -0.172737 0.056292 -0.434098
v -0.217573 0.099151 -0.434098
v -0.216230 0.100221 -0.537214
v -0.171693 0.057601 -0.537214
v -0.249809 0.152617 -0.434098
v -0.248300 0.153343 -0.537214
v -0.061348 -0.010157 -0.673273
v -0.061348 -0.013015 -0.673273
v -0.076065 -0.012345 -0.558776
v -0.076065 0.002419 -0.673273
v -0.119003 0.025547 -0.673273
v -0.122728 0.020026 -0.673273
v -0.076065 -0.005267 -0.673273
v -0.236368 0.159089 -1.345489
v -0.242969 0.156911 -1.345490
v -0.163436 0.067955 -1.345489
v -0.205610 0.108691 -1.345489
v -0.211182 0.105776 -1.345489
v -0.168313 0.063317 -1.345489
v -0.076065 0.013774 -1.345038
v -0.114105 0.035718 -1.345489
v -0.118287 0.029356 -1.345489
v -0.076065 0.006088 -1.345038
v -0.061348 -0.009809 -0.693068
v -0.061348 -0.012667 -0.693068
v -0.076065 0.013865 -1.885298
v -0.076065 0.011942 -1.770194
v -0.076065 0.021165 -1.770194
v -0.076065 0.023005 -1.885298
v -0.076065 -0.010575 -0.673273
v -0.076065 0.000485 -0.558776
v -0.119837 0.023815 -0.558776
v -0.171467 0.057885 -0.558776
v -0.215939 0.100453 -0.558776
v -0.214436 0.101652 -0.673273
v -0.170298 0.059350 -0.673273
v -0.247973 0.153501 -0.558776
v -0.269272 0.211200 -0.558776
v -0.267397 0.211628 -0.673273
v -0.246284 0.154314 -0.673273
v -0.061348 -0.007886 -0.808092
v -0.061348 -0.010745 -0.808092
v -0.076065 -0.010256 -0.693068
v -0.061348 -0.007546 -0.827824
v -0.061348 -0.010406 -0.827824
v -0.076065 0.020845 -1.751079
v -0.076065 0.011622 -1.751079
v -0.076065 0.009792 -1.637928
v -0.076065 0.019038 -1.637928
v -0.076065 -0.008494 -0.808092
v -0.269535 0.239488 -0.827824
v -0.264864 0.212206 -0.827824
v -0.271840 0.210765 -0.827824
v -0.278827 0.239488 -0.827824
v -0.076065 0.002767 -0.693068
v -0.118852 0.025859 -0.693068
v -0.118022 0.027583 -0.808092
v -0.076065 0.004692 -0.808092
v -0.170087 0.059614 -0.693068
v -0.214165 0.101868 -0.693068
v -0.212669 0.103061 -0.808092
v -0.168924 0.061073 -0.808092
v -0.245980 0.154461 -0.693068
v -0.267059 0.211705 -0.693068
v -0.265194 0.212131 -0.808092
v -0.244299 0.155270 -0.808092
v -0.061348 -0.005609 -0.942790
v -0.061348 -0.008687 -0.942790
v -0.076065 -0.008183 -0.827824
v -0.244002 0.155413 -0.827824
v -0.212405 0.103272 -0.827824
v -0.217977 0.100357 -0.827824
v -0.250276 0.153235 -0.827824
v -0.168719 0.061331 -0.827824
v -0.117876 0.027888 -0.827824
v -0.121601 0.021947 -0.827824
v -0.173367 0.056903 -0.827824
v -0.258501 0.239488 -1.501160
v -0.253830 0.214724 -1.501160
v -0.261658 0.213283 -1.501160
v -0.267793 0.239488 -1.501160
v -0.076065 0.005032 -0.827824
v -0.076065 -0.003011 -0.827824
v -0.061348 -0.005211 -0.965457
v -0.061348 -0.008289 -0.965457
v -0.076065 0.009438 -1.616891
v -0.076065 0.007709 -1.501160
v -0.076065 0.016416 -1.501160
v -0.076065 0.018685 -1.616891
v -0.076065 -0.006261 -0.942790
v -0.117039 0.029625 -0.942790
v -0.076065 0.006972 -0.942790
v -0.210897 0.104475 -0.942790
v -0.167546 0.062801 -0.942790
v -0.262984 0.212635 -0.942790
v -0.242308 0.156229 -0.942790
v -0.061348 -0.003350 -1.076448
v -0.061348 -0.006721 -1.076448
v -0.076065 -0.005897 -0.965457
v -0.234061 0.160200 -1.501160
v -0.203556 0.110329 -1.501160
v -0.209128 0.107414 -1.501160
v -0.240761 0.158023 -1.501160
v -0.161839 0.069957 -1.501160
v -0.112965 0.038085 -1.501160
v -0.116975 0.031159 -1.501160
v -0.166630 0.065037 -1.501160
v -0.061348 -0.002972 -1.098354
v -0.061348 -0.006342 -1.098354
v -0.076065 0.014210 -1.370816
v -0.076065 0.016015 -1.477847
v -0.076065 0.007308 -1.477847
v -0.076065 0.006524 -1.370816
v -0.076065 -0.003974 -1.076448
v -0.076065 0.007370 -0.965457
v -0.116867 0.029982 -0.965457
v -0.116063 0.031651 -1.076448
v -0.076065 0.009233 -1.076448
v -0.167305 0.063102 -0.965457
v -0.210587 0.104722 -0.965457
v -0.209139 0.105876 -1.076448
v -0.166180 0.064514 -1.076448
v -0.241960 0.156396 -0.965457
v -0.262598 0.212723 -0.965457
v -0.260792 0.213135 -1.076448
v -0.240333 0.157180 -1.076448
v -0.061348 -0.001054 -1.212818
v -0.061348 -0.003916 -1.212818
v -0.076065 -0.003627 -1.098354
v -0.061348 -0.000707 -1.232455
v -0.061348 -0.003570 -1.232455
v -0.076065 0.011879 -1.232455
v -0.076065 0.003419 -1.232455
v -0.076065 -0.001923 -1.212818
v -0.076065 0.009612 -1.098354
v -0.115900 0.031990 -1.098354
v -0.115072 0.033710 -1.212818
v -0.076065 0.011532 -1.212818
v -0.165951 0.064801 -1.098354
v -0.208845 0.106111 -1.098354
v -0.207352 0.107301 -1.212818
v -0.164790 0.066256 -1.212818
v -0.240002 0.157339 -1.098354
v -0.260425 0.213219 -1.098354
v -0.258564 0.213644 -1.212818
v -0.238326 0.158147 -1.212818
v -0.061348 0.001185 -1.345039
v -0.061348 -0.002048 -1.345040
v -0.076065 -0.001606 -1.232455
v -0.265463 0.239488 -1.076448
v -0.274756 0.239488 -1.076448
v -0.268083 0.211694 -1.076448
v -0.246765 0.155002 -1.076448
v -0.061348 0.001620 -1.370817
v -0.061348 -0.001613 -1.370819
v -0.076065 0.003073 -1.212818
v -0.076065 0.001927 -1.098354
v -0.076065 0.000339 -1.345043
v -0.214712 0.102961 -1.076448
v -0.170829 0.059795 -1.076448
v -0.114922 0.034021 -1.232455
v -0.164581 0.066519 -1.232455
v -0.207083 0.107516 -1.232455
v -0.238023 0.158292 -1.232455
v -0.258228 0.213720 -1.232455
v -0.061348 0.003424 -1.477847
v -0.061348 -0.000181 -1.477847
v -0.076065 0.000738 -1.370822
v -0.249757 0.215880 -1.751079
v -0.254428 0.239488 -1.751079
v -0.263720 0.239488 -1.751079
v -0.257900 0.214439 -1.751079
v -0.119789 0.025127 -1.076448
v -0.076065 0.001548 -1.076448
v -0.230391 0.162194 -1.751079
v -0.237248 0.160016 -1.751079
v -0.159299 0.073368 -1.751079
v -0.200290 0.113160 -1.751079
v -0.205862 0.110245 -1.751079
v -0.164491 0.068146 -1.751079
v -0.061348 0.003825 -1.501160
v -0.061348 0.000220 -1.501160
v -0.076065 -0.000816 -0.965457
v -0.076065 0.002552 -1.477847
v -0.111152 0.042075 -1.751079
v -0.115963 0.034545 -1.751079
v -0.113917 0.036108 -1.370366
v -0.113138 0.037725 -1.477847
v -0.163172 0.068285 -1.370366
v -0.205271 0.108961 -1.370366
v -0.203868 0.110080 -1.477847
v -0.162081 0.069653 -1.477847
v -0.235988 0.159272 -1.370366
v -0.255969 0.214236 -1.370366
v -0.254219 0.214635 -1.477847
v -0.234411 0.160032 -1.477847
v -0.061348 0.006091 -1.616891
v -0.061348 0.002068 -1.616891
v -0.076065 0.002919 -1.501160
v -0.273943 0.239488 -0.558776
v -0.275908 0.209759 -0.558776
v -0.283235 0.239488 -0.558776
v -0.061348 0.006444 -1.637928
v -0.061348 0.002421 -1.637928
v -0.076065 -0.001214 -0.942790
v -0.076065 0.004769 -1.616891
v -0.221512 0.097538 -0.558776
v -0.254077 0.151323 -0.558776
v -0.112134 0.040152 -1.616891
v -0.202058 0.111865 -1.616891
v -0.160675 0.071759 -1.616891
v -0.251963 0.215492 -1.616891
v -0.232378 0.161352 -1.616891
v -0.061348 0.008248 -1.751079
v -0.061348 0.004417 -1.751079
v -0.076065 0.005091 -1.637928
v -0.123154 0.018394 -0.558776
v -0.175911 0.053717 -0.558776
v -0.262899 0.239488 -1.232455
v -0.265716 0.212280 -1.232455
v -0.272191 0.239488 -1.232455
v -0.076065 -0.007201 -0.558776
v -0.212655 0.104601 -1.232455
v -0.244553 0.156114 -1.232455
v -0.061348 0.008568 -1.770194
v -0.061348 0.004737 -1.770194
v -0.076065 -0.003351 -0.808092
v -0.076065 -0.004918 -0.693068
v -0.076065 0.006933 -1.751079
v -0.111973 0.040467 -1.637928
v -0.160450 0.072022 -1.637928
v -0.201769 0.112077 -1.637928
v -0.232053 0.161490 -1.637928
v -0.251602 0.215556 -1.637928
v -0.061348 0.010405 -1.885298
v -0.061348 0.006574 -1.885298
v -0.076065 0.007225 -1.770194
v -0.118648 0.027336 -1.232455
v -0.169230 0.061719 -1.232455
v -0.251880 0.239488 -1.903602
v -0.255546 0.214887 -1.903602
v -0.261172 0.239488 -1.903602
v -0.203819 0.111741 -1.903602
v -0.235050 0.160988 -1.903602
v -0.076065 0.009026 -1.885298
v -0.116055 0.037544 -1.903602
v -0.163515 0.070393 -1.903602
v -0.111007 0.042360 -1.770194
v -0.110171 0.043998 -1.885298
v -0.159096 0.073606 -1.770194
v -0.200027 0.113352 -1.770194
v -0.198521 0.114455 -1.885298
v -0.157924 0.074977 -1.885298
v -0.230096 0.162318 -1.770194
v -0.249430 0.215937 -1.770194
v -0.247552 0.216268 -1.885298
v -0.228404 0.163035 -1.885298
v -0.250113 0.239488 -2.013429
v -0.272068 0.239488 -0.673273
v -0.281360 0.239488 -0.673273
v -0.254101 0.239488 -1.770194
v -0.252222 0.239488 -1.885298
v -0.256273 0.239488 -1.637928
v -0.256634 0.239488 -1.616891
v -0.265926 0.239488 -1.616891
v -0.269865 0.239488 -0.808092
v -0.279157 0.239488 -0.808092
v -0.272145 0.210690 -0.808092
v -0.260640 0.239488 -1.370366
v -0.258890 0.239488 -1.477847
v -0.263235 0.239488 -1.212818
v -0.265096 0.239488 -1.098354
v -0.274388 0.239488 -1.098354
v -0.272527 0.239488 -1.212818
v -0.250561 0.153092 -0.808092
v -0.271730 0.239488 -0.693068
v -0.281023 0.239488 -0.693068
v -0.218241 0.100146 -0.808092
v -0.173573 0.056645 -0.808092
v -0.267269 0.239488 -0.965457
v -0.251068 0.239488 -2.029315
v -0.259665 0.239488 -2.013620
v -0.267655 0.239488 -0.942790
v -0.268182 0.239488 -1.477847
v -0.262017 0.213195 -1.477847
v -0.265565 0.239488 -1.637928
v -0.121748 0.021643 -0.808092
v -0.241096 0.157854 -1.477847
v -0.283598 0.239488 -0.537214
v -0.285272 0.239488 -0.434098
v -0.276561 0.239488 -0.965457
v -0.269932 0.239488 -1.370366
v -0.263393 0.239488 -1.770194
v -0.261515 0.239488 -1.885298
v -0.276947 0.239488 -0.942790
v -0.123315 0.018059 -0.537214
v -0.176137 0.053433 -0.537214
v -0.221803 0.097306 -0.537214
v -0.254390 0.151165 -0.537214
v -0.276243 0.209676 -0.537214
v -0.122578 0.020338 -0.693068
v -0.174947 0.055132 -0.673273
v -0.220008 0.098737 -0.673273
v -0.219737 0.098953 -0.693068
v -0.174736 0.055396 -0.693068
v -0.252461 0.152136 -0.673273
v -0.274178 0.210187 -0.673273
v -0.273866 0.210264 -0.693068
v -0.252169 0.152283 -0.693068
v -0.120764 0.023328 -0.942790
v -0.120592 0.023685 -0.965457
v -0.172195 0.058195 -0.942790
v -0.216469 0.101560 -0.942790
v -0.216160 0.101807 -0.965457
v -0.171954 0.058496 -0.965457
v -0.248655 0.154051 -0.942790
v -0.270105 0.211194 -0.942790
v -0.269749 0.211282 -0.965457
v -0.248322 0.154218 -0.965457
v -0.119625 0.025467 -1.098354
v -0.214417 0.103196 -1.098354
v -0.170600 0.060082 -1.098354
v -0.267744 0.211778 -1.098354
v -0.246448 0.155161 -1.098354
v -0.118797 0.027025 -1.212818
v -0.169439 0.061456 -1.212818
v -0.212925 0.104386 -1.212818
v -0.244843 0.155969 -1.212818
v -0.266026 0.212203 -1.212818
v -0.118099 0.029746 -1.370366
v -0.210844 0.106046 -1.370366
v -0.168050 0.063647 -1.370366
v -0.263631 0.212795 -1.370369
v -0.242605 0.157095 -1.370367
v -0.117148 0.030799 -1.477847
v -0.166873 0.064733 -1.477847
v -0.209440 0.107165 -1.477847
v -0.116836 0.032965 -1.616891
v -0.116676 0.033279 -1.637928
v -0.165812 0.066708 -1.616891
v -0.207631 0.108950 -1.616891
v -0.207341 0.109162 -1.637928
v -0.165587 0.066971 -1.637928
v -0.239151 0.159174 -1.616891
v -0.259935 0.214051 -1.616891
v -0.259602 0.214115 -1.637928
v -0.238840 0.159312 -1.637928
v -0.115817 0.034831 -1.770194
v -0.205600 0.110437 -1.770194
v -0.164287 0.068384 -1.770194
v -0.257598 0.214497 -1.770194
v -0.236967 0.160141 -1.770194
v -0.116207 0.037246 -1.885298
v -0.163729 0.070143 -1.885298
v -0.204093 0.111540 -1.885298
v -0.235346 0.160857 -1.885298
v -0.255864 0.214827 -1.885298
v -0.155217 0.078233 -0.393579
v -0.109203 0.045893 -0.394699
v -0.092963 0.079610 -0.384891
v -0.132994 0.106064 -0.384891
v -0.059364 0.018880 -0.388860
v -0.049146 0.061404 -0.380597
v -0.222923 0.165532 -0.392389
v -0.194516 0.117534 -0.392706
v -0.167514 0.139062 -0.384891
v -0.192333 0.180227 -0.384891
v -0.241290 0.217582 -0.391809
v -0.208887 0.224973 -0.384891
v -0.073605 0.023297 -0.393829
v -0.060477 0.061404 -0.384891
v -0.073605 0.018454 -0.384526
v -0.059364 0.015709 -0.384469
v -0.048615 0.061404 -0.377196
v -0.060477 0.061404 -0.377196
v -0.245997 0.240886 -0.388509
v -0.212483 0.244711 -0.381237
v -0.244345 0.240886 -0.391046
v -0.212483 0.244711 -0.384891
v -0.075701 -0.005257 -0.408390
v -0.075701 0.009151 -0.411021
v -0.260656 0.213165 -0.411021
v -0.265143 0.239590 -0.411021
v -0.271724 0.239590 -0.408203
v -0.060949 -0.002926 -0.409858
v -0.060949 -0.007829 -0.408356
v -0.116003 0.031775 -0.411021
v -0.165954 0.064786 -0.411021
v -0.209030 0.105962 -0.411021
v -0.240000 0.157329 -0.411021
v -0.075196 0.016224 -0.402425
v -0.075196 0.004401 -0.394444
v -0.254744 0.240238 -0.401033
v -0.250973 0.215373 -0.401415
v -0.260289 0.240238 -0.397051
v -0.061004 0.001856 -0.394399
v -0.061004 0.005823 -0.398675
v -0.112603 0.038834 -0.402860
v -0.201773 0.111748 -0.401863
v -0.160586 0.071509 -0.402300
v -0.231461 0.161430 -0.401705
v -0.238054 0.240120 -2.039258
v -0.216265 0.242239 -2.043089
v -0.243939 0.239488 -2.025441
v -0.235060 0.240120 -2.033618
v -0.215695 0.242239 -2.038502
v -0.190081 0.244990 -2.046020
v -0.189870 0.244990 -2.042456
v -0.075616 0.033413 -2.027043
v -0.075616 0.023157 -2.035167
v -0.061348 0.021237 -2.036365
v -0.061348 0.025589 -2.032586
v -0.058194 0.037295 -2.044079
v -0.058194 0.039117 -2.040093
v -0.073181 0.047361 -2.035552
v -0.073181 0.038058 -2.043482
v -0.052902 0.058512 -2.047250
v -0.052902 0.059568 -2.043591
v -0.067508 0.062916 -2.037890
v -0.065932 0.059786 -2.046901
v -0.045034 0.089502 -2.049157
v -0.045034 0.089502 -2.045798
v -0.057541 0.093383 -2.042456
v -0.055371 0.093208 -2.048957
v -0.217994 0.167134 -2.026482
v -0.188549 0.121564 -2.026929
v -0.238891 0.217982 -2.026286
v -0.150554 0.084813 -2.027935
v -0.105131 0.050162 -2.026625
v -0.142825 0.092478 -2.035273
v -0.098245 0.058470 -2.035273
v -0.228975 0.219483 -2.034305
v -0.180819 0.129229 -2.035273
v -0.208211 0.171621 -2.035273
v -0.090771 0.071387 -2.037890
v -0.077491 0.099552 -2.042456
v -0.132724 0.103323 -2.037890
v -0.115650 0.122427 -2.042456
v -0.168512 0.139129 -2.037890
v -0.148358 0.153996 -2.042456
v -0.194239 0.180312 -2.037890
v -0.173194 0.191623 -2.042456
v -0.211789 0.222708 -2.037917
v -0.187156 0.228266 -2.042456
v -0.173194 0.191623 -2.077692
v -0.148358 0.153996 -2.077692
v -0.115650 0.122427 -2.077692
v -0.187156 0.228266 -2.077692
v -0.045034 0.089502 -2.077692
v -0.190159 0.248347 -2.077692
v -0.077491 0.099552 -2.077692
v -0.057541 0.093383 -2.077692
v -0.180287 0.230054 -2.092367
v -0.167238 0.194408 -2.092367
v -0.183619 0.248347 -2.092367
v -0.043485 0.095799 -2.092367
v -0.074826 0.105503 -2.092367
v -0.055563 0.099547 -2.092367
v -0.111673 0.127592 -2.092367
v -0.143336 0.157948 -2.092367
v -0.145699 0.248347 -2.077692
v -0.145699 0.248347 -2.100265
v -0.167667 0.248347 -2.099291
v -0.167667 0.248347 -2.077692
v -0.039707 0.111160 -2.099291
v -0.068325 0.120021 -2.099291
v -0.050736 0.114583 -2.099291
v -0.101972 0.140192 -2.099291
v -0.128763 0.171283 -2.099291
v -0.152709 0.201203 -2.099291
v -0.162952 0.234288 -2.099291
v -0.033451 0.136602 -2.100229
v -0.057894 0.143320 -2.100199
v -0.043096 0.138379 -2.100187
v -0.086434 0.160371 -2.100198
v -0.110607 0.185572 -2.100130
v -0.130971 0.211369 -2.100138
v -0.142395 0.239123 -2.100042
v -0.208887 0.224973 -0.337182
v -0.192333 0.180227 -0.337182
v -0.132994 0.106064 -0.337182
v -0.167514 0.139062 -0.337182
v -0.092963 0.079610 -0.337182
v -0.060477 0.061404 -0.337182
v -0.215043 0.169317 -0.337182
v -0.233552 0.219346 -0.337182
v -0.148697 0.086397 -0.337182
v -0.187294 0.123291 -0.337182
v -0.067618 0.041643 -0.337182
v -0.103940 0.056819 -0.337182
v -0.254406 0.215417 -0.188173
v -0.163294 0.072662 -0.188173
v -0.204737 0.112277 -0.188173
v -0.076235 0.022376 -0.188173
v -0.115236 0.040903 -0.188173
v -0.167156 0.234583 -0.188173
v -0.170708 0.273309 -0.188786
v -0.234533 0.161697 -0.188173
v -0.134049 0.165835 -0.188173
v -0.153910 0.198776 -0.188173
v -0.167156 0.234583 -0.152432
v -0.170708 0.273309 -0.153045
v -0.106425 0.139429 -0.188173
v -0.048395 0.105911 -0.188173
v -0.074391 0.118260 -0.188173
v -0.153910 0.198776 -0.152432
v -0.113770 0.246819 -0.152432
v -0.106425 0.139429 -0.152432
v -0.134049 0.165835 -0.152432
v -0.048395 0.105911 -0.152432
v -0.074391 0.118260 -0.152432
v -0.104754 0.222448 -0.152432
v -0.113770 0.246819 -0.133179
v -0.072435 0.182056 -0.152432
v -0.091236 0.200028 -0.152432
v -0.027872 0.157343 -0.152432
v -0.050632 0.167648 -0.152432
v -0.072435 0.182056 -0.133179
v -0.091236 0.200028 -0.133179
v -0.027872 0.157343 -0.133179
v -0.050632 0.167648 -0.133179
v -0.104754 0.222448 -0.133179
v 0.018764 -0.517347 1.012552
v 0.018764 -0.512759 1.010836
v 0.018764 -0.486047 1.030236
v 0.007935 -0.252382 1.024037
v 0.007935 -0.242550 1.028727
v 0.007935 -0.242550 1.069727
v 0.007935 -0.253144 1.065843
v 0.000000 -0.250250 0.965376
v 0.018764 -0.250250 0.965376
v 0.018764 -0.263206 0.984031
v 0.000000 -0.263206 0.984031
v 0.000000 -0.242550 0.957299
v 0.018764 -0.242550 0.957299
v 0.007935 -0.234850 1.028727
v 0.007935 -0.234850 1.069727
v 0.000000 -0.234850 1.028727
v 0.000000 -0.234850 1.069727
v 0.000000 -0.242550 1.069727
v 0.018764 -0.242550 1.028727
v 0.018764 -0.234850 1.028727
v 0.018764 -0.252382 1.024037
v 0.000000 -0.253144 1.065843
v 0.007935 -0.266076 1.020101
v 0.018764 -0.266076 1.020101
v 0.018764 -0.281935 1.002979
v 0.000000 -0.281935 1.002979
v 0.000000 -0.263206 1.065132
v 0.007935 -0.263206 1.065132
v 0.007935 -0.281935 1.071372
v 0.007935 -0.281935 1.024345
v 0.000000 -0.317651 1.028893
v 0.018764 -0.317651 1.028893
v 0.018764 -0.281935 1.024345
v 0.000000 -0.281935 1.071372
v 0.018764 -0.318124 1.043684
v 0.007935 -0.318124 1.043684
v 0.000000 -0.318124 1.081323
v 0.007935 -0.318124 1.081323
v 0.018764 -0.363464 1.048081
v 0.000000 -0.363464 1.048081
v 0.007935 -0.363464 1.085066
v 0.007935 -0.363464 1.061313
v 0.018764 -0.400192 1.050738
v 0.000000 -0.400192 1.050738
v 0.018764 -0.363464 1.061313
v 0.000000 -0.363464 1.085066
v 0.018764 -0.436183 1.047620
v 0.000000 -0.436183 1.047620
v 0.007935 -0.400192 1.063576
v 0.018764 -0.400192 1.063576
v 0.000000 -0.400192 1.081228
v 0.007935 -0.400192 1.081228
v 0.000000 -0.486047 1.030236
v 0.007935 -0.436183 1.060459
v 0.018764 -0.436183 1.060459
v 0.000000 -0.436183 1.071593
v 0.007935 -0.436183 1.071593
v 0.007935 -0.492776 1.041331
v 0.018764 -0.492776 1.041331
v 0.000000 -0.492776 1.041331
v 0.000000 -0.520509 1.020679
v 0.000000 -0.512759 1.010836
v 0.018764 -0.519930 1.015833
v 0.018764 -0.520509 1.020679
v 0.000000 -0.519930 1.015833
v 0.018764 -0.234850 0.957299
v 0.000000 -0.234850 0.957299
v 0.000000 -0.517347 1.012552
v -0.018764 -0.517347 1.012552
v -0.018764 -0.486047 1.030236
v -0.018764 -0.512759 1.010836
v -0.018764 -0.250250 0.965376
v -0.018764 -0.242550 0.957299
v -0.007935 -0.252382 1.024037
v -0.007935 -0.253144 1.065843
v -0.007935 -0.242550 1.069727
v -0.007935 -0.242550 1.028727
v -0.007935 -0.234850 1.069727
v -0.007935 -0.234850 1.028727
v -0.018764 -0.263206 0.984031
v -0.018764 -0.242550 1.028727
v -0.018764 -0.234850 1.028727
v -0.018764 -0.252382 1.024037
v -0.018764 -0.266076 1.020101
v -0.007935 -0.266076 1.020101
v -0.018764 -0.281935 1.002979
v -0.007935 -0.263206 1.065132
v -0.007935 -0.281935 1.024345
v -0.007935 -0.281935 1.071372
v -0.018764 -0.317651 1.028893
v -0.018764 -0.281935 1.024345
v -0.018764 -0.318124 1.043684
v -0.007935 -0.318124 1.043684
v -0.007935 -0.318124 1.081323
v -0.018764 -0.363464 1.048081
v -0.007935 -0.363464 1.061313
v -0.007935 -0.363464 1.085066
v -0.018764 -0.400192 1.050738
v -0.018764 -0.363464 1.061313
v -0.018764 -0.436183 1.047620
v -0.018764 -0.400192 1.063576
v -0.007935 -0.400192 1.063576
v -0.007935 -0.400192 1.081228
v -0.018764 -0.436183 1.060459
v -0.007935 -0.436183 1.060459
v -0.007935 -0.436183 1.071593
v -0.018764 -0.492776 1.041331
v -0.007935 -0.492776 1.041331
v -0.018764 -0.519930 1.015833
v -0.018764 -0.520509 1.020679
v -0.018764 -0.234850 0.957299
v 0.073285 -0.245494 0.645009
v 0.073285 -0.253806 0.645009
v 0.066102 -0.253806 0.638289
v 0.066102 -0.245494 0.638289
v 0.000000 -0.560810 0.638289
v 0.000000 -0.237182 0.638289
v 0.066102 -0.400456 0.638289
v 0.066102 -0.504860 0.638289
v 0.066102 -0.483979 0.638289
v 0.062995 -0.483979 0.717102
v 0.062995 -0.442217 0.692710
v 0.047317 -0.481958 0.711420
v 0.073285 -0.525740 0.737393
v 0.073285 -0.549489 0.737393
v 0.073285 -0.560810 0.726072
v 0.073285 -0.442217 0.645009
v 0.073285 -0.442217 0.682759
v 0.073285 -0.483979 0.645009
v 0.062995 -0.295998 0.721844
v 0.000000 -0.295998 0.721844
v 0.000000 -0.316933 0.702829
v 0.062995 -0.316933 0.702829
v 0.073285 -0.525740 0.645009
v 0.073285 -0.504860 0.645009
v 0.073285 -0.483979 0.707151
v 0.073285 -0.504860 0.728188
v 0.000000 -0.442217 0.692710
v 0.000000 -0.481958 0.711420
v 0.066102 -0.442217 0.638289
v 0.073285 -0.560810 0.645009
v 0.066102 -0.560810 0.638289
v 0.066102 -0.525740 0.638289
v 0.062995 -0.275063 0.735646
v 0.062995 -0.253806 0.738548
v 0.000000 -0.253806 0.738548
v 0.000000 -0.275063 0.735646
v 0.073285 -0.275063 0.645009
v 0.073285 -0.295998 0.711893
v 0.073285 -0.316933 0.692878
v 0.066102 -0.295998 0.638289
v 0.066102 -0.316933 0.638289
v 0.073285 -0.400456 0.673973
v 0.062995 -0.241545 0.738548
v 0.000000 -0.241545 0.738548
v 0.066102 -0.275063 0.638289
v 0.062995 -0.358695 0.687483
v 0.000000 -0.358695 0.687483
v 0.066102 -0.358695 0.638289
v 0.073285 -0.245492 0.728597
v 0.073285 -0.237325 0.726282
v 0.062995 -0.235892 0.734186
v 0.047317 -0.560810 0.739970
v 0.062995 -0.560810 0.739970
v 0.062995 -0.553436 0.747344
v 0.047317 -0.553436 0.747344
v 0.047317 -0.567502 0.726032
v 0.047317 -0.525740 0.747344
v 0.047317 -0.567502 0.711420
v 0.064075 -0.233410 0.643183
v 0.000000 -0.233410 0.643183
v 0.000000 -0.233410 0.725520
v 0.060462 -0.233410 0.725520
v 0.062995 -0.400456 0.683924
v 0.073285 -0.358695 0.677532
v 0.073285 -0.275063 0.725695
v 0.073285 -0.253806 0.728597
v 0.062995 -0.504860 0.738139
v 0.062995 -0.525740 0.747344
v 0.073285 -0.400456 0.645009
v 0.000000 -0.400456 0.683924
v 0.073285 -0.358695 0.645009
v 0.073285 -0.295998 0.645009
v 0.073285 -0.316933 0.645009
v 0.059244 -0.567502 0.726032
v 0.065576 -0.567502 0.712960
v 0.065576 -0.567502 0.648011
v 0.063101 -0.567502 0.645536
v 0.000000 -0.567502 0.645536
v 0.068391 -0.233410 0.719428
v 0.000000 -0.235892 0.734186
v 0.068391 -0.233410 0.647037
v 0.073285 -0.237182 0.645009
v 0.066102 -0.237182 0.638289
v 0.000000 -0.567502 0.711420
v 0.047317 -0.504860 0.738139
v 0.044627 -0.542868 0.707848
v 0.044627 -0.527387 0.707848
v 0.044627 -0.527387 1.164833
v 0.044627 -0.542868 1.164833
v 0.000000 -0.272220 1.123565
v 0.000000 -0.266434 1.123694
v 0.058373 -0.266434 1.123694
v 0.058373 -0.272220 1.123565
v 0.000000 -0.260648 1.295456
v 0.064294 -0.260648 1.295456
v 0.064294 -0.260648 1.126849
v 0.000000 -0.260648 1.125574
v 0.067701 -0.467056 1.185811
v 0.058373 -0.467056 1.181395
v 0.058373 -0.406496 1.199511
v 0.067701 -0.406496 1.202652
v 0.076288 -0.530454 1.141451
v 0.076288 -0.467056 1.197994
v 0.076288 -0.563931 1.289721
v 0.067701 -0.553194 1.120439
v 0.058373 -0.553194 1.113799
v 0.058373 -0.530454 1.116487
v 0.067701 -0.530454 1.125085
v 0.067701 -0.315656 1.170211
v 0.067701 -0.345936 1.192144
v 0.058373 -0.345936 1.188208
v 0.058373 -0.315656 1.165835
v 0.076288 -0.563931 1.141451
v 0.000000 -0.345936 1.188208
v 0.000000 -0.315656 1.165835
v 0.058373 -0.573265 1.116487
v 0.044852 -0.573265 1.116487
v 0.044852 -0.553194 1.113799
v 0.000000 -0.406496 1.199511
v 0.044852 -0.530454 1.116487
v 0.058373 -0.285376 1.130639
v 0.067701 -0.272859 1.129326
v 0.067701 -0.285376 1.135355
v 0.000000 -0.467056 1.181395
v 0.000000 -0.285376 1.130639
v 0.076288 -0.272705 1.289721
v 0.076288 -0.406496 1.213560
v 0.076288 -0.345936 1.203848
v 0.076288 -0.315656 1.184623
v 0.076288 -0.553194 1.138763
v 0.076288 -0.272705 1.137773
v 0.076288 -0.285376 1.147837
v 0.067701 -0.570880 1.125085
v 0.067701 -0.272705 1.296202
v 0.067701 -0.570880 1.296202
v 0.044852 -0.573265 1.144430
v 0.044852 -0.506749 1.144430
v 0.058373 -0.273012 1.300378
v 0.058373 -0.573265 1.300378
v 0.070643 -0.266677 1.292194
v 0.070643 -0.266677 1.132393
v 0.058373 -0.266830 1.299027
v 0.000000 -0.266830 1.299027
v 0.065933 -0.266757 1.296501
v 0.065723 -0.266543 1.127246
v 0.000000 -0.506749 1.144430
v 0.000000 -0.573265 1.144430
v 0.000000 -0.573265 1.300378
v 0.000000 -0.273012 1.300378
v -0.044627 -0.527387 1.164833
v -0.044627 -0.542868 1.164833
v -0.044627 -0.542868 0.707848
v -0.044627 -0.527387 0.707848
v -0.073285 -0.245494 0.645009
v -0.066102 -0.245494 0.638289
v -0.066102 -0.253806 0.638289
v -0.073285 -0.253806 0.645009
v -0.066102 -0.400456 0.638289
v -0.066102 -0.504860 0.638289
v -0.066102 -0.483979 0.638289
v -0.062995 -0.483979 0.717102
v -0.047317 -0.481958 0.711420
v -0.062995 -0.442217 0.692710
v -0.073285 -0.525740 0.737393
v -0.073285 -0.560810 0.726072
v -0.073285 -0.549489 0.737393
v -0.073285 -0.442217 0.645009
v -0.073285 -0.483979 0.645009
v -0.073285 -0.442217 0.682759
v -0.062995 -0.295998 0.721844
v -0.062995 -0.316933 0.702829
v -0.073285 -0.525740 0.645009
v -0.073285 -0.483979 0.707151
v -0.073285 -0.504860 0.645009
v -0.073285 -0.504860 0.728188
v -0.066102 -0.442217 0.638289
v -0.066102 -0.525740 0.638289
v -0.066102 -0.560810 0.638289
v -0.073285 -0.560810 0.645009
v -0.062995 -0.275063 0.735646
v -0.062995 -0.253806 0.738548
v -0.073285 -0.275063 0.645009
v -0.073285 -0.316933 0.692878
v -0.073285 -0.295998 0.711893
v -0.066102 -0.295998 0.638289
v -0.066102 -0.316933 0.638289
v -0.073285 -0.400456 0.673973
v -0.062995 -0.241545 0.738548
v -0.066102 -0.275063 0.638289
v -0.062995 -0.358695 0.687483
v -0.066102 -0.358695 0.638289
v -0.073285 -0.245492 0.728597
v -0.062995 -0.235892 0.734186
v -0.073285 -0.237325 0.726282
v -0.047317 -0.560810 0.739970
v -0.047317 -0.553436 0.747344
v -0.062995 -0.553436 0.747344
v -0.062995 -0.560810 0.739970
v -0.047317 -0.567502 0.726032
v -0.047317 -0.567502 0.711420
v -0.047317 -0.525740 0.747344
v -0.064075 -0.233410 0.643183
v -0.060462 -0.233410 0.725520
v -0.073285 -0.358695 0.677532
v -0.062995 -0.400456 0.683924
v -0.073285 -0.253806 0.728597
v -0.073285 -0.275063 0.725695
v -0.062995 -0.504860 0.738139
v -0.062995 -0.525740 0.747344
v -0.073285 -0.400456 0.645009
v -0.073285 -0.358695 0.645009
v -0.073285 -0.295998 0.645009
v -0.073285 -0.316933 0.645009
v -0.059244 -0.567502 0.726032
v -0.065576 -0.567502 0.712960
v -0.065576 -0.567502 0.648011
v -0.063101 -0.567502 0.645536
v -0.068391 -0.233410 0.719428
v -0.066102 -0.237182 0.638289
v -0.073285 -0.237182 0.645009
v -0.068391 -0.233410 0.647037
v -0.047317 -0.504860 0.738139
v -0.058373 -0.272220 1.123565
v -0.058373 -0.266434 1.123694
v -0.064294 -0.260648 1.126849
v -0.064294 -0.260648 1.295456
v -0.067701 -0.467056 1.185811
v -0.067701 -0.406496 1.202652
v -0.058373 -0.406496 1.199511
v -0.058373 -0.467056 1.181395
v -0.076288 -0.530454 1.141451
v -0.076288 -0.563931 1.289721
v -0.076288 -0.467056 1.197994
v -0.067701 -0.553194 1.120439
v -0.067701 -0.530454 1.125085
v -0.058373 -0.530454 1.116487
v -0.058373 -0.553194 1.113799
v -0.067701 -0.315656 1.170211
v -0.058373 -0.315656 1.165835
v -0.058373 -0.345936 1.188208
v -0.067701 -0.345936 1.192144
v -0.076288 -0.563931 1.141451
v -0.044852 -0.553194 1.113799
v -0.044852 -0.573265 1.116487
v -0.058373 -0.573265 1.116487
v -0.044852 -0.530454 1.116487
v -0.058373 -0.285376 1.130639
v -0.067701 -0.285376 1.135355
v -0.067701 -0.272859 1.129326
v -0.076288 -0.272705 1.289721
v -0.076288 -0.345936 1.203848
v -0.076288 -0.406496 1.213560
v -0.076288 -0.315656 1.184623
v -0.076288 -0.553194 1.138763
v -0.076288 -0.285376 1.147837
v -0.076288 -0.272705 1.137773
v -0.067701 -0.570880 1.125085
v -0.067701 -0.570880 1.296202
v -0.067701 -0.272705 1.296202
v -0.044852 -0.573265 1.144430
v -0.044852 -0.506749 1.144430
v -0.058373 -0.273012 1.300378
v -0.058373 -0.573265 1.300378
v -0.070643 -0.266677 1.292194
v -0.070643 -0.266677 1.132393
v -0.058373 -0.266830 1.299027
v -0.065933 -0.266757 1.296501
v -0.065723 -0.266543 1.127246
v -0.187628 0.701519 1.023654
v -0.187628 0.691761 0.987234
v -0.200956 0.691761 0.987234
v -0.200956 0.701519 1.023654
v -0.187628 0.665099 1.086735
v -0.187628 0.691761 1.060074
v -0.200956 0.691761 1.060074
v -0.200956 0.665099 1.086735
v -0.187628 0.628679 0.950814
v -0.187628 0.592259 0.960573
v -0.200956 0.592259 0.960573
v -0.200956 0.628679 0.950814
v -0.187628 0.555839 1.023654
v -0.187628 0.565598 1.060074
v -0.200956 0.565598 1.060074
v -0.200956 0.555839 1.023654
v -0.187628 0.628679 1.096494
v -0.200956 0.628679 1.096494
v -0.187628 0.665099 0.960573
v -0.200956 0.665099 0.960573
v -0.187628 0.565598 0.987234
v -0.200956 0.565598 0.987234
v -0.187628 0.592259 1.086735
v -0.200956 0.592259 1.086735
v -0.216797 0.571436 1.023654
v -0.216797 0.579105 0.995033
v -0.216797 0.628679 1.080897
v -0.216797 0.600058 1.073228
v -0.216797 0.657301 0.974080
v -0.216797 0.678253 0.995033
v -0.216797 0.685922 1.023654
v -0.216797 0.678253 1.052275
v -0.216797 0.600058 0.974080
v -0.216797 0.579105 1.052276
v -0.216797 0.657301 1.073228
v -0.216797 0.628679 0.966411
v -0.227972 0.628679 1.002147
v -0.227972 0.639433 1.005028
v -0.227972 0.607172 1.023654
v -0.227972 0.610053 1.012900
v -0.227972 0.628679 1.045161
v -0.227972 0.617926 1.042280
v -0.227972 0.647305 1.012900
v -0.227972 0.650187 1.023654
v -0.227972 0.647305 1.034408
v -0.227972 0.617926 1.005028
v -0.227972 0.610053 1.034408
v -0.227972 0.639433 1.042280
v 0.186621 0.313543 0.829862
v 0.080931 0.467771 0.823590
v 0.161051 0.461898 0.985076
v 0.214117 0.363846 0.984231
v 0.162670 0.461898 1.009431
v 0.215746 0.363846 1.009431
v 0.091217 0.277442 1.042724
v 0.091217 0.464961 1.039034
v 0.037677 0.472508 1.042724
v 0.037677 0.268696 1.042724
v 0.037677 0.471200 0.817704
v 0.122820 0.288953 0.819987
vn -0.0000 -0.9031 -0.4294
vn 0.7541 -0.5931 -0.2820
vn 0.6425 -0.7272 -0.2416
vn -0.0000 -0.9490 -0.3153
vn -0.0000 -0.7071 -0.7071
vn 0.5773 -0.5773 -0.5774
vn 0.7358 -0.6721 -0.0831
vn -0.0000 -0.9924 -0.1227
vn 0.5773 -0.5743 0.5804
vn -0.0000 -0.7016 0.7126
vn -0.0000 -0.0000 -1.0000
vn 0.6505 0.2071 -0.7307
vn -0.8550 0.2722 -0.4415
vn -0.6798 0.4604 -0.5708
vn 0.6798 0.4604 -0.5708
vn -0.6593 0.6464 -0.3841
vn 0.6593 0.6464 -0.3841
vn -0.6787 0.7232 -0.1279
vn 0.6787 0.7231 -0.1279
vn -0.6992 0.7149 -0.0057
vn 0.6992 0.7149 -0.0057
vn -0.6899 0.7199 0.0766
vn 0.6899 0.7199 0.0766
vn -0.6729 0.6962 0.2499
vn 0.6729 0.6962 0.2499
vn -0.6963 0.6105 0.3775
vn 0.6963 0.6105 0.3775
vn -0.6860 0.5567 0.4685
vn 0.6860 0.5567 0.4685
vn -0.8332 0.3867 0.3952
vn 0.6284 0.2941 0.7202
vn -0.0118 0.0009 0.9999
vn -0.0065 0.0076 1.0000
vn -0.0000 0.0156 0.9999
vn -0.7087 0.7055 0.0049
vn -0.0000 1.0000 0.0070
vn -0.0000 0.9985 0.0545
vn -0.7180 0.6950 0.0380
vn -0.0000 0.9749 0.2225
vn -0.7356 0.6604 0.1507
vn -0.0000 0.8925 0.4511
vn -0.7354 0.6048 0.3057
vn -0.0000 0.7924 0.6100
vn -0.7224 0.5479 0.4218
vn -0.0000 0.7500 0.6614
vn -0.4751 0.6600 0.5820
vn 0.6557 0.6532 0.3786
vn 0.3786 0.6532 0.6557
vn 0.3786 -0.6532 0.6557
vn 0.8534 -0.1700 0.4927
vn 0.1988 0.6402 -0.7421
vn 0.3786 0.6532 -0.6557
vn 0.3786 -0.6532 -0.6557
vn 0.2553 -0.1642 -0.9528
vn 0.1988 0.6402 0.7421
vn 0.2553 -0.1644 0.9528
vn 0.6557 0.6532 -0.3786
vn 0.8534 -0.1700 -0.4927
vn 0.2553 -0.1644 -0.9528
vn -0.0000 -1.0000 -0.0000
vn 0.5523 0.7703 0.3188
vn 0.3189 0.7703 0.5523
vn 0.1684 0.7593 -0.6286
vn 0.3188 0.7703 -0.5523
vn 0.7572 0.6532 -0.0000
vn 0.6377 0.7703 -0.0000
vn 0.5523 0.7703 -0.3189
vn 0.1684 0.7593 0.6286
vn 0.5000 -0.0000 -0.8660
vn 0.8660 -0.0000 -0.5000
vn 0.2588 -0.0000 -0.9659
vn 1.0000 -0.0000 -0.0000
vn 0.8660 -0.0000 0.5000
vn 0.7572 -0.6532 -0.0000
vn 0.5000 -0.0000 0.8660
vn 0.2588 -0.0000 0.9659
vn -0.0000 -0.8660 -0.5000
vn 0.0428 -0.8660 -0.4982
vn 0.0419 -0.9991 -0.0022
vn -0.0000 -0.5000 0.8660
vn 0.0098 -0.5073 0.8617
vn -0.0135 -0.0083 0.9999
vn -0.0000 -0.0000 1.0000
vn -0.0000 0.8660 -0.5000
vn -0.0271 0.8634 -0.5038
vn -0.0071 0.4952 -0.8687
vn -0.0000 0.5000 -0.8660
vn -0.0000 0.8660 0.5000
vn -0.0428 0.8647 0.5005
vn -0.0426 0.9651 0.2583
vn -0.0000 0.9659 0.2588
vn -0.0000 -0.5000 -0.8660
vn 0.0328 -0.5033 -0.8635
vn -0.0000 -0.8660 0.5000
vn 0.0301 -0.8686 0.4946
vn -0.0000 0.9659 -0.2588
vn -0.0353 0.9654 -0.2582
vn -0.0000 0.5000 0.8660
vn -0.0330 0.4951 0.8682
vn 0.0147 -0.0053 -0.9999
vn 0.2686 -0.8602 0.4335
vn 0.1207 -0.5682 0.8140
vn -0.3627 0.9102 -0.2000
vn -0.2236 0.8349 -0.5029
vn -0.2888 0.3539 0.8896
vn -0.4005 0.7523 0.5231
vn 0.1106 0.0412 -0.9930
vn 0.2479 -0.4293 -0.8685
vn 0.3384 -0.9396 -0.0520
vn -0.0847 -0.1290 0.9880
vn -0.0569 0.5049 -0.8613
vn 0.3290 -0.7850 -0.5249
vn -0.3288 0.8969 0.2959
vn 0.6866 -0.6036 0.4053
vn 0.3656 -0.5099 0.7786
vn -0.8006 0.5647 -0.2007
vn -0.6294 0.6479 -0.4291
vn -0.4968 -0.0278 0.8674
vn -0.7933 0.2631 0.5490
vn 0.1645 0.2523 -0.9536
vn 0.5315 -0.0769 -0.8435
vn 0.8301 -0.5537 -0.0665
vn -0.0655 -0.3008 0.9514
vn -0.2523 0.5316 -0.8086
vn 0.7720 -0.3661 -0.5196
vn -0.8320 0.4700 0.2947
vn 0.6119 0.2540 -0.7490
vn 0.9170 0.1075 -0.3840
vn 0.8246 -0.2109 0.5249
vn 0.4368 -0.3126 0.8435
vn -0.9372 0.1618 -0.3090
vn -0.7979 0.2610 -0.5434
vn -0.5708 -0.2732 0.7743
vn -0.9068 -0.1295 0.4012
vn 0.1463 0.3495 -0.9255
vn 0.9953 -0.0588 0.0775
vn -0.0759 -0.3364 0.9386
vn -0.3716 0.3607 -0.8555
vn -0.9849 -0.0300 0.1705
vn -0.7583 -0.5907 0.2758
vn -0.8493 -0.5274 0.0219
vn 0.5423 0.4714 -0.6954
vn 0.8450 0.4456 -0.2956
vn 0.7882 0.1014 0.6070
vn 0.4458 -0.1387 0.8843
vn -0.7985 -0.3786 -0.4681
vn -0.7049 -0.1803 -0.6860
vn -0.4496 -0.5398 0.7117
vn 0.1035 0.3662 -0.9248
vn 0.9340 0.3101 0.1774
vn -0.0066 -0.3685 0.9296
vn -0.3546 0.1338 -0.9254
vn -0.4842 -0.5276 -0.6980
vn -0.2955 -0.0868 -0.9514
vn -0.4507 -0.8631 0.2280
vn -0.5095 -0.8597 -0.0367
vn 0.3568 0.6467 -0.6741
vn 0.5979 0.7623 -0.2477
vn 0.6038 0.4402 0.6645
vn 0.3675 0.0705 0.9273
vn -0.5029 -0.7117 -0.4906
vn -0.2597 -0.6871 0.6786
vn 0.0238 0.3477 -0.9373
vn 0.6870 0.6872 0.2362
vn 0.0440 -0.3406 0.9392
vn 0.1913 0.2490 0.9494
vn 0.0431 -0.2638 0.9636
vn -0.1975 -0.6772 -0.7088
vn -0.1169 -0.1978 -0.9733
vn -0.1907 -0.9452 0.2648
vn -0.2110 -0.9772 -0.0235
vn 0.1395 0.7188 -0.6810
vn 0.2520 0.9394 -0.2324
vn 0.2819 0.6773 0.6796
vn -0.2244 -0.8323 -0.5068
vn -0.0990 -0.6840 0.7227
vn 0.0013 0.3104 -0.9506
vn 0.3025 0.9164 0.2619
vn 0.0776 0.2190 0.9726
vn 0.0186 -0.3135 0.9494
vn -0.0063 -0.7073 -0.7069
vn 0.0059 -0.2130 -0.9770
vn -0.0168 -0.9750 0.2215
vn -0.0203 -0.9990 -0.0410
vn 0.0585 0.7157 -0.6960
vn 0.1048 0.9688 -0.2245
vn 0.1264 0.7178 0.6847
vn -0.0152 -0.8603 -0.5096
vn -0.0043 -0.7201 0.6939
vn 0.0189 0.3079 -0.9512
vn 0.1279 0.9519 0.2786
vn 0.1194 0.0547 0.9913
vn 0.2083 0.0828 0.9745
vn -0.0000 -0.0332 0.9994
vn -0.0000 -0.1622 0.9868
vn -0.0000 -0.7240 0.6898
vn -0.0000 -0.9761 0.2175
vn -0.0000 -0.7113 -0.7029
vn -0.0000 -0.2013 -0.9795
vn -0.0000 -0.3344 0.9424
vn -0.0000 -0.8604 -0.5096
vn -0.0000 -0.9991 -0.0430
vn 0.2856 0.6209 -0.7300
vn 0.4529 0.8598 -0.2358
vn 0.4755 0.8240 0.3080
vn 0.3572 0.5854 0.7278
vn 0.0743 0.3337 -0.9398
vn 0.6096 0.3585 -0.7070
vn 0.8582 0.4641 -0.2191
vn 0.8486 0.4402 0.2935
vn 0.6216 0.3180 0.7159
vn 0.1880 0.1451 -0.9714
vn 0.7088 0.1012 -0.6981
vn 0.9664 0.1340 -0.2195
vn 0.9487 0.1290 0.2886
vn 0.6979 0.0936 0.7101
vn 0.2405 0.0358 -0.9700
vn 0.2484 0.0290 0.9682
vn 0.7291 0.0725 -0.6806
vn 0.9723 0.0951 -0.2137
vn 0.9554 0.0936 0.2802
vn 0.7159 0.0712 0.6946
vn 0.2755 0.0288 -0.9609
vn 0.2838 0.0297 0.9584
vn 0.6733 0.3103 -0.6711
vn 0.8898 0.4049 -0.2106
vn 0.8745 0.3985 0.2765
vn 0.6599 0.3051 0.6866
vn 0.2695 0.1283 -0.9544
vn 0.2776 0.1328 0.9515
vn 0.4287 0.6081 -0.6681
vn 0.5735 0.7919 -0.2097
vn 0.5629 0.7793 0.2754
vn 0.4182 0.5979 0.6838
vn 0.1674 0.2551 -0.9523
vn 0.1710 0.2643 0.9492
vn 0.1321 0.7349 -0.6651
vn 0.1838 0.9611 -0.2062
vn 0.1797 0.9458 0.2706
vn 0.1279 0.7226 0.6793
vn 0.0447 0.2876 -0.9567
vn 0.0450 0.2956 0.9542
vn 0.0207 0.7433 -0.6686
vn 0.0261 0.9782 -0.2060
vn 0.0258 0.9625 0.2700
vn 0.0206 0.7315 0.6815
vn 0.0082 0.2797 -0.9601
vn 0.0086 0.2880 0.9576
vn -0.5000 -0.8660 -0.0000
vn -0.5000 0.8660 -0.0000
vn -0.8660 0.5000 -0.0000
vn -0.8660 -0.5000 -0.0000
vn -0.0000 1.0000 -0.0000
vn -1.0000 -0.0000 -0.0000
vn -0.0000 0.0039 -1.0000
vn -0.0000 -0.0038 1.0000
vn -0.0000 -0.2080 0.9781
vn -0.0000 0.0345 -0.9994
vn -0.0000 0.2174 -0.9761
vn -0.0000 0.1781 -0.9840
vn -0.6425 -0.7272 -0.2416
vn -0.7541 -0.5931 -0.2820
vn -0.7358 -0.6721 -0.0831
vn -0.5773 -0.5773 -0.5774
vn -0.5773 -0.5743 0.5804
vn -0.6505 0.2071 -0.7307
vn 0.8550 0.2722 -0.4415
vn -0.6787 0.7231 -0.1279
vn 0.6787 0.7232 -0.1279
vn -0.6284 0.2941 0.7202
vn 0.8332 0.3867 0.3952
vn 0.0065 0.0076 1.0000
vn 0.0118 0.0009 0.9999
vn 0.7087 0.7055 0.0049
vn 0.7180 0.6950 0.0380
vn 0.7356 0.6604 0.1507
vn 0.7354 0.6048 0.3057
vn 0.7224 0.5479 0.4218
vn 0.4751 0.6600 0.5820
vn -0.6557 0.6532 0.3786
vn -0.8534 -0.1700 0.4927
vn -0.3786 -0.6532 0.6557
vn -0.3786 0.6532 0.6557
vn -0.1988 0.6402 -0.7421
vn -0.2553 -0.1644 -0.9528
vn -0.3786 -0.6532 -0.6557
vn -0.3786 0.6532 -0.6557
vn -0.7572 0.6532 -0.0000
vn -0.7572 -0.6532 -0.0000
vn -0.6557 0.6532 -0.3786
vn -0.8534 -0.1700 -0.4927
vn -0.2553 -0.1642 0.9528
vn -0.1988 0.6402 0.7421
vn -0.2553 -0.1644 0.9528
vn -0.3189 0.7703 0.5523
vn -0.5523 0.7703 0.3188
vn -0.3188 0.7703 -0.5523
vn -0.1684 0.7593 -0.6286
vn -0.6377 0.7703 -0.0000
vn -0.5523 0.7703 -0.3189
vn -0.1684 0.7593 0.6286
vn -0.2588 -0.0000 0.9659
vn -0.5000 -0.0000 0.8660
vn -0.8660 -0.0000 -0.5000
vn -0.5000 -0.0000 -0.8660
vn -0.8660 -0.0000 0.5000
vn -0.2588 -0.0000 -0.9659
vn -0.0419 -0.9991 -0.0022
vn -0.0428 -0.8660 -0.4982
vn 0.0135 -0.0083 0.9999
vn -0.0098 -0.5073 0.8617
vn 0.0071 0.4952 -0.8687
vn 0.0271 0.8634 -0.5038
vn 0.0426 0.9651 0.2583
vn 0.0428 0.8647 0.5005
vn -0.0328 -0.5033 -0.8635
vn -0.0301 -0.8686 0.4946
vn 0.0353 0.9654 -0.2582
vn 0.0330 0.4951 0.8682
vn -0.0147 -0.0053 -0.9999
vn -0.1207 -0.5682 0.8140
vn -0.2686 -0.8602 0.4335
vn 0.2236 0.8349 -0.5029
vn 0.3627 0.9102 -0.2000
vn 0.4005 0.7523 0.5231
vn 0.2888 0.3539 0.8896
vn -0.2479 -0.4293 -0.8685
vn -0.1106 0.0412 -0.9930
vn -0.3384 -0.9396 -0.0520
vn 0.0847 -0.1290 0.9880
vn 0.0569 0.5049 -0.8613
vn -0.3290 -0.7850 -0.5249
vn 0.3288 0.8969 0.2959
vn -0.3656 -0.5099 0.7787
vn -0.6866 -0.6036 0.4053
vn 0.6294 0.6479 -0.4291
vn 0.8006 0.5647 -0.2007
vn 0.7933 0.2631 0.5491
vn 0.4968 -0.0278 0.8674
vn -0.5315 -0.0769 -0.8435
vn -0.1645 0.2523 -0.9536
vn -0.8301 -0.5537 -0.0665
vn 0.0655 -0.3008 0.9514
vn 0.2523 0.5316 -0.8086
vn -0.7720 -0.3661 -0.5196
vn 0.8320 0.4700 0.2947
vn -0.9170 0.1075 -0.3840
vn -0.6119 0.2540 -0.7490
vn -0.4368 -0.3126 0.8435
vn -0.8246 -0.2109 0.5249
vn 0.7979 0.2610 -0.5434
vn 0.9372 0.1618 -0.3090
vn 0.9068 -0.1295 0.4012
vn 0.5708 -0.2732 0.7743
vn -0.1463 0.3495 -0.9255
vn -0.9953 -0.0588 0.0775
vn 0.0759 -0.3364 0.9386
vn 0.3716 0.3607 -0.8555
vn 0.9849 -0.0300 0.1705
vn 0.8493 -0.5274 0.0219
vn 0.7583 -0.5907 0.2758
vn -0.8450 0.4456 -0.2956
vn -0.5423 0.4714 -0.6954
vn -0.4458 -0.1387 0.8843
vn -0.7882 0.1014 0.6070
vn 0.7049 -0.1803 -0.6860
vn 0.7985 -0.3786 -0.4681
vn 0.4496 -0.5398 0.7117
vn -0.1035 0.3662 -0.9248
vn -0.9340 0.3101 0.1774
vn 0.0066 -0.3685 0.9296
vn 0.3546 0.1338 -0.9254
vn 0.2955 -0.0868 -0.9514
vn 0.4842 -0.5276 -0.6980
vn 0.5095 -0.8597 -0.0367
vn 0.4507 -0.8631 0.2280
vn -0.5979 0.7623 -0.2477
vn -0.3568 0.6467 -0.6741
vn -0.3675 0.0705 0.9273
vn -0.6038 0.4402 0.6645
vn 0.5029 -0.7117 -0.4906
vn 0.2597 -0.6871 0.6786
vn -0.0238 0.3477 -0.9373
vn -0.6870 0.6872 0.2362
vn -0.0440 -0.3406 0.9392
vn -0.0431 -0.2638 0.9636
vn -0.1913 0.2490 0.9494
vn 0.1169 -0.1978 -0.9733
vn 0.1975 -0.6772 -0.7088
vn 0.2110 -0.9772 -0.0235
vn 0.1907 -0.9452 0.2648
vn -0.2520 0.9394 -0.2324
vn -0.1395 0.7188 -0.6810
vn -0.2819 0.6773 0.6796
vn 0.2244 -0.8323 -0.5068
vn 0.0990 -0.6840 0.7227
vn -0.0013 0.3104 -0.9506
vn -0.3025 0.9164 0.2619
vn -0.0186 -0.3135 0.9494
vn -0.0776 0.2190 0.9726
vn -0.0059 -0.2130 -0.9770
vn 0.0063 -0.7073 -0.7069
vn 0.0203 -0.9990 -0.0410
vn 0.0168 -0.9750 0.2215
vn -0.1048 0.9688 -0.2245
vn -0.0585 0.7157 -0.6960
vn -0.1264 0.7178 0.6847
vn 0.0152 -0.8603 -0.5096
vn 0.0043 -0.7201 0.6939
vn -0.0189 0.3079 -0.9512
vn -0.1279 0.9519 0.2786
vn -0.1194 0.0547 0.9913
vn -0.2083 0.0828 0.9745
vn -0.4528 0.8598 -0.2358
vn -0.2856 0.6209 -0.7300
vn -0.3572 0.5854 0.7278
vn -0.4755 0.8240 0.3080
vn -0.0743 0.3337 -0.9398
vn -0.8582 0.4641 -0.2191
vn -0.6096 0.3585 -0.7070
vn -0.6216 0.3180 0.7159
vn -0.8486 0.4402 0.2935
vn -0.1880 0.1451 -0.9714
vn -0.9664 0.1340 -0.2195
vn -0.7088 0.1012 -0.6981
vn -0.6979 0.0936 0.7101
vn -0.9487 0.1290 0.2886
vn -0.2405 0.0358 -0.9700
vn -0.2484 0.0290 0.9682
vn -0.9723 0.0951 -0.2137
vn -0.7291 0.0725 -0.6806
vn -0.7159 0.0712 0.6946
vn -0.9554 0.0936 0.2802
vn -0.2755 0.0288 -0.9609
vn -0.2838 0.0297 0.9584
vn -0.8898 0.4049 -0.2106
vn -0.6733 0.3103 -0.6711
vn -0.6599 0.3051 0.6866
vn -0.8745 0.3985 0.2765
vn -0.2695 0.1283 -0.9544
vn -0.2776 0.1328 0.9515
vn -0.5735 0.7919 -0.2097
vn -0.4287 0.6081 -0.6681
vn -0.4182 0.5979 0.6838
vn -0.5629 0.7793 0.2754
vn -0.1674 0.2551 -0.9523
vn -0.1710 0.2643 0.9492
vn -0.1838 0.9611 -0.2062
vn -0.1321 0.7349 -0.6651
vn -0.1279 0.7226 0.6793
vn -0.1797 0.9458 0.2706
vn -0.0447 0.2876 -0.9567
vn -0.0450 0.2956 0.9542
vn -0.0261 0.9782 -0.2060
vn -0.0207 0.7433 -0.6686
vn -0.0206 0.7315 0.6815
vn -0.0258 0.9625 0.2700
vn -0.0082 0.2797 -0.9601
vn -0.0086 0.2880 0.9576
vn 0.5000 -0.8660 -0.0000
vn 0.5000 0.8660 -0.0000
vn 0.8660 0.5000 -0.0000
vn 0.8660 -0.5000 -0.0000
vn 0.3930 0.6424 0.6580
vn 0.6441 0.3911 0.6574
vn 0.8548 0.5190 -0.0000
vn 0.5218 0.8530 -0.0000
vn 0.6667 0.4885 0.5629
vn 0.6441 -0.3911 0.6574
vn 0.9332 0.0859 0.3488
vn 0.9330 -0.0844 0.3498
vn 0.7347 0.0017 0.6784
vn 1.0000 0.0023 -0.0000
vn 0.9757 0.2191 -0.0000
vn -0.1000 -0.9360 0.3376
vn 0.0709 -0.7259 0.6841
vn 0.0972 -0.9953 -0.0000
vn 0.1973 -0.9803 -0.0000
vn 0.5164 -0.8564 -0.0000
vn 0.3895 -0.6458 0.6567
vn 0.3015 0.3015 0.9045
vn 0.7071 -0.0000 0.7071
vn 0.6667 -0.4885 0.5629
vn 0.3015 -0.3015 0.9045
vn 0.5593 -0.8290 -0.0000
vn 0.7071 -0.7071 -0.0000
vn 0.6557 -0.7318 -0.1857
vn 0.3910 -0.9204 -0.0000
vn 0.5774 -0.5774 0.5774
vn -0.3015 0.3015 0.9045
vn -0.0000 0.7071 0.7071
vn -0.0880 0.9343 0.3455
vn -0.0000 0.7306 0.6828
vn -0.5774 0.5774 0.5774
vn 0.2108 0.9775 -0.0000
vn -0.4863 -0.6681 0.5632
vn -0.3017 -0.3112 0.9012
vn -0.5787 -0.5798 0.5735
vn 0.7669 -0.6221 -0.1579
vn 0.5774 -0.5774 -0.5774
vn -0.0000 -0.9693 -0.2460
vn 0.7670 -0.0000 -0.6417
vn 0.8547 -0.5190 -0.0000
vn 0.9762 -0.2168 -0.0000
vn -0.0000 -0.7071 0.7071
vn 0.5774 0.5774 0.5774
vn -0.4864 0.6684 0.5627
vn 0.0004 -0.0003 1.0000
vn -0.0000 -0.7072 0.7070
vn 0.5141 -0.8577 -0.0045
vn -0.0000 -0.0007 1.0000
vn 0.5111 -0.8595 -0.0000
vn -0.5111 -0.8595 -0.0000
vn -0.2837 -0.9589 -0.0000
vn 0.2837 -0.9589 -0.0000
vn 0.3430 -0.9393 -0.0090
vn -0.3930 0.6424 0.6580
vn -0.5218 0.8530 -0.0000
vn -0.8548 0.5190 -0.0000
vn -0.6441 0.3911 0.6574
vn -0.6667 0.4885 0.5629
vn -0.9332 0.0859 0.3488
vn -0.6441 -0.3911 0.6574
vn -0.9330 -0.0844 0.3498
vn -0.9757 0.2191 -0.0000
vn -1.0000 0.0023 -0.0000
vn -0.7347 0.0017 0.6784
vn 0.1000 -0.9360 0.3376
vn -0.1973 -0.9803 -0.0000
vn -0.0972 -0.9953 -0.0000
vn -0.0709 -0.7259 0.6841
vn -0.3895 -0.6458 0.6567
vn -0.5164 -0.8564 -0.0000
vn -0.7071 -0.0000 0.7071
vn -0.6667 -0.4885 0.5629
vn -0.3015 -0.3015 0.9045
vn -0.5593 -0.8290 -0.0000
vn -0.6557 -0.7318 -0.1857
vn -0.7071 -0.7071 -0.0000
vn -0.3910 -0.9204 -0.0000
vn -0.5774 -0.5774 0.5774
vn 0.0880 0.9343 0.3455
vn -0.2108 0.9775 -0.0000
vn 0.5787 -0.5798 0.5735
vn 0.3017 -0.3112 0.9012
vn 0.4863 -0.6681 0.5632
vn -0.7669 -0.6221 -0.1579
vn -0.5774 -0.5773 -0.5773
vn -0.3015 -0.9045 0.3015
vn -0.7670 -0.0000 -0.6417
vn -0.9762 -0.2168 -0.0000
vn -0.8547 -0.5190 -0.0000
vn 0.4864 0.6684 0.5627
vn -0.0004 -0.0003 1.0000
vn -0.5141 -0.8577 -0.0045
vn 0.2705 -0.9625 -0.0222
vn 0.2771 -0.9608 -0.0111
vn -0.2771 -0.9608 -0.0111
vn -0.2705 -0.9625 -0.0222
vn -0.3430 -0.9393 -0.0090
vn -0.5112 -0.8595 -0.0000
vn 0.5112 -0.8595 -0.0000
vn 0.3015 -0.9045 0.3015
vn 0.0215 0.7115 -0.7023
vn -0.0000 0.7091 -0.7051
vn -0.0377 0.1784 -0.9832
vn -0.0390 0.0790 -0.9961
vn 0.6109 0.5535 -0.5661
vn 0.7051 0.1334 -0.6964
vn 0.6110 0.5599 0.5595
vn 0.6638 0.0465 0.7465
vn -0.0235 -0.7020 0.7117
vn 0.0215 0.7115 0.7023
vn -0.0000 0.7091 0.7051
vn -0.0000 -0.7042 0.7100
vn -0.0335 -0.9994 -0.0000
vn -0.4433 -0.2131 0.8707
vn -0.6887 0.0388 0.7240
vn -0.6917 0.0853 0.7171
vn -0.9998 0.0184 -0.0000
vn -0.1219 -0.9925 -0.0000
vn -0.0856 -0.6969 0.7121
vn -0.0541 -0.6997 0.7123
vn -0.0770 -0.9970 -0.0000
vn 0.0949 0.7068 0.7011
vn 0.0949 0.7068 -0.7011
vn 0.0563 0.7109 -0.7010
vn 0.0563 0.7109 0.7010
vn -0.7889 -0.6145 -0.0000
vn 0.7457 0.0482 0.6646
vn -0.7457 0.0482 0.6646
vn 0.7059 0.1407 -0.6942
vn -0.0000 0.1987 -0.9801
vn -0.0000 0.2863 -0.9581
vn 0.7292 0.1959 -0.6556
vn 0.7486 0.2652 0.6076
vn -0.7486 0.2652 0.6076
vn 0.6815 0.3308 0.6527
vn -0.6815 0.3308 0.6527
vn 0.7417 0.3410 -0.5776
vn -0.0000 0.5084 -0.8611
vn -0.0000 0.6942 -0.7198
vn 0.7270 0.4764 -0.4945
vn 0.6884 0.1904 0.6999
vn -0.6828 0.2033 0.7018
vn 0.7082 0.1297 0.6940
vn -0.7017 0.1621 0.6937
vn 0.7033 0.5274 -0.4767
vn -0.0000 0.7416 -0.6708
vn -0.9997 0.0239 -0.0000
vn -0.0000 0.3931 -0.9195
vn 0.6275 0.3099 -0.7143
vn 0.6864 0.0688 0.7239
vn -0.9987 0.0512 -0.0000
vn -0.0215 0.7115 -0.7023
vn 0.0377 0.1784 -0.9832
vn -0.7051 0.1334 -0.6964
vn -0.6109 0.5535 -0.5661
vn 0.0390 0.0790 -0.9961
vn -0.6638 0.0465 0.7465
vn -0.6110 0.5599 0.5595
vn 0.0235 -0.7020 0.7117
vn -0.0215 0.7115 0.7023
vn -0.5774 -0.5774 -0.5774
vn 0.0335 -0.9994 -0.0000
vn 0.6887 0.0388 0.7240
vn 0.4433 -0.2131 0.8707
vn 0.6917 0.0853 0.7171
vn 0.9998 0.0184 -0.0000
vn 0.1219 -0.9925 -0.0000
vn 0.0770 -0.9970 -0.0000
vn 0.0541 -0.6997 0.7123
vn 0.0856 -0.6969 0.7121
vn -0.0949 0.7068 0.7011
vn -0.0563 0.7109 0.7010
vn -0.0563 0.7109 -0.7010
vn -0.0949 0.7068 -0.7011
vn 0.7889 -0.6145 -0.0000
vn -0.7059 0.1407 -0.6942
vn -0.7292 0.1959 -0.6556
vn -0.7417 0.3410 -0.5776
vn -0.7270 0.4764 -0.4945
vn -0.6884 0.1904 0.6999
vn 0.6828 0.2033 0.7018
vn -0.7082 0.1297 0.6940
vn 0.7017 0.1621 0.6937
vn -0.7033 0.5274 -0.4767
vn 0.9997 0.0239 -0.0000
vn -0.6275 0.3099 -0.7143
vn -0.6864 0.0688 0.7239
vn 0.9987 0.0512 -0.0000
vn 0.9961 -0.0000 -0.0884
vn 0.7498 0.6583 -0.0665
vn 0.6771 0.6372 0.3681
vn 0.8786 -0.0000 0.4776
vn 0.9967 -0.0000 -0.0807
vn 0.6857 0.7257 -0.0555
vn 0.6603 0.7301 -0.1761
vn 0.9662 -0.0000 -0.2576
vn 0.9999 -0.0000 0.0119
vn 0.7044 0.7098 0.0084
vn 0.9423 -0.0000 -0.3348
vn 0.6701 0.7030 -0.2381
vn 0.3279 0.6508 0.6848
vn 0.4319 -0.0000 0.9019
vn 0.0622 0.6883 0.7228
vn 0.0858 -0.0000 0.9963
vn -0.0950 0.6791 0.7279
vn -0.1295 -0.0000 0.9916
vn -0.3905 0.6499 0.6520
vn -0.5138 -0.0000 0.8579
vn -0.6640 0.6548 0.3610
vn -0.8785 -0.0000 0.4777
vn -0.7272 0.6806 0.0895
vn -0.9925 -0.0000 0.1222
vn -0.7289 0.6766 -0.1041
vn -0.9899 -0.0000 -0.1414
vn -0.6460 0.6523 -0.3965
vn -0.8523 -0.0000 -0.5231
vn -0.3373 0.6471 -0.6837
vn -0.4424 -0.0000 -0.8968
vn 0.0429 0.6611 -0.7491
vn 0.0572 -0.0000 -0.9984
vn 0.1394 0.7241 -0.6755
vn 0.2022 -0.0000 -0.9794
vn -0.0180 0.7440 -0.6680
vn -0.0269 -0.0000 -0.9996
vn -0.2501 0.7570 -0.6037
vn -0.3827 -0.0000 -0.9239
vn -0.4859 0.7717 -0.4103
vn -0.7640 -0.0000 -0.6452
vn -0.6436 0.7412 -0.1911
vn -0.9586 -0.0000 -0.2846
vn -0.6884 0.7236 -0.0494
vn -0.9974 -0.0000 -0.0716
vn -0.7311 0.6700 -0.1290
vn -0.9848 -0.0000 -0.1738
vn -0.6098 0.6473 -0.4573
vn -0.8000 -0.0000 -0.6000
vn -0.2972 0.6598 -0.6902
vn -0.3955 -0.0000 -0.9185
vn -0.0035 0.6699 -0.7424
vn -0.0047 -0.0000 -1.0000
vn 0.6192 0.5868 -0.5217
vn 0.7647 -0.0000 -0.6444
vn 0.6758 0.6053 0.4206
vn 0.8490 -0.0000 0.5284
vn 0.3663 0.7330 0.5731
vn 0.5386 -0.0000 0.8426
vn 0.7373 -0.0000 0.6755
vn 0.4943 0.7421 0.4528
vn 0.9528 -0.0000 0.3035
vn 0.6009 0.7760 0.1914
vn -0.0000 0.5207 -0.8538
vn 0.0869 0.5187 -0.8505
vn 0.0853 0.1390 -0.9866
vn -0.0000 0.1396 -0.9902
vn -0.0000 0.8819 -0.4715
vn 0.0869 0.8786 -0.4697
vn -0.0000 0.9936 -0.1129
vn 0.0852 0.9900 -0.1125
vn 0.0852 -0.0000 -0.9964
vn 0.9632 0.0378 -0.2661
vn 0.9585 0.1509 -0.2418
vn 0.9855 0.1426 -0.0916
vn -0.0000 -0.9464 -0.3231
vn 0.0583 0.7274 -0.6838
vn -0.0000 0.7484 -0.6633
vn -0.0000 0.1202 -0.9928
vn 0.0376 0.0856 -0.9956
vn 0.4832 0.4906 -0.7251
vn 0.7384 0.0465 -0.6728
vn 0.9573 0.2876 -0.0302
vn 0.9554 0.2633 -0.1340
vn 0.7129 0.6170 -0.3332
vn 0.7082 0.7013 -0.0815
vn 0.3614 0.8223 -0.4396
vn 0.3594 0.9272 -0.1054
vn 0.7185 0.3609 -0.5946
vn 0.3616 0.4854 -0.7960
vn 0.7220 0.0963 -0.6851
vn 0.3593 0.1302 -0.9241
vn -0.7220 0.0963 -0.6851
vn -0.3593 0.1302 -0.9241
vn -0.3624 -0.0000 -0.9320
vn -0.7300 -0.0000 -0.6834
vn 0.2515 0.6494 -0.7177
vn 0.6740 0.0908 -0.7332
vn -0.0102 0.1225 -0.9924
vn -0.0051 0.0621 -0.9981
vn 0.7387 0.1526 -0.6565
vn 0.6308 0.4238 -0.6500
vn 0.3811 0.6336 -0.6733
vn 0.1419 0.7317 -0.6667
vn -0.0000 0.7071 -0.7071
vn -0.1643 -0.9864 -0.0000
vn -0.4937 -0.8696 -0.0000
vn -0.8365 -0.5480 -0.0000
vn -0.9902 -0.1397 -0.0000
vn -0.6775 0.7355 -0.0000
vn -0.6507 0.7594 -0.0000
vn -0.9908 -0.1355 -0.0000
vn 0.7585 0.1661 0.6301
vn 0.8730 0.3863 0.2977
vn 0.6308 0.4238 0.6500
vn 0.7463 0.1820 0.6403
vn 0.3811 0.6336 0.6733
vn 0.1419 0.7317 0.6667
vn 0.6434 0.1698 0.7465
vn -0.0093 0.1126 0.9936
vn -0.0184 0.2215 0.9750
vn -0.0000 0.2549 0.9670
vn -0.0000 0.7921 0.6104
vn 0.5774 -0.5773 0.5774
vn -0.0853 0.1390 -0.9866
vn -0.0869 0.5187 -0.8505
vn -0.0869 0.8786 -0.4697
vn -0.0852 0.9900 -0.1125
vn -0.0852 -0.0000 -0.9964
vn -0.9632 0.0378 -0.2661
vn -0.9855 0.1426 -0.0916
vn -0.9585 0.1509 -0.2418
vn -0.0000 -0.4408 -0.8976
vn -0.0583 0.7274 -0.6838
vn -0.0376 0.0856 -0.9956
vn -0.7384 0.0465 -0.6728
vn -0.4832 0.4906 -0.7251
vn -0.9573 0.2876 -0.0302
vn -0.7082 0.7013 -0.0815
vn -0.7129 0.6170 -0.3332
vn -0.9554 0.2633 -0.1340
vn -0.3594 0.9272 -0.1054
vn -0.3614 0.8223 -0.4396
vn -0.7185 0.3609 -0.5946
vn -0.3616 0.4854 -0.7960
vn -0.2515 0.6494 -0.7177
vn -0.6740 0.0908 -0.7332
vn -0.7387 0.1526 -0.6565
vn 0.0051 0.0621 -0.9981
vn 0.0102 0.1225 -0.9924
vn -0.6308 0.4238 -0.6500
vn -0.3811 0.6336 -0.6733
vn -0.1419 0.7317 -0.6667
vn 0.1643 -0.9864 -0.0000
vn 0.4937 -0.8696 -0.0000
vn 0.8365 -0.5480 -0.0000
vn 0.9902 -0.1397 -0.0000
vn 0.9908 -0.1355 -0.0000
vn 0.6507 0.7594 -0.0000
vn 0.6775 0.7355 -0.0000
vn -0.8730 0.3863 0.2977
vn -0.7585 0.1661 0.6301
vn -0.7463 0.1820 0.6402
vn -0.6308 0.4238 0.6500
vn -0.3811 0.6336 0.6733
vn -0.1419 0.7317 0.6667
vn -0.6434 0.1698 0.7465
vn 0.0093 0.1126 0.9936
vn 0.0184 0.2215 0.9750
vn -0.5774 -0.5773 0.5774
vn -0.9683 -0.0000 -0.2499
vn 0.3624 -0.0000 -0.9320
vn 0.7300 -0.0000 -0.6834
vn 0.9683 -0.0000 -0.2499
vn 0.3791 0.6554 0.6532
vn 0.6611 0.3724 0.6514
vn 0.6611 0.3724 -0.6514
vn 0.3791 0.6554 -0.6532
vn -0.0000 0.7573 -0.6530
vn 0.6413 -0.4033 -0.6528
vn 0.5378 -0.2356 -0.8095
vn 0.6413 -0.4033 0.6528
vn 0.5378 -0.2356 0.8095
vn 0.5773 -0.5773 0.5774
vn -0.0000 0.7573 0.6530
vn 0.7581 -0.0211 -0.6518
vn 0.7580 -0.0211 0.6519
vn 0.3212 -0.9005 -0.2930
vn 0.3122 -0.9009 0.3015
vn 0.1977 -0.9481 -0.2491
vn 0.9140 -0.4056 -0.0000
vn 0.7127 -0.3162 -0.6262
vn 0.8440 -0.5364 -0.0000
vn 0.9997 -0.0256 -0.0000
vn 0.9974 0.0526 -0.0502
vn 0.5363 -0.3409 -0.7721
vn 0.1582 -0.7244 -0.6710
vn 0.7321 -0.1164 -0.6711
vn 0.5717 -0.5309 -0.6255
vn 0.2677 -0.8574 -0.4396
vn 0.8104 -0.4957 -0.3123
vn 0.6657 -0.5040 0.5502
vn 0.2202 -0.8203 0.5278
vn 0.8777 0.1164 -0.4649
vn 0.8592 -0.1124 -0.4991
vn 0.5958 -0.5081 -0.6219
vn 0.1547 -0.8385 -0.5224
vn 0.4938 0.8696 -0.0000
vn -0.0000 0.9229 -0.3850
vn 0.4396 0.8011 -0.4061
vn 0.8701 0.4928 -0.0000
vn 0.7626 0.4580 -0.4568
vn -0.0000 -0.8870 -0.4618
vn -0.0000 -0.8097 0.5869
vn -0.0000 -0.8462 -0.5329
vn 0.6476 -0.5134 -0.5631
vn -0.0000 -0.6738 -0.7389
vn 0.8442 0.2825 0.4555
vn 0.5768 -0.5747 0.5805
vn 0.6069 0.4189 0.6754
vn 0.7175 -0.5809 -0.3843
vn 0.6855 0.6130 0.3928
vn 0.6791 0.5119 0.5261
vn 0.7379 -0.4884 -0.4658
vn 0.6883 0.3827 0.6163
vn 0.7266 -0.3837 -0.5699
vn -0.0000 -0.5585 -0.8295
vn -0.0000 -0.7236 -0.6902
vn -0.0000 -0.8340 -0.5517
vn 0.7375 0.4710 0.4840
vn 0.7270 0.3622 0.5834
vn 0.7301 0.5754 0.3687
vn 0.7012 0.3057 0.6441
vn 0.7131 0.3005 0.6333
vn 0.6025 0.6689 0.4355
vn 0.8526 0.4379 0.2851
vn -0.0000 -0.4426 -0.8967
vn 0.7184 -0.3079 -0.6238
vn 0.6020 -0.6676 -0.4381
vn -0.0000 -0.8360 -0.5487
vn 0.7307 0.6792 0.0693
vn 0.6850 0.7248 0.0739
vn 0.7304 -0.6796 -0.0684
vn -0.0000 -0.9950 -0.1001
vn 0.7332 0.6465 0.2109
vn 0.6828 0.6946 0.2267
vn 0.7331 -0.6473 -0.2089
vn -0.0000 -0.9517 -0.3072
vn 0.7054 0.6427 0.2989
vn 0.7089 0.6396 0.2975
vn 0.6880 0.6802 0.2529
vn 0.7178 0.6804 0.1479
vn -0.0000 -0.9043 -0.4268
vn 0.7110 -0.6359 -0.3001
vn 0.6795 -0.5736 -0.4574
vn 0.0208 -0.8354 -0.5492
vn 0.5673 0.6705 -0.4782
vn 0.9219 0.1957 -0.3344
vn -0.0000 -0.9594 0.2819
vn -0.0000 -0.4791 0.8778
vn -0.0000 -0.9609 -0.2769
vn -0.0000 -0.4837 -0.8753
vn -0.0000 0.4836 -0.8753
vn -0.0000 0.9609 -0.2769
vn -0.0000 0.4791 0.8778
vn -0.0000 0.9594 0.2819
vn 0.3420 -0.7053 -0.6210
vn 0.0414 -0.7609 -0.6475
vn 0.8388 -0.3552 -0.4126
vn 0.9605 -0.0378 -0.2758
vn -0.0000 -0.8266 0.5628
vn -0.0000 -0.9158 0.4016
vn -0.0000 -0.5287 -0.8488
vn -0.0000 -0.5628 -0.8266
vn 0.6222 -0.6870 -0.3754
vn 0.8916 0.1402 -0.4306
vn 0.8788 -0.0511 -0.4745
vn 0.7009 0.0251 -0.7128
vn 0.7070 0.0050 -0.7072
vn 0.7640 0.5039 -0.4030
vn 0.4379 0.8223 -0.3634
vn 0.7662 -0.1397 -0.6272
vn -0.0000 0.9380 -0.3467
vn 0.9588 -0.0459 -0.2804
vn 0.2839 -0.6951 -0.6605
vn 0.8454 -0.3118 -0.4337
vn -0.0000 -0.7357 -0.6773
vn 0.7220 -0.1190 0.6816
vn 0.6592 -0.2007 -0.7247
vn -0.0000 0.7539 0.6570
vn 0.3498 0.6677 0.6571
vn 0.6267 0.4227 0.6547
vn 0.7343 0.1171 0.6687
vn 0.7039 -0.0453 0.7089
vn 0.6891 -0.0585 0.7223
vn 0.7109 -0.0310 0.7026
vn -0.0000 -0.0538 0.9986
vn -0.7071 0.7071 -0.0000
vn -0.9084 0.4181 -0.0000
vn -0.5272 0.2427 0.8143
vn -0.8218 -0.5698 -0.0000
vn -0.4708 -0.8822 -0.0000
vn -0.3561 -0.6672 0.6542
vn -0.6163 -0.4273 0.6615
vn -0.9742 0.2256 -0.0000
vn -0.9812 -0.1929 -0.0000
vn -0.7318 -0.1439 0.6661
vn -0.7322 0.1696 0.6597
vn -0.7906 0.6123 -0.0000
vn -0.5910 0.4577 0.6643
vn -0.0000 -0.7527 0.6584
vn -0.0000 -0.0055 1.0000
vn -0.3791 0.6554 0.6532
vn -0.3791 0.6554 -0.6532
vn -0.6611 0.3724 -0.6514
vn -0.6611 0.3724 0.6514
vn -0.5378 -0.2356 -0.8095
vn -0.6413 -0.4033 -0.6528
vn -0.6413 -0.4033 0.6528
vn -0.5378 -0.2356 0.8095
vn -0.5773 -0.5773 0.5774
vn -0.7581 -0.0211 -0.6518
vn -0.7580 -0.0211 0.6519
vn -0.3212 -0.9005 -0.2930
vn -0.1977 -0.9481 -0.2491
vn -0.3122 -0.9009 0.3015
vn -0.7127 -0.3162 -0.6262
vn -0.9140 -0.4056 -0.0000
vn -0.8440 -0.5364 -0.0000
vn -0.5363 -0.3409 -0.7721
vn -0.9974 0.0526 -0.0502
vn -0.9997 -0.0256 -0.0000
vn -0.1582 -0.7244 -0.6710
vn -0.7321 -0.1164 -0.6711
vn -0.5717 -0.5309 -0.6255
vn -0.2677 -0.8574 -0.4396
vn -0.2202 -0.8203 0.5278
vn -0.6657 -0.5040 0.5502
vn -0.8104 -0.4957 -0.3123
vn -0.8592 -0.1124 -0.4991
vn -0.8777 0.1164 -0.4649
vn -0.1547 -0.8385 -0.5224
vn -0.5958 -0.5081 -0.6219
vn -0.4938 0.8696 -0.0000
vn -0.4396 0.8011 -0.4061
vn -0.7626 0.4580 -0.4568
vn -0.8701 0.4928 -0.0000
vn -0.6476 -0.5134 -0.5631
vn -0.8442 0.2825 0.4555
vn -0.6069 0.4189 0.6754
vn -0.5768 -0.5747 0.5805
vn -0.7175 -0.5809 -0.3843
vn -0.7379 -0.4884 -0.4658
vn -0.6791 0.5119 0.5261
vn -0.6855 0.6130 0.3928
vn -0.7266 -0.3837 -0.5699
vn -0.6883 0.3827 0.6163
vn -0.7270 0.3622 0.5834
vn -0.7375 0.4710 0.4840
vn -0.7301 0.5754 0.3687
vn -0.7012 0.3057 0.6441
vn -0.8526 0.4379 0.2851
vn -0.6025 0.6689 0.4355
vn -0.7131 0.3005 0.6333
vn -0.6020 -0.6676 -0.4381
vn -0.7184 -0.3079 -0.6238
vn -0.6850 0.7248 0.0739
vn -0.7307 0.6792 0.0693
vn -0.7304 -0.6796 -0.0684
vn -0.6828 0.6946 0.2267
vn -0.7332 0.6465 0.2109
vn -0.7331 -0.6473 -0.2089
vn -0.7054 0.6427 0.2989
vn -0.7178 0.6804 0.1479
vn -0.6880 0.6802 0.2529
vn -0.7089 0.6396 0.2975
vn -0.0208 -0.8354 -0.5492
vn -0.6795 -0.5736 -0.4574
vn -0.7110 -0.6359 -0.3001
vn -0.9219 0.1957 -0.3344
vn -0.5673 0.6705 -0.4782
vn -0.0414 -0.7609 -0.6475
vn -0.3420 -0.7053 -0.6210
vn -0.8388 -0.3552 -0.4126
vn -0.9605 -0.0378 -0.2758
vn -0.6222 -0.6870 -0.3754
vn -0.8788 -0.0511 -0.4745
vn -0.8916 0.1402 -0.4306
vn -0.7070 0.0050 -0.7072
vn -0.7009 0.0251 -0.7128
vn -0.7640 0.5039 -0.4030
vn -0.4379 0.8223 -0.3634
vn -0.7662 -0.1397 -0.6272
vn -0.9588 -0.0459 -0.2804
vn -0.2839 -0.6951 -0.6605
vn -0.8454 -0.3118 -0.4337
vn -0.7220 -0.1190 0.6816
vn -0.6592 -0.2007 -0.7247
vn -0.3498 0.6677 0.6571
vn -0.7343 0.1171 0.6687
vn -0.6267 0.4227 0.6547
vn -0.6891 -0.0585 0.7223
vn -0.7039 -0.0453 0.7089
vn -0.7109 -0.0310 0.7026
vn 0.7071 0.7071 -0.0000
vn 0.5272 0.2427 0.8143
vn 0.9084 0.4181 -0.0000
vn 0.8218 -0.5698 -0.0000
vn 0.6163 -0.4273 0.6615
vn 0.3561 -0.6672 0.6542
vn 0.4708 -0.8822 -0.0000
vn 0.9742 0.2256 -0.0000
vn 0.7322 0.1696 0.6597
vn 0.7318 -0.1439 0.6661
vn 0.9812 -0.1929 -0.0000
vn 0.5910 0.4577 0.6643
vn 0.7906 0.6123 -0.0000
vn -0.0000 0.9667 -0.2560
vn 0.9290 -0.0000 0.3700
vn 0.5417 -0.0000 0.8406
vn 0.5484 0.1800 0.8166
vn 0.9408 0.0532 0.3348
vn 0.2216 -0.0000 0.9751
vn -0.0000 0.2474 0.9689
vn 0.2250 0.2306 0.9467
vn 0.5283 0.4008 0.7485
vn 0.9336 0.1654 0.3178
vn 0.2134 0.4893 0.8456
vn -0.0000 0.5091 0.8607
vn -0.0000 0.7171 -0.6970
vn 0.5082 0.4696 0.7220
vn 0.8958 0.2398 0.3742
vn 0.2101 0.5327 0.8198
vn -0.0000 0.3346 -0.9424
vn -0.0000 0.5448 0.8386
vn -0.0000 0.0680 -0.9977
vn 0.9776 -0.1542 -0.1431
vn 0.3324 -0.8753 -0.3513
vn 0.1615 -0.8766 -0.4533
vn 0.0918 -0.8761 -0.4734
vn 0.9829 -0.0241 -0.1827
vn 0.7165 0.0631 -0.6948
vn 0.2962 0.0984 -0.9501
vn 0.1517 0.1300 -0.9798
vn 0.9340 0.0630 -0.3517
vn 0.6451 0.0711 -0.7608
vn 0.2947 0.0746 -0.9527
vn 0.1870 0.0610 -0.9805
vn 0.9256 -0.3433 -0.1592
vn 0.6243 -0.6659 -0.4085
vn 0.2728 -0.7911 -0.5475
vn 0.1683 -0.7927 -0.5859
vn 0.9794 -0.1473 -0.1379
vn 0.6745 -0.6333 -0.3794
vn 0.2535 -0.8194 -0.5141
vn 0.1237 -0.8474 -0.5164
vn 0.9847 -0.0310 -0.1715
vn 0.7037 0.0781 -0.7062
vn 0.3106 0.0759 -0.9475
vn 0.1794 0.0478 -0.9826
vn 0.9294 0.0788 -0.3606
vn 0.6401 0.0539 -0.7664
vn 0.3153 0.0421 -0.9481
vn 0.2140 0.0249 -0.9765
vn 0.9779 -0.1136 -0.1755
vn 0.7336 -0.3239 -0.5974
vn 0.3437 -0.4489 -0.8248
vn 0.2172 -0.4666 -0.8574
vn 0.0078 -0.9700 0.2432
vn -0.0000 -0.9698 0.2441
vn 0.0074 -0.9699 0.2433
vn 0.0103 -0.9706 0.2406
vn 0.0112 -0.9704 0.2411
vn 0.0039 -0.9714 0.2373
vn -0.9290 -0.0000 0.3700
vn -0.9408 0.0532 0.3348
vn -0.5484 0.1800 0.8166
vn -0.5417 -0.0000 0.8406
vn -0.2216 -0.0000 0.9751
vn -0.2250 0.2306 0.9467
vn -0.9336 0.1654 0.3178
vn -0.5283 0.4008 0.7485
vn -0.2134 0.4893 0.8456
vn -0.8958 0.2398 0.3742
vn -0.5082 0.4696 0.7220
vn -0.2101 0.5327 0.8198
vn -0.3324 -0.8753 -0.3513
vn -0.9776 -0.1542 -0.1431
vn -0.1615 -0.8766 -0.4533
vn -0.0918 -0.8761 -0.4734
vn -0.7165 0.0631 -0.6948
vn -0.9829 -0.0241 -0.1827
vn -0.2962 0.0984 -0.9501
vn -0.1517 0.1300 -0.9798
vn -0.6451 0.0711 -0.7608
vn -0.9340 0.0630 -0.3517
vn -0.2946 0.0746 -0.9527
vn -0.1870 0.0610 -0.9805
vn -0.6243 -0.6659 -0.4085
vn -0.9256 -0.3433 -0.1592
vn -0.2728 -0.7911 -0.5475
vn -0.1683 -0.7927 -0.5859
vn -0.6745 -0.6333 -0.3794
vn -0.9794 -0.1473 -0.1379
vn -0.2535 -0.8194 -0.5141
vn -0.1237 -0.8474 -0.5164
vn -0.7037 0.0781 -0.7062
vn -0.9847 -0.0310 -0.1715
vn -0.3106 0.0759 -0.9475
vn -0.1794 0.0478 -0.9826
vn -0.6401 0.0539 -0.7664
vn -0.9294 0.0788 -0.3606
vn -0.3153 0.0421 -0.9481
vn -0.2140 0.0249 -0.9765
vn -0.7336 -0.3239 -0.5974
vn -0.9779 -0.1136 -0.1755
vn -0.3437 -0.4489 -0.8248
vn -0.2172 -0.4666 -0.8574
vn -0.0078 -0.9700 0.2432
vn -0.0074 -0.9699 0.2433
vn -0.0103 -0.9706 0.2406
vn -0.0112 -0.9704 0.2411
vn -0.0039 -0.9714 0.2373
vn 0.9984 0.0058 -0.0568
vn 0.9993 -0.0201 -0.0315
vn 0.8948 0.3685 -0.2520
vn 0.5769 0.7136 -0.3975
vn 0.6054 0.5325 0.5915
vn 0.8325 0.2487 0.4951
vn -0.3015 0.3015 -0.9045
vn -0.5774 0.5774 -0.5774
vn -0.6211 0.7400 -0.2581
vn -0.5774 0.5774 -0.5773
vn 0.4472 -0.0000 0.8944
vn -0.4472 0.8944 -0.0000
vn -0.5503 0.5954 -0.5854
vn -0.2027 0.1303 -0.9705
vn 0.0127 0.1890 -0.9819
vn 0.3101 0.6875 -0.6566
vn 0.6082 -0.6857 0.3999
vn 0.6923 -0.6909 -0.2083
vn 0.9987 0.0118 -0.0502
vn 0.7556 -0.1493 0.6377
vn 0.5807 0.4311 0.6907
vn 0.5775 -0.6739 0.4608
vn 0.2932 -0.9488 0.1178
vn 0.3050 0.8024 0.5129
vn 0.7627 -0.0338 0.6458
vn 0.6934 0.7151 0.0882
vn 0.6113 0.4900 0.6214
vn -0.0000 -0.5233 -0.8521
vn 0.2907 -0.7806 -0.5533
vn 0.6701 0.1655 -0.7236
vn -0.0000 0.2229 -0.9748
vn 0.9083 0.2444 0.3396
vn 0.6961 -0.0357 0.7171
vn 0.2860 0.8385 0.4639
vn 0.6095 0.4970 0.6177
vn -0.0000 -0.2134 0.9770
vn 0.6976 -0.1529 0.7000
vn 0.2959 -0.9516 0.0826
vn -0.0000 -0.8522 0.5233
vn 0.6042 -0.6537 0.4558
vn 0.6136 0.4733 0.6320
vn 0.9170 0.3043 0.2579
vn 0.9267 -0.3521 0.1311
vn -0.0000 0.8071 -0.5905
vn 0.5380 0.6703 -0.5111
vn 0.5424 -0.4808 -0.6889
vn -0.0000 -0.5897 -0.8076
vn 0.6938 -0.7010 -0.1651
vn 0.6945 0.7122 0.1024
vn -0.0000 0.3557 -0.9346
vn 0.7503 0.2209 -0.6232
vn 0.1735 0.9808 -0.0885
vn -0.0000 0.9461 -0.3238
vn 0.5963 -0.6668 0.4470
vn 0.3154 -0.9407 0.1248
vn 0.2846 0.8392 0.4634
vn 0.6046 0.4839 0.6327
vn 0.5885 0.4865 0.6458
vn 0.7185 -0.0346 0.6947
vn 0.6944 -0.0413 0.7184
vn 0.3361 0.8323 0.4408
vn 0.6069 -0.6550 0.4501
vn 0.6924 -0.7001 -0.1748
vn 0.6950 0.7109 0.1078
vn 0.6152 0.4707 0.6324
vn -0.0000 -0.5879 -0.8089
vn 0.2840 -0.8182 -0.4999
vn 0.3175 0.9308 -0.1810
vn -0.0000 0.8087 -0.5882
vn 0.6108 -0.6575 0.4411
vn 0.3253 -0.9332 0.1526
vn 0.2816 0.8347 0.4733
vn 0.6025 0.4802 0.6375
vn 0.9097 0.2314 0.3447
vn 0.9189 -0.3136 0.2395
vn 0.9147 0.3093 0.2599
vn 0.9277 -0.3520 0.1244
vn 0.5339 0.6758 -0.5082
vn 0.5362 -0.4788 -0.6952
vn 0.8652 -0.2166 -0.4523
vn 0.8810 0.3223 -0.3463
vn 0.9060 0.2341 0.3527
vn 0.9223 -0.3070 0.2347
vn 0.6115 -0.6763 0.4107
vn 0.6925 -0.6967 -0.1875
vn 0.6939 0.7087 0.1272
vn 0.6106 0.4321 0.6637
vn -0.0000 -0.5238 -0.8518
vn 0.5415 -0.4246 -0.7256
vn 0.6133 -0.6786 0.4042
vn 0.3082 -0.9410 0.1399
vn 0.2984 0.8101 0.5047
vn 0.6037 0.4408 0.6643
vn 0.5833 0.4834 0.6528
vn 0.5647 -0.6601 0.4954
vn 0.2414 -0.9566 0.1636
vn 0.3119 0.8378 0.4482
vn 0.5363 0.6713 -0.5117
vn 0.5335 -0.4817 -0.6953
vn 0.8650 -0.2171 -0.4524
vn 0.8815 0.3176 -0.3494
vn -0.0000 0.8425 -0.5387
vn 0.5404 0.7017 -0.4643
vn 0.2913 -0.2698 -0.9178
vn 0.5828 0.4697 0.6631
vn 0.5788 -0.6455 0.4983
vn 0.2799 -0.9358 0.2142
vn 0.2877 0.8241 0.4879
vn -0.0000 -0.5426 -0.8400
vn 0.3082 -0.7996 -0.5154
vn 0.3047 0.9415 -0.1442
vn -0.0000 0.8445 -0.5356
vn 0.9130 0.4080 0.0003
vn 0.9148 0.4039 0.0001
vn 0.8526 0.5224 -0.0078
vn 0.8448 0.5351 -0.0042
vn 0.9993 0.0195 -0.0312
vn 0.9993 -0.0202 -0.0316
vn 0.5774 0.5774 -0.5774
vn 0.6847 0.7282 -0.0295
vn 0.6610 0.7502 -0.0163
vn -0.1037 0.9842 -0.1436
vn -0.2885 0.9555 -0.0613
vn 0.2381 -0.9591 0.1530
vn 0.5734 -0.6667 0.4761
vn 0.2913 0.2699 -0.9178
vn 0.2912 -0.2699 -0.9178
vn 0.9993 0.0202 -0.0316
vn 0.9225 0.3343 0.1930
vn 0.8718 0.2748 -0.4055
vn 0.8799 0.3176 -0.3535
vn 0.3467 0.8236 0.4488
vn 0.5774 0.4613 0.6736
vn -0.0000 -0.5855 -0.8107
vn 0.2860 -0.8160 -0.5023
vn 0.3221 0.9296 -0.1794
vn -0.0000 0.8090 -0.5878
vn 0.5377 0.6714 -0.5100
vn -0.0000 0.8071 -0.5904
vn 0.2951 -0.9436 0.1499
vn 0.5807 -0.6799 0.4478
vn -0.0000 -0.5492 -0.8357
vn 0.5392 -0.4477 -0.7133
vn 0.3060 0.8248 0.4755
vn 0.5776 0.4472 0.6829
vn 0.7166 -0.1476 0.6816
vn 0.5742 -0.6894 0.4416
vn 0.2911 0.2696 -0.9179
vn -0.0000 -0.0574 0.9983
vn -0.0000 0.5859 0.8104
vn -0.0000 -0.8162 0.5778
vn -0.0000 0.5841 0.8117
vn -0.0000 -0.7830 0.6221
vn -0.0000 0.5632 0.8263
vn 0.3034 0.8083 0.5045
vn 0.5791 0.4336 0.6904
vn 0.5771 0.4409 0.6874
vn -0.0000 -0.8420 0.5394
vn -0.0000 0.5182 0.8553
vn 0.5761 -0.6913 0.4362
vn -0.0000 -0.8489 0.5286
vn -0.9776 -0.1899 -0.0913
vn -0.6770 -0.7356 0.0210
vn -0.6480 -0.7615 0.0126
vn -0.9795 -0.1883 -0.0721
vn 0.5505 -0.4280 -0.7168
vn 0.5508 0.6926 -0.4658
vn 0.9225 0.2806 0.2649
vn 0.9203 -0.3731 0.1177
vn 0.5180 0.6817 -0.5167
vn 0.6560 0.0672 -0.7517
vn 0.6699 0.0514 -0.7407
vn 0.5546 -0.4649 -0.6902
vn 0.5473 0.6675 -0.5050
vn 0.5542 -0.4684 -0.6880
vn 0.5475 0.6639 -0.5093
vn 0.9142 0.2038 0.3502
vn 0.9138 -0.3355 0.2292
vn 0.5492 0.6644 -0.5069
vn 0.5427 -0.4804 -0.6890
vn -0.0000 -0.5884 -0.8086
vn 0.6458 0.1689 -0.7446
vn 0.5325 -0.4236 -0.7328
vn 0.8692 -0.1742 -0.4628
vn 0.6715 0.1640 -0.7226
vn 0.5808 0.4704 0.6643
vn 0.7402 -0.0372 0.6714
vn 0.6185 0.5698 0.5411
vn 0.5769 -0.6748 0.4603
vn -0.0000 0.5241 0.8517
vn 0.5800 0.4306 0.6915
vn 0.8951 0.3850 -0.2249
vn 0.7192 0.6851 0.1156
vn 0.9019 0.3598 -0.2390
vn 0.7196 0.6880 0.0936
vn 0.8971 0.3666 -0.2464
vn 0.7189 0.6907 0.0782
vn 0.5497 0.6600 -0.5121
vn 0.9238 -0.3673 0.1081
vn 0.7163 -0.6663 -0.2073
vn 0.8878 -0.2818 -0.3639
vn 0.9006 0.3602 -0.2432
vn 0.7176 -0.6744 -0.1738
vn 0.8870 -0.2807 -0.3667
vn 0.7194 -0.6682 -0.1896
vn 0.6034 0.5058 0.6165
vn 0.8738 0.3563 -0.3311
vn 0.5386 0.7043 -0.4625
vn 0.5311 -0.4424 -0.7226
vn 0.5408 0.6931 -0.4766
vn -0.0000 0.9606 0.2781
vn -0.0000 0.9605 0.2781
vn -0.0000 0.8736 -0.4866
vn 0.5340 0.5890 -0.6066
vn 0.9168 0.3090 0.2530
vn 0.7177 -0.6764 -0.1655
vn 0.9071 0.2429 0.3437
vn 0.5783 -0.6765 0.4559
vn 0.5804 0.4760 0.6607
vn 0.5744 -0.6574 0.4877
vn 0.7206 0.6881 0.0851
vn 0.5784 -0.6887 0.4372
vn 0.7063 -0.6876 -0.1682
vn 0.7065 -0.6873 -0.1686
vn 0.8942 -0.2517 -0.3701
vn 0.8767 -0.1753 -0.4480
vn 0.7391 -0.1540 0.6558
vn 0.0003 0.9605 0.2782
vn -0.0000 0.8335 -0.5526
vn -0.0000 0.9605 0.2782
vn 0.0001 0.9605 0.2782
vn 0.0001 0.6691 0.7432
vn 0.2804 -0.9391 0.1986
vn 0.3093 0.8373 0.4509
vn 0.5797 0.4714 0.6647
vn 0.5781 -0.6445 0.5004
vn 0.2975 -0.9496 0.0989
vn -0.0000 0.5702 0.8215
vn -0.0000 -0.8215 0.5702
vn -0.0000 0.5344 0.8452
vn -0.0000 -0.8390 0.5441
vn -0.0000 0.5745 0.8185
vn -0.0000 -0.7898 0.6133
vn 0.3153 -0.9445 0.0919
vn 0.3264 0.4125 0.8505
vn 0.0003 0.9593 0.2825
vn -0.0000 0.4746 0.8802
vn 0.6459 0.5116 0.5667
vn 0.1354 0.9211 0.3651
vn -0.0000 0.9551 0.2962
vn -0.0000 -0.2773 0.9608
vn 0.4185 -0.2496 0.8732
vn 0.8509 -0.1423 0.5056
vn 0.0009 0.9666 0.2563
vn 0.6897 -0.1532 0.7076
vn 0.0114 0.6634 0.7482
vn 0.9807 -0.0529 0.1883
vn 0.7090 0.1899 -0.6792
vn -0.0000 0.2692 -0.9631
vn -0.0000 -0.9610 -0.2765
vn -0.0006 -0.9610 -0.2765
vn -0.0079 -0.9609 -0.2768
vn -0.0245 -0.9604 -0.2775
vn -0.0097 -0.9607 -0.2774
vn 0.6604 -0.0000 -0.7509
vn -0.2238 0.9746 -0.0000
vn -0.1452 0.6322 0.7611
vn -0.2524 0.8754 0.4123
vn -0.4110 -0.7186 0.5609
vn -0.5515 -0.6487 0.5243
vn -0.5370 -0.6571 0.5289
vn -0.7264 -0.4543 0.5157
vn -0.7357 -0.4337 0.5203
vn -0.7619 0.3769 0.5267
vn -0.8577 -0.5142 0.0034
vn -0.8806 -0.4738 0.0037
vn -0.6260 -0.7798 0.0023
vn -0.9926 -0.1211 -0.0035
vn -0.9891 -0.1471 -0.0015
vn -0.9867 -0.1623 0.0003
vn -0.8475 -0.5308 0.0020
vn 0.0001 -0.0107 -0.9999
vn 0.6895 0.5049 -0.5193
vn 0.7678 0.5942 -0.2394
vn 0.4631 0.8617 -0.2074
vn -0.9889 0.1444 -0.0345
vn -0.0014 0.9997 -0.0256
vn -0.6063 0.7892 0.0977
vn -0.7107 0.6965 0.0986
vn -0.5254 0.5862 0.6168
vn -0.1398 0.9806 -0.1371
vn -0.7217 0.6898 0.0575
vn 0.1323 0.9912 -0.0029
vn 0.9979 -0.0014 -0.0644
vn 0.6551 0.7555 -0.0005
vn 0.8433 0.5374 0.0001
vn 0.9111 0.4122 0.0006
vn -0.8816 0.2054 -0.4249
vn 0.9919 -0.0023 -0.1267
vn -0.9984 0.0058 -0.0568
vn -0.8948 0.3685 -0.2520
vn -0.9993 -0.0201 -0.0315
vn -0.5769 0.7136 -0.3975
vn -0.8325 0.2487 0.4951
vn -0.6054 0.5325 0.5915
vn 0.3015 0.3015 -0.9045
vn 0.5774 0.5774 -0.5773
vn 0.6211 0.7400 -0.2581
vn -0.4472 -0.0000 0.8944
vn 0.4472 0.8944 -0.0000
vn 0.5503 0.5954 -0.5854
vn -0.3101 0.6875 -0.6566
vn -0.0127 0.1890 -0.9819
vn 0.2027 0.1303 -0.9705
vn -0.6082 -0.6857 0.3999
vn -0.7556 -0.1493 0.6377
vn -0.9987 0.0118 -0.0502
vn -0.6923 -0.6909 -0.2083
vn -0.5807 0.4311 0.6907
vn -0.3050 0.8024 0.5129
vn -0.2932 -0.9488 0.1178
vn -0.5775 -0.6739 0.4608
vn -0.7627 -0.0338 0.6458
vn -0.6113 0.4900 0.6214
vn -0.6934 0.7151 0.0882
vn -0.6701 0.1655 -0.7236
vn -0.2907 -0.7806 -0.5533
vn -0.9083 0.2444 0.3396
vn -0.6095 0.4970 0.6177
vn -0.2860 0.8385 0.4639
vn -0.6961 -0.0357 0.7171
vn -0.2959 -0.9516 0.0826
vn -0.6976 -0.1529 0.7000
vn -0.6042 -0.6537 0.4558
vn -0.9267 -0.3521 0.1311
vn -0.9170 0.3043 0.2579
vn -0.6136 0.4733 0.6320
vn -0.5424 -0.4808 -0.6889
vn -0.5380 0.6703 -0.5111
vn -0.6945 0.7122 0.1024
vn -0.6938 -0.7010 -0.1651
vn -0.1735 0.9808 -0.0885
vn -0.7503 0.2209 -0.6232
vn -0.5963 -0.6668 0.4470
vn -0.6046 0.4839 0.6327
vn -0.2846 0.8392 0.4634
vn -0.3154 -0.9407 0.1248
vn -0.5885 0.4865 0.6458
vn -0.3361 0.8323 0.4408
vn -0.6944 -0.0413 0.7184
vn -0.7185 -0.0346 0.6947
vn -0.6069 -0.6550 0.4501
vn -0.6152 0.4707 0.6324
vn -0.6950 0.7109 0.1078
vn -0.6924 -0.7001 -0.1748
vn -0.3175 0.9308 -0.1810
vn -0.2840 -0.8182 -0.4999
vn -0.6108 -0.6575 0.4411
vn -0.6025 0.4802 0.6375
vn -0.2816 0.8347 0.4733
vn -0.3253 -0.9332 0.1526
vn -0.9189 -0.3136 0.2395
vn -0.9097 0.2314 0.3447
vn -0.9277 -0.3520 0.1244
vn -0.9147 0.3093 0.2599
vn -0.5339 0.6758 -0.5082
vn -0.8810 0.3223 -0.3463
vn -0.8652 -0.2166 -0.4523
vn -0.5362 -0.4788 -0.6952
vn -0.9223 -0.3070 0.2347
vn -0.9060 0.2341 0.3527
vn -0.6115 -0.6763 0.4107
vn -0.6106 0.4321 0.6637
vn -0.6939 0.7087 0.1272
vn -0.6925 -0.6967 -0.1875
vn -0.5415 -0.4246 -0.7256
vn -0.6133 -0.6786 0.4042
vn -0.6037 0.4408 0.6643
vn -0.2984 0.8101 0.5047
vn -0.3082 -0.9410 0.1399
vn -0.5833 0.4834 0.6528
vn -0.3119 0.8378 0.4482
vn -0.2414 -0.9566 0.1636
vn -0.5647 -0.6601 0.4954
vn -0.5363 0.6713 -0.5117
vn -0.8815 0.3176 -0.3494
vn -0.8650 -0.2171 -0.4524
vn -0.5335 -0.4817 -0.6953
vn -0.5404 0.7017 -0.4643
vn -0.2913 -0.2698 -0.9178
vn -0.5828 0.4697 0.6631
vn -0.2877 0.8241 0.4879
vn -0.2799 -0.9358 0.2142
vn -0.5788 -0.6455 0.4983
vn -0.3047 0.9415 -0.1442
vn -0.3082 -0.7996 -0.5154
vn -0.9130 0.4080 0.0003
vn -0.8448 0.5351 -0.0042
vn -0.8526 0.5224 -0.0078
vn -0.9148 0.4039 0.0001
vn -0.9993 0.0195 -0.0312
vn -0.9993 -0.0202 -0.0316
vn -0.6610 0.7502 -0.0163
vn -0.6847 0.7282 -0.0295
vn 0.2885 0.9555 -0.0613
vn 0.1037 0.9842 -0.1436
vn -0.5734 -0.6667 0.4761
vn -0.2381 -0.9591 0.1530
vn -0.2913 0.2699 -0.9178
vn -0.9993 0.0202 -0.0316
vn -0.2912 -0.2699 -0.9178
vn -0.8718 0.2748 -0.4055
vn -0.9225 0.3343 0.1930
vn -0.8799 0.3176 -0.3535
vn -0.5774 0.4613 0.6736
vn -0.3467 0.8236 0.4488
vn -0.3221 0.9296 -0.1794
vn -0.2860 -0.8160 -0.5023
vn -0.5377 0.6714 -0.5100
vn -0.5807 -0.6799 0.4478
vn -0.2951 -0.9436 0.1499
vn -0.5392 -0.4477 -0.7133
vn -0.5776 0.4472 0.6829
vn -0.3060 0.8248 0.4755
vn -0.5742 -0.6894 0.4416
vn -0.7166 -0.1476 0.6816
vn -0.2911 0.2696 -0.9179
vn -0.5791 0.4336 0.6904
vn -0.3034 0.8083 0.5045
vn -0.5771 0.4409 0.6874
vn -0.5761 -0.6913 0.4362
vn 0.9776 -0.1899 -0.0913
vn 0.9795 -0.1883 -0.0721
vn 0.6480 -0.7615 0.0126
vn 0.6770 -0.7356 0.0210
vn -0.5508 0.6926 -0.4658
vn -0.5505 -0.4280 -0.7168
vn -0.9203 -0.3731 0.1177
vn -0.9225 0.2806 0.2649
vn -0.5180 0.6817 -0.5167
vn -0.6699 0.0514 -0.7407
vn -0.6560 0.0672 -0.7517
vn -0.5473 0.6675 -0.5050
vn -0.5546 -0.4649 -0.6902
vn -0.5475 0.6639 -0.5094
vn -0.5542 -0.4684 -0.6880
vn -0.9138 -0.3355 0.2292
vn -0.9142 0.2038 0.3502
vn -0.5492 0.6644 -0.5069
vn -0.5427 -0.4804 -0.6890
vn -0.6458 0.1689 -0.7446
vn -0.6715 0.1640 -0.7226
vn -0.8692 -0.1742 -0.4628
vn -0.5325 -0.4236 -0.7328
vn -0.5808 0.4704 0.6643
vn -0.6185 0.5698 0.5411
vn -0.7402 -0.0372 0.6714
vn -0.5769 -0.6748 0.4603
vn -0.5800 0.4306 0.6915
vn -0.7192 0.6851 0.1156
vn -0.8951 0.3850 -0.2249
vn -0.7196 0.6880 0.0936
vn -0.9019 0.3598 -0.2390
vn -0.7189 0.6907 0.0782
vn -0.8971 0.3666 -0.2464
vn -0.5497 0.6600 -0.5121
vn -0.7163 -0.6663 -0.2073
vn -0.9238 -0.3673 0.1081
vn -0.9006 0.3602 -0.2432
vn -0.8878 -0.2818 -0.3639
vn -0.7176 -0.6744 -0.1738
vn -0.8870 -0.2807 -0.3667
vn -0.7194 -0.6682 -0.1896
vn -0.6034 0.5058 0.6165
vn -0.8738 0.3563 -0.3311
vn -0.5386 0.7043 -0.4625
vn -0.5311 -0.4424 -0.7226
vn -0.5408 0.6931 -0.4766
vn -0.5340 0.5890 -0.6066
vn -0.9168 0.3090 0.2530
vn -0.7177 -0.6764 -0.1655
vn -0.9071 0.2429 0.3437
vn -0.5783 -0.6765 0.4559
vn -0.5744 -0.6574 0.4877
vn -0.5804 0.4760 0.6607
vn -0.7206 0.6881 0.0851
vn -0.7063 -0.6876 -0.1682
vn -0.5784 -0.6887 0.4372
vn -0.7065 -0.6873 -0.1686
vn -0.8942 -0.2517 -0.3701
vn -0.8767 -0.1753 -0.4480
vn -0.7391 -0.1540 0.6558
vn -0.0003 0.9605 0.2782
vn -0.0001 0.6691 0.7432
vn -0.0001 0.9605 0.2782
vn -0.2804 -0.9391 0.1986
vn -0.5781 -0.6445 0.5004
vn -0.5797 0.4714 0.6647
vn -0.3093 0.8373 0.4509
vn -0.2975 -0.9496 0.0989
vn -0.3153 -0.9445 0.0919
vn -0.3264 0.4125 0.8505
vn -0.0003 0.9593 0.2825
vn -0.6459 0.5116 0.5667
vn -0.1354 0.9211 0.3651
vn -0.4185 -0.2496 0.8732
vn -0.8509 -0.1423 0.5056
vn -0.0009 0.9666 0.2563
vn -0.6897 -0.1532 0.7076
vn -0.0114 0.6634 0.7482
vn -0.9807 -0.0529 0.1883
vn -0.7090 0.1899 -0.6792
vn 0.0006 -0.9610 -0.2765
vn 0.0079 -0.9609 -0.2768
vn 0.0245 -0.9604 -0.2775
vn 0.0097 -0.9607 -0.2774
vn -0.6604 -0.0000 -0.7509
vn 0.2238 0.9746 -0.0000
vn 0.1452 0.6322 0.7611
vn 0.2524 0.8754 0.4123
vn 0.4110 -0.7186 0.5609
vn 0.5370 -0.6571 0.5289
vn 0.5515 -0.6487 0.5243
vn 0.7357 -0.4337 0.5203
vn 0.7264 -0.4543 0.5157
vn 0.7619 0.3769 0.5267
vn 0.8577 -0.5142 0.0034
vn 0.8806 -0.4738 0.0037
vn 0.9926 -0.1211 -0.0035
vn 0.6260 -0.7798 0.0023
vn 0.9891 -0.1471 -0.0015
vn 0.8475 -0.5308 0.0020
vn 0.9867 -0.1623 0.0003
vn -0.0001 -0.0107 -0.9999
vn -0.6895 0.5049 -0.5193
vn -0.7678 0.5942 -0.2394
vn -0.4631 0.8617 -0.2074
vn 0.9889 0.1444 -0.0345
vn 0.0014 0.9997 -0.0256
vn 0.7107 0.6965 0.0986
vn 0.6063 0.7892 0.0977
vn 0.5254 0.5862 0.6168
vn 0.1398 0.9806 -0.1371
vn 0.7217 0.6898 0.0575
vn -0.1323 0.9912 -0.0029
vn -0.9979 -0.0014 -0.0644
vn -0.6551 0.7555 -0.0005
vn -0.8433 0.5374 0.0001
vn -0.9111 0.4122 0.0006
vn 0.8816 0.2054 -0.4249
vn -0.9919 -0.0023 -0.1267
vn 0.9752 0.0957 0.1995
vn 0.9024 0.0003 0.4310
vn -0.0000 -0.8865 0.4627
vn -0.0000 -0.7669 -0.6417
vn 0.3835 -0.6642 -0.6417
vn 0.0789 -0.9739 0.2130
vn 0.6642 0.3835 -0.6417
vn 0.3835 0.6642 -0.6417
vn 0.6642 -0.3835 -0.6417
vn -0.0000 0.9033 0.4290
vn 0.0988 0.9761 0.1937
vn -0.0000 0.7670 -0.6417
vn 0.9754 -0.0964 0.1981
vn 0.0177 -0.0306 -0.9994
vn 0.0306 -0.0177 -0.9994
vn -0.8326 0.5536 -0.0163
vn -0.8623 0.5055 -0.0296
vn -0.5053 0.8625 -0.0265
vn -0.5537 0.8326 -0.0150
vn -0.2203 0.9754 0.0060
vn -1.0000 -0.0006 -0.0024
vn -1.0000 -0.0012 -0.0024
vn 0.0306 0.0177 -0.9994
vn 0.0177 0.0306 -0.9994
vn 0.0353 -0.0000 -0.9994
vn -0.0000 -0.0353 -0.9994
vn -0.0000 0.0353 -0.9994
vn 0.7888 0.4554 0.4129
vn 0.4554 0.7888 0.4129
vn 0.4879 0.8450 0.2188
vn 0.8451 0.4879 0.2188
vn 0.4554 -0.7888 0.4129
vn 0.7888 -0.4554 0.4129
vn 0.8450 -0.4879 0.2188
vn 0.4879 -0.8450 0.2188
vn -0.0000 0.9108 0.4129
vn -0.0000 0.9758 0.2188
vn 0.9108 -0.0000 0.4129
vn 0.9758 -0.0000 0.2188
vn 0.2371 -0.8848 0.4011
vn 0.2529 -0.9440 0.2116
vn 0.6377 -0.0000 -0.7703
vn 0.5523 -0.3189 -0.7703
vn 0.3189 -0.5523 -0.7703
vn -0.0000 0.6377 -0.7703
vn 0.3189 0.5523 -0.7703
vn 0.1684 -0.6286 -0.7593
vn 0.5523 0.3189 -0.7703
vn 0.7572 -0.0000 -0.6532
vn 0.6557 -0.3786 -0.6532
vn 0.3786 -0.6557 -0.6532
vn -0.0000 0.7572 -0.6532
vn 0.3786 0.6557 -0.6532
vn 0.1988 -0.7420 -0.6402
vn 0.6557 0.3786 -0.6532
vn 0.7572 -0.0000 0.6532
vn 0.6557 -0.3786 0.6532
vn 0.3786 -0.6557 0.6532
vn -0.0000 0.7572 0.6532
vn 0.3786 0.6557 0.6532
vn 0.1988 -0.7421 0.6402
vn 0.6557 0.3786 0.6532
vn 0.6377 -0.0000 0.7703
vn 0.5523 -0.3189 0.7703
vn 0.3189 -0.5523 0.7703
vn -0.0000 0.6377 0.7703
vn 0.3189 0.5523 0.7703
vn 0.1684 -0.6286 0.7593
vn 0.5523 0.3189 0.7703
vn 0.8623 0.4978 -0.0930
vn 0.9957 -0.0000 -0.0930
vn 0.8623 -0.4978 -0.0930
vn 0.4978 -0.8623 -0.0930
vn -0.0000 0.9957 -0.0930
vn 0.4978 0.8623 -0.0930
vn 0.2578 -0.9620 -0.0898
vn -0.0000 0.9959 -0.0902
vn 0.4980 0.8625 -0.0902
vn 0.8625 0.4980 -0.0902
vn 0.9959 -0.0000 -0.0902
vn 0.8625 -0.4980 -0.0902
vn 0.4980 -0.8625 -0.0902
vn 0.2578 -0.9622 -0.0872
vn 0.2588 -0.9659 -0.0000
vn 0.6081 -0.1740 -0.7746
vn 0.6081 -0.1740 0.7746
vn 0.7038 -0.2549 -0.6631
vn 0.7038 -0.2549 0.6631
vn 0.7453 0.0458 -0.6651
vn 0.7453 0.0458 0.6652
vn 0.6748 0.3045 -0.6723
vn 0.6748 0.3045 0.6723
vn 0.6009 0.1817 -0.7784
vn 0.6009 0.1817 0.7784
vn 0.4499 -0.0000 -0.8931
vn 0.4499 -0.0000 0.8931
vn 0.4074 0.8831 0.2328
vn 0.3274 0.7097 -0.6239
vn 0.7159 0.2789 0.6401
vn 0.7329 -0.2375 0.6375
vn 0.8364 0.5221 -0.1668
vn 0.8364 0.5221 0.1668
vn 0.7159 0.2789 -0.6401
vn 0.4074 0.8831 -0.2328
vn 0.3274 0.7097 0.6239
vn 0.7219 -0.5643 0.4006
vn 0.7219 -0.5643 -0.4006
vn 0.7330 -0.2375 -0.6374
vn -0.0000 0.9033 -0.4290
vn 0.0987 0.9761 -0.1937
vn 0.9752 0.0957 -0.1995
vn 0.0789 -0.9739 -0.2130
vn 0.9754 -0.0964 -0.1981
vn 0.9024 0.0003 -0.4310
vn 0.2207 -0.8646 -0.4513
vn -0.0000 0.5822 0.8130
vn -0.5860 0.6582 0.4726
vn -0.5860 0.6582 -0.4726
vn -0.0000 0.5822 -0.8130
vn -0.6099 -0.5968 0.5214
vn -0.0000 -0.5104 0.8600
vn -0.6099 -0.5968 -0.5214
vn 0.1152 -0.5070 -0.8542
vn 0.6396 0.6037 0.4759
vn 0.6396 0.6037 -0.4759
vn 0.6342 -0.6087 0.4767
vn 0.5782 -0.0000 0.8159
vn 0.6342 -0.6087 -0.4768
vn 0.5781 -0.0000 -0.8159
vn -0.5617 -0.8272 -0.0138
vn -0.8332 -0.5526 -0.0197
vn -0.8315 -0.5556 -0.0000
vn -0.5712 -0.8208 -0.0000
vn -0.5550 0.8319 -0.0000
vn -0.8320 0.5548 -0.0000
vn -0.8616 -0.5065 -0.0343
vn -0.5165 -0.8559 -0.0270
vn -0.2456 -0.9693 0.0126
vn -0.3540 0.6781 -0.6441
vn -0.6717 0.3582 -0.6485
vn -0.1683 0.9857 -0.0000
vn -0.0000 0.7414 -0.6711
vn -0.6709 -0.3591 -0.6488
vn -0.3723 -0.6630 -0.6495
vn -1.0000 -0.0018 -0.0000
vn -0.7475 -0.0013 -0.6642
vn -0.2276 -0.9738 -0.0000
vn -0.0000 -0.7519 -0.6593
vn -0.9024 0.0003 0.4310
vn -0.9752 0.0957 0.1995
vn -0.0789 -0.9739 0.2130
vn -0.3835 -0.6642 -0.6417
vn -0.3835 0.6642 -0.6417
vn -0.6642 0.3835 -0.6417
vn -0.6642 -0.3835 -0.6417
vn -0.0988 0.9761 0.1937
vn -0.9754 -0.0964 0.1981
vn -0.0306 -0.0177 -0.9994
vn -0.0177 -0.0306 -0.9994
vn 0.8326 0.5536 -0.0163
vn 0.5537 0.8326 -0.0150
vn 0.5053 0.8625 -0.0265
vn 0.8623 0.5055 -0.0296
vn 0.2203 0.9754 0.0060
vn 1.0000 -0.0012 -0.0024
vn 1.0000 -0.0006 -0.0024
vn -0.0177 0.0306 -0.9994
vn -0.0306 0.0177 -0.9994
vn -0.0353 -0.0000 -0.9994
vn -0.7888 0.4554 0.4129
vn -0.8451 0.4879 0.2188
vn -0.4879 0.8450 0.2188
vn -0.4554 0.7888 0.4129
vn -0.4554 -0.7888 0.4129
vn -0.4879 -0.8450 0.2188
vn -0.8450 -0.4879 0.2188
vn -0.7888 -0.4554 0.4129
vn -0.9758 -0.0000 0.2188
vn -0.9108 -0.0000 0.4129
vn -0.2371 -0.8848 0.4011
vn -0.2529 -0.9440 0.2116
vn -0.5523 -0.3189 -0.7703
vn -0.6377 -0.0000 -0.7703
vn -0.3189 -0.5523 -0.7703
vn -0.3189 0.5523 -0.7703
vn -0.1684 -0.6286 -0.7593
vn -0.5523 0.3189 -0.7703
vn -0.6557 -0.3786 -0.6532
vn -0.7572 -0.0000 -0.6532
vn -0.3786 -0.6557 -0.6532
vn -0.3786 0.6557 -0.6532
vn -0.1988 -0.7420 -0.6402
vn -0.6557 0.3786 -0.6532
vn -0.6557 -0.3786 0.6532
vn -0.7572 -0.0000 0.6532
vn -0.3786 -0.6557 0.6532
vn -0.3786 0.6557 0.6532
vn -0.1988 -0.7421 0.6402
vn -0.6557 0.3786 0.6532
vn -0.5523 -0.3189 0.7703
vn -0.6377 -0.0000 0.7703
vn -0.3189 -0.5523 0.7703
vn -0.3189 0.5523 0.7703
vn -0.1684 -0.6286 0.7593
vn -0.5523 0.3189 0.7703
vn -0.9957 -0.0000 -0.0930
vn -0.8623 0.4978 -0.0930
vn -0.8623 -0.4978 -0.0930
vn -0.4978 -0.8623 -0.0930
vn -0.4978 0.8623 -0.0930
vn -0.2578 -0.9620 -0.0898
vn -0.4980 0.8625 -0.0902
vn -0.9959 -0.0000 -0.0902
vn -0.8625 0.4980 -0.0902
vn -0.8625 -0.4980 -0.0902
vn -0.4980 -0.8625 -0.0902
vn -0.2578 -0.9622 -0.0872
vn -0.2588 -0.9659 -0.0000
vn -0.6081 -0.1740 0.7746
vn -0.6081 -0.1740 -0.7746
vn -0.7038 -0.2549 0.6631
vn -0.7038 -0.2549 -0.6631
vn -0.7453 0.0458 0.6652
vn -0.7453 0.0458 -0.6651
vn -0.6748 0.3045 0.6723
vn -0.6748 0.3045 -0.6723
vn -0.6009 0.1817 0.7784
vn -0.6009 0.1817 -0.7784
vn -0.4499 -0.0000 0.8931
vn -0.4499 -0.0000 -0.8931
vn -0.4074 0.8831 0.2328
vn -0.3274 0.7097 -0.6239
vn -0.7159 0.2789 0.6401
vn -0.8364 0.5221 -0.1668
vn -0.7329 -0.2375 0.6375
vn -0.8364 0.5221 0.1668
vn -0.3274 0.7097 0.6239
vn -0.4074 0.8831 -0.2328
vn -0.7159 0.2789 -0.6401
vn -0.7219 -0.5643 0.4006
vn -0.7330 -0.2375 -0.6374
vn -0.7219 -0.5643 -0.4006
vn -0.0987 0.9761 -0.1937
vn -0.9752 0.0957 -0.1995
vn -0.0789 -0.9739 -0.2130
vn -0.9754 -0.0964 -0.1981
vn -0.9024 0.0003 -0.4310
vn -0.2207 -0.8646 -0.4513
vn 0.5860 0.6582 0.4726
vn 0.5860 0.6582 -0.4726
vn 0.6099 -0.5968 0.5214
vn 0.6099 -0.5968 -0.5214
vn -0.1152 -0.5070 -0.8542
vn -0.6396 0.6037 -0.4759
vn -0.6396 0.6037 0.4759
vn -0.5782 -0.0000 0.8159
vn -0.6342 -0.6087 0.4767
vn -0.6342 -0.6087 -0.4768
vn -0.5782 -0.0000 -0.8159
vn 0.5617 -0.8272 -0.0138
vn 0.5712 -0.8208 -0.0000
vn 0.8315 -0.5556 -0.0000
vn 0.8332 -0.5526 -0.0197
vn 0.8320 0.5548 -0.0000
vn 0.5550 0.8319 -0.0000
vn 0.8616 -0.5065 -0.0343
vn 0.5165 -0.8559 -0.0270
vn 0.2456 -0.9693 0.0126
vn 0.6717 0.3582 -0.6485
vn 0.3541 0.6781 -0.6441
vn 0.1683 0.9857 -0.0000
vn 0.3723 -0.6630 -0.6495
vn 0.6709 -0.3591 -0.6488
vn 1.0000 -0.0018 -0.0000
vn 0.7475 -0.0013 -0.6642
vn 0.2276 -0.9738 -0.0000
vn -0.4054 0.9006 -0.1566
vn -0.9139 0.3891 -0.1162
vn -0.9095 0.3928 0.1361
vn -0.4035 0.8965 0.1830
vn 0.9127 0.4087 0.0020
vn 0.9126 0.4089 0.0016
vn 0.9119 0.4104 -0.0000
vn -0.6590 -0.1914 0.7274
vn -0.6459 -0.2904 0.7061
vn -0.6448 -0.2902 -0.7071
vn -0.6625 -0.1673 -0.7301
vn -0.0660 0.1466 -0.9870
vn -0.3488 0.7750 -0.5270
vn -0.8587 0.3194 -0.4007
vn -0.2143 0.4762 -0.8528
vn -0.7577 0.0943 -0.6457
vn -0.8623 0.2999 0.4081
vn -0.3440 0.7644 0.5453
vn -0.7510 0.0772 0.6557
vn -0.2052 0.4559 0.8660
vn -0.0550 0.1186 0.9914
vn -0.0043 0.0026 1.0000
vn -0.0055 0.0033 1.0000
vn -0.7634 0.2896 0.5774
vn -0.7634 0.2896 -0.5774
vn -0.2896 -0.7634 -0.5774
vn -0.2896 -0.7634 0.5774
vn 0.2902 -0.6448 -0.7071
vn 0.2902 -0.6448 0.7071
vn -0.2902 0.6448 -0.7071
vn -0.2902 0.6448 0.7071
vn -0.9119 -0.4104 -0.0000
vn 0.2896 0.7634 0.5774
vn 0.7634 -0.2896 0.5773
vn 0.7634 -0.2896 -0.5773
vn 0.2896 0.7634 -0.5774
vn 0.2901 -0.6448 0.7071
vn 0.2901 -0.6448 -0.7071
vn 0.4099 -0.9122 -0.0000
vn 0.9991 -0.0424 -0.0000
vn 0.9160 0.4011 0.0103
vn 0.9171 0.3985 0.0151
vn -0.5455 0.1696 0.8208
vn -0.0054 0.0054 1.0000
vn -0.6311 -0.7757 -0.0000
vn 0.4104 -0.9119 -0.0000
vn -0.2040 -0.9790 -0.0000
vn -0.9941 -0.1085 -0.0000
vn -0.8680 0.4965 -0.0000
vn 0.4966 0.8680 -0.0000
vn 0.7405 0.6721 -0.0000
vn 0.8680 -0.4965 -0.0000
vn -0.7405 -0.6721 -0.0000
vn -0.4104 0.9119 -0.0000
vn -0.1086 0.9941 -0.0000
vn 0.9941 0.1086 -0.0000
vn -0.0001 -0.0000 1.0000
vn -0.1524 -0.7524 0.6408
vn 0.3414 -0.6875 0.6409
vn -0.0019 0.0029 1.0000
vn -0.7682 -0.0317 0.6395
vn 0.5307 0.5561 0.6396
vn 0.3588 0.7938 0.4910
vn 0.6789 -0.3498 0.6455
vn -0.5813 -0.5011 0.6411
vn -0.0029 -0.0009 1.0000
vn 0.7578 0.1143 0.6424
vn -0.5397 0.1651 -0.8255
vn -0.7683 -0.0330 -0.6392
vn 0.5308 0.5561 -0.6396
vn 0.2321 0.5136 -0.8261
vn 0.3414 -0.6875 -0.6409
vn 0.6789 -0.3498 -0.6455
vn -0.5813 -0.5011 -0.6411
vn 0.7578 0.1143 -0.6424
vn -0.1524 -0.7524 -0.6408
vn 0.4599 0.4174 -0.7837
vn 0.1267 0.6081 -0.7837
vn 0.2549 -0.5664 -0.7837
vn 0.5392 -0.3084 -0.7837
vn -0.6175 -0.0674 -0.7837
vn -0.4599 -0.4174 -0.7837
vn -0.0695 0.6364 -0.7682
vn 0.6175 0.0674 -0.7837
vn -0.1268 -0.6081 -0.7837
vn -0.4302 0.4741 -0.7682
vn -0.5391 0.3084 -0.7837
vn 0.2549 -0.5664 0.7837
vn 0.5392 -0.3084 0.7837
vn -0.6175 -0.0674 0.7837
vn -0.4599 -0.4174 0.7837
vn 0.1267 0.6081 0.7837
vn -0.0695 0.6364 0.7682
vn 0.6175 0.0674 0.7837
vn -0.1268 -0.6081 0.7837
vn -0.4302 0.4741 0.7682
vn -0.5391 0.3084 0.7837
vn 0.4599 0.4174 0.7837
vn -0.7608 -0.0830 0.6437
vn -0.5667 -0.5143 0.6437
vn 0.1561 0.7492 0.6437
vn -0.0847 0.7763 0.6247
vn 0.6643 -0.3800 0.6437
vn 0.7608 0.0830 0.6437
vn -0.1561 -0.7492 0.6437
vn -0.5248 0.5782 0.6247
vn -0.6643 0.3800 0.6437
vn 0.5667 0.5143 0.6437
vn 0.3140 -0.6979 0.6437
vn 0.6643 -0.3800 -0.6437
vn 0.7607 0.0830 -0.6437
vn -0.5667 -0.5143 -0.6437
vn -0.1561 -0.7492 -0.6437
vn -0.5248 0.5782 -0.6247
vn -0.6643 0.3800 -0.6437
vn 0.5667 0.5143 -0.6437
vn 0.3140 -0.6979 -0.6437
vn -0.7608 -0.0830 -0.6437
vn 0.1561 0.7492 -0.6437
vn -0.0847 0.7763 -0.6247
vn -0.4599 -0.4175 -0.7837
vn -0.1267 -0.6080 -0.7837
vn -0.4303 0.4740 -0.7682
vn -0.5392 0.3084 -0.7837
vn -0.6174 -0.0674 -0.7837
vn 0.5391 -0.3084 -0.7837
vn -0.0694 0.6364 -0.7682
vn -0.4303 0.4740 0.7682
vn -0.5392 0.3084 0.7837
vn -0.1267 -0.6080 0.7837
vn -0.6174 -0.0674 0.7837
vn 0.5391 -0.3084 0.7837
vn -0.4599 -0.4175 0.7837
vn -0.0700 0.6365 0.7681
vn 0.5308 0.5561 0.6396
vn -0.5397 0.1651 0.8255
vn -0.7683 -0.0330 0.6392
vn 0.2321 0.5136 0.8261
vn -0.8049 0.2462 -0.5400
vn 0.2327 0.5148 -0.8251
vn -0.1084 0.9941 -0.0000
vn -0.0694 0.6364 0.7682
vn -0.2549 0.5664 0.7837
vn 0.9941 0.1085 -0.0000
vn 0.4964 0.8681 -0.0000
vn 0.3178 0.5558 0.7682
vn -0.0846 0.7763 0.6247
vn -0.3140 0.6979 0.6437
vn 0.7607 0.0830 0.6437
vn 0.3877 0.6778 0.6247
vn -0.0870 0.7974 -0.5971
vn -0.3140 0.6979 -0.6437
vn 0.3773 0.6596 -0.6501
vn 0.4633 0.4035 -0.7890
vn 0.3267 0.5712 -0.7530
vn 0.6308 0.0696 -0.7728
vn 0.5505 -0.2857 -0.7844
vn 0.2906 -0.5564 -0.7785
vn -0.0863 -0.6105 -0.7873
vn -0.4412 -0.4294 -0.7880
vn -0.6140 -0.0731 -0.7860
vn -0.5161 0.3217 -0.7938
vn -0.2214 0.5856 -0.7798
vn -0.0395 0.6308 -0.7750
vn -0.7166 -0.6975 -0.0000
vn -0.1399 -0.9902 -0.0000
vn -0.3536 0.9354 -0.0000
vn -0.8486 0.5290 -0.0000
vn 0.9940 0.1097 -0.0000
vn 0.7541 0.6568 -0.0000
vn 0.4630 -0.8864 -0.0000
vn -0.9930 -0.1182 -0.0000
vn 0.4965 0.8680 -0.0000
vn 0.8876 -0.4607 -0.0000
vn -0.0625 0.9980 -0.0000
vn -0.0564 0.9984 -0.0014
vn 0.1831 0.7317 0.6565
vn 0.3108 0.7235 0.6163
vn 0.1127 0.9920 -0.0565
vn 0.8099 -0.4897 -0.3228
vn 0.8430 -0.3793 0.3816
vn 0.5653 -0.6711 0.4797
vn 0.4507 -0.8732 -0.1857
vn -0.4194 -0.9009 0.1115
vn -0.1248 -0.6955 0.7076
vn -0.4240 -0.3836 0.8204
vn -0.8293 -0.5027 0.2440
vn 0.5646 0.6712 0.4803
vn 0.4496 0.8738 -0.1854
vn -0.8271 0.5065 0.2435
vn -0.4238 0.3866 0.8191
vn -0.1208 0.6960 0.7079
vn -0.4162 0.9026 0.1104
vn 0.9303 -0.0000 -0.3667
vn 0.9357 -0.0002 0.3527
vn -0.0564 -0.9984 -0.0010
vn 0.1830 -0.7318 0.6564
vn -0.9279 0.2490 0.2775
vn -0.5064 0.1938 0.8402
vn 0.8099 0.4897 -0.3228
vn 0.8430 0.3790 0.3816
vn 0.3116 -0.7235 0.6160
vn 0.1140 -0.9919 -0.0566
vn -0.5079 -0.1945 0.8392
vn -0.9279 -0.2490 0.2775
vn 0.3279 -0.0003 0.9447
vn 0.3278 -0.0003 0.9447
vn -0.0053 -1.0000 0.0020
vn 0.4626 -0.8684 -0.1786
vn 0.0387 -0.5470 -0.8362
vn -0.2575 -0.6376 -0.7261
vn 0.8067 0.5022 -0.3115
vn 0.4627 0.8683 -0.1787
vn 0.0387 0.5473 -0.8361
vn 0.2519 0.3139 -0.9154
vn 0.9328 -0.0000 -0.3603
vn 0.3293 0.0002 -0.9442
vn -0.4706 0.8634 0.1816
vn -0.8094 0.4973 0.3123
vn -0.7833 0.3241 -0.5305
vn -0.5590 0.5574 -0.6138
vn -0.4706 -0.8635 0.1816
vn -0.5592 -0.5571 -0.6139
vn -0.8094 -0.4974 0.3123
vn -0.7834 -0.3236 -0.5306
vn 0.8066 -0.5023 -0.3115
vn 0.2520 -0.3135 -0.9155
vn -0.0053 1.0000 0.0020
vn -0.2574 0.6378 -0.7259
vn -0.9012 -0.2587 0.3477
vn -0.8534 -0.1705 -0.4925
vn -0.9012 0.2587 0.3477
vn -0.8534 0.1709 -0.4923
vn 0.1190 -0.6341 -0.7641
vn -0.2275 -0.7291 -0.6455
vn -0.2275 0.7293 -0.6453
vn 0.1190 0.6343 -0.7639
vn 0.3744 0.3673 -0.8514
vn -0.8950 0.1894 -0.4039
vn -0.8206 0.3620 -0.4423
vn -0.8206 -0.3617 -0.4425
vn -0.8951 -0.1891 -0.4038
vn -0.5711 -0.6286 -0.5279
vn 0.4682 0.0001 -0.8836
vn 0.3744 -0.3671 -0.8515
vn -0.5710 0.6289 -0.5277
vn -0.8227 0.4958 0.2780
vn -0.4862 0.8615 0.1461
vn 0.7881 -0.5030 -0.3549
vn 0.4439 -0.8688 -0.2194
vn -0.0231 -0.9991 -0.0357
vn -0.4862 -0.8615 0.1461
vn -0.8227 -0.4958 0.2780
vn -0.0231 0.9991 -0.0357
vn 0.4439 0.8688 -0.2194
vn 0.7880 0.5030 -0.3549
vn 0.9145 -0.0000 -0.4047
vn -0.9132 0.2588 0.3149
vn -0.9132 -0.2588 0.3149
vn 0.8502 0.3856 0.3584
vn 0.9479 -0.0001 0.3187
vn -0.3642 0.3705 0.8544
vn -0.1162 0.6480 0.7527
vn 0.8501 -0.3859 0.3583
vn 0.5856 -0.6634 0.4658
vn 0.2306 -0.7576 0.6106
vn -0.1162 -0.6482 0.7525
vn -0.3642 -0.3708 0.8543
vn 0.2306 0.7574 0.6108
vn 0.5857 0.6632 0.4660
vn -0.4454 0.1912 0.8747
vn -0.4452 -0.1915 0.8747
vn -0.7703 -0.3189 -0.5523
vn -0.7703 -0.5523 -0.3188
vn -0.7703 -0.0000 0.6377
vn -0.7703 0.3188 0.5523
vn -0.7703 -0.5523 0.3189
vn -0.7703 -0.3189 0.5523
vn -0.7593 0.6286 -0.1684
vn -0.7703 0.5523 -0.3189
vn -0.7703 -0.0000 -0.6377
vn -0.7703 -0.6377 -0.0000
vn -0.7703 0.5523 0.3189
vn -0.7593 0.6286 0.1684
vn -0.7703 0.3189 -0.5523
vn -0.5941 -0.4022 -0.6966
vn -0.5941 -0.6966 -0.4022
vn -0.6399 -0.0000 0.7684
vn -0.5787 0.3393 0.7416
vn -0.5934 -0.6957 0.4049
vn -0.5787 -0.3393 0.7416
vn -0.5808 0.7863 -0.2107
vn -0.5941 0.6966 -0.4022
vn -0.5941 -0.0000 -0.8044
vn -0.5941 -0.8044 -0.0000
vn -0.5934 0.6957 0.4049
vn -0.5808 0.7863 0.2107
vn -0.5941 0.4022 -0.6966
vn 0.5327 -0.8463 -0.0000
vn 0.5319 -0.7320 0.4258
vn 0.5318 0.7320 0.4258
vn 0.5195 0.8254 0.2212
vn 0.5327 0.4232 -0.7329
vn 0.5327 -0.0000 -0.8463
vn 0.5327 -0.7329 -0.4232
vn 0.5052 0.3644 0.7823
vn 0.5052 -0.3644 0.7823
vn 0.4967 -0.0000 0.8680
vn 0.5327 0.7329 -0.4232
vn 0.5327 -0.4231 -0.7329
vn 0.5195 0.8254 -0.2212
vn 0.9219 -0.0000 -0.3873
vn 0.9219 -0.1937 -0.3354
vn 0.9219 -0.3873 -0.0000
vn 0.9216 -0.3356 0.1948
vn 0.9216 0.3357 0.1948
vn 0.9170 0.3853 0.1032
vn 0.9219 0.1937 -0.3354
vn 0.9219 -0.3354 -0.1937
vn 0.9106 0.1834 0.3703
vn 0.9106 -0.1834 0.3703
vn 0.8931 -0.0000 0.4498
vn 0.9219 0.3354 -0.1937
vn 0.9170 0.3853 -0.1032
vn 0.9761 -0.0000 -0.2172
vn 0.9761 -0.1086 -0.1881
vn 0.9761 -0.2172 -0.0000
vn 0.9761 -0.1881 0.1086
vn 0.9761 0.1881 0.1086
vn 0.9745 0.2168 0.0581
vn 0.9761 0.1086 -0.1881
vn 0.9761 -0.1881 -0.1086
vn 0.9761 0.1086 0.1881
vn 0.9761 -0.1086 0.1881
vn 0.9761 -0.0000 0.2172
vn 0.9761 0.1881 -0.1086
vn 0.9745 0.2168 -0.0581
vn 0.7832 0.3655 0.5030
vn 0.7832 -0.0000 0.6218
vn 0.9620 -0.0000 0.2730
vn 0.9620 0.1605 0.2209
vn 0.7832 -0.5913 0.1921
vn 0.7832 -0.5913 -0.1921
vn 0.9620 -0.2597 -0.0844
vn 0.9620 -0.2597 0.0844
vn 0.7832 -0.0000 -0.6218
vn 0.7832 0.3655 -0.5030
vn 0.9620 0.1605 -0.2209
vn 0.9620 -0.0000 -0.2730
vn 0.7832 0.5913 0.1921
vn 0.9620 0.2597 0.0844
vn 0.7832 -0.3655 0.5030
vn 0.9620 -0.1605 0.2209
vn 0.7832 -0.3655 -0.5030
vn 0.9620 -0.1605 -0.2209
vn 0.7832 0.5913 -0.1921
vn 0.9620 0.2597 -0.0844
vn 0.3432 0.5521 -0.7599
vn 0.3432 0.8933 -0.2903
vn 0.3432 -0.8933 -0.2903
vn 0.3432 -0.5521 -0.7599
vn 0.3432 -0.0000 0.9393
vn 0.3432 -0.5521 0.7599
vn 0.3432 0.8933 0.2902
vn 0.3432 -0.0000 -0.9393
vn 0.3432 -0.8933 0.2902
vn 0.3432 0.5521 0.7599
vn -0.0000 -0.5878 0.8090
vn -0.0000 -0.9511 0.3090
vn -0.0000 -0.5878 -0.8090
vn -0.0000 0.5878 -0.8090
vn -0.0000 0.9511 -0.3090
vn -0.0000 -0.9511 -0.3090
vn -0.0000 0.9511 0.3090
vn -0.0000 0.5878 0.8090
vn -0.0000 -0.8090 0.5878
vn 0.6437 -0.7653 -0.0000
vn 0.6437 -0.6191 0.4498
vn -0.0000 -0.3090 -0.9511
vn -0.0000 0.3090 -0.9511
vn 0.6437 0.2365 -0.7278
vn 0.6437 -0.2365 -0.7278
vn -0.0000 0.8090 0.5878
vn 0.6437 0.6191 0.4498
vn 0.6437 0.7653 -0.0000
vn -0.0000 -0.3090 0.9511
vn 0.6437 -0.2365 0.7278
vn -0.0000 -0.8090 -0.5878
vn 0.6437 -0.6191 -0.4498
vn 0.6437 0.6191 -0.4498
vn -0.0000 0.3090 0.9511
vn 0.6437 0.2365 0.7278
vn 0.6532 -0.3786 0.6557
vn 0.6789 -0.0958 0.7280
vn -0.0000 -0.1305 0.9914
vn 0.6532 -0.6557 0.3786
vn 0.6532 -0.7572 -0.0000
vn 0.6789 0.0958 -0.7280
vn 0.6789 -0.0958 -0.7280
vn -0.0000 -0.1305 -0.9914
vn -0.0000 0.1305 -0.9914
vn 0.6532 0.6557 0.3786
vn 0.6532 0.7572 -0.0000
vn 0.6532 -0.6557 -0.3786
vn 0.6789 0.0958 0.7280
vn -0.0000 0.1305 0.9914
vn 0.6532 0.3786 0.6557
vn 0.6532 -0.3786 -0.6557
vn 0.6532 0.3786 -0.6557
vn 0.6532 0.6557 -0.3786
vn -0.0000 0.4386 -0.8987
vn -0.0000 0.8481 -0.5298
vn 0.6001 0.6764 -0.4270
vn 0.5755 0.3571 -0.7357
vn 0.0958 0.6814 0.7256
vn 0.1309 -0.0000 0.9914
vn 0.5611 -0.0000 0.8277
vn 0.4320 0.6382 0.6373
vn 0.0063 -0.0000 1.0000
vn -0.1896 0.7474 -0.6368
vn -0.2117 0.6708 -0.7108
vn -0.0000 0.6814 -0.7320
vn -0.0000 0.7348 -0.6783
vn 0.0045 0.7057 0.7085
vn 0.9974 0.0009 -0.0726
vn 0.6911 0.7210 -0.0504
vn 0.6285 0.7505 -0.2045
vn 0.9509 -0.0000 -0.3094
vn 0.5936 -0.0000 -0.8048
vn 0.9344 -0.0000 -0.3562
vn 0.3546 -0.0000 -0.9350
vn 0.2558 0.6925 -0.6745
vn 0.4440 0.6637 -0.6020
vn 0.4603 -0.0000 -0.8878
vn 0.3834 0.0537 -0.9220
vn 0.2156 0.7105 -0.6699
vn 0.0088 0.7071 0.7071
vn 0.0125 -0.0000 0.9999
vn 0.9509 -0.0000 0.3095
vn 0.7218 0.6350 -0.2752
vn 0.7278 0.6436 0.2368
vn 0.0089 0.7071 0.7070
vn 0.1202 0.6723 -0.7304
vn 0.1082 0.7456 -0.6576
vn -0.1476 0.7622 -0.6303
vn -0.1714 0.6592 -0.7322
vn 0.7622 -0.0000 -0.6474
vn 0.4986 0.7563 -0.4235
vn 0.9973 -0.0018 -0.0728
vn 0.9974 -0.0009 -0.0726
vn -0.0000 -0.4505 -0.8928
vn -0.0000 -0.3077 -0.9515
vn -0.0000 -0.2315 -0.9728
vn -0.5755 0.3571 -0.7357
vn -0.6001 0.6764 -0.4270
vn -0.0958 0.6814 0.7256
vn -0.4320 0.6382 0.6373
vn -0.5611 -0.0000 0.8277
vn -0.1309 -0.0000 0.9914
vn -0.0063 -0.0000 1.0000
vn 0.1896 0.7474 -0.6368
vn 0.2117 0.6708 -0.7108
vn -0.0045 0.7057 0.7085
vn -0.9973 0.0018 -0.0728
vn -0.9509 -0.0000 -0.3094
vn -0.6285 0.7505 -0.2045
vn -0.6911 0.7210 -0.0504
vn -0.5936 -0.0000 -0.8048
vn -0.9344 -0.0000 -0.3562
vn -0.3546 -0.0000 -0.9350
vn -0.4440 0.6637 -0.6020
vn -0.2558 0.6925 -0.6745
vn -0.4603 -0.0000 -0.8878
vn -0.3834 0.0537 -0.9220
vn -0.2156 0.7105 -0.6699
vn -0.0088 0.7071 0.7071
vn -0.0125 -0.0000 0.9999
vn -0.9509 -0.0000 0.3095
vn -0.7278 0.6436 0.2368
vn -0.7218 0.6350 -0.2752
vn -0.0089 0.7071 0.7070
vn -0.1202 0.6723 -0.7304
vn 0.1714 0.6592 -0.7322
vn 0.1476 0.7622 -0.6303
vn -0.1082 0.7456 -0.6576
vn -0.7622 -0.0000 -0.6474
vn -0.4986 0.7563 -0.4235
vn -0.0044 0.7057 0.7085
vn -0.3043 0.7502 -0.5870
vn -0.4787 0.4787 0.7360
vn -0.9999 -0.0036 -0.0143
vn -0.9973 -0.0018 -0.0728
vn -0.6921 0.7200 -0.0505
vn -0.5725 0.8199 -0.0082
vn -0.4440 0.6636 -0.6020
vn 0.9999 -0.0015 -0.0138
vn 0.9999 -0.0000 -0.0135
vn 0.9999 -0.0036 -0.0143
vn -0.6437 -0.7653 -0.0000
vn -0.6437 -0.6191 -0.4498
vn -0.6437 0.2365 0.7278
vn -0.6437 -0.2365 0.7278
vn -0.6437 0.6191 -0.4498
vn -0.6437 0.7653 -0.0000
vn -0.0000 -0.7403 -0.6723
vn -0.7560 -0.4846 -0.4401
vn -0.6437 -0.6191 0.4498
vn -0.6437 0.6191 0.4498
vn -0.7560 0.4846 -0.4401
vn -0.6106 0.3931 -0.6875
vn -0.6106 -0.3931 -0.6875
vn -0.0000 0.7403 -0.6723
vn -0.0000 0.4963 -0.8681
vn -0.0000 -0.4963 -0.8681
vn -0.4198 0.7740 -0.4739
vn -0.3896 0.4518 -0.8025
vn -0.9255 0.2189 -0.3091
vn -0.8994 0.4032 -0.1688
vn -0.3716 -0.0000 0.9284
vn -0.3896 0.4518 0.8025
vn -0.9255 0.2189 0.3091
vn -0.9319 -0.0000 0.3628
vn -0.4138 0.9004 -0.1345
vn -0.8769 0.4795 -0.0338
vn -0.4198 0.7740 0.4739
vn -0.8994 0.4032 0.1688
vn -0.8769 0.4795 0.0338
vn -0.4138 0.9004 0.1345
vn -0.4138 -0.9004 0.1345
vn -0.8769 -0.4795 0.0338
vn -0.8769 -0.4795 -0.0337
vn -0.4138 -0.9004 -0.1344
vn -0.4198 -0.7741 -0.4739
vn -0.8994 -0.4032 -0.1688
vn -0.3896 -0.4518 -0.8026
vn -0.9255 -0.2189 -0.3091
vn -0.4198 -0.7740 0.4740
vn -0.8994 -0.4032 0.1688
vn -0.3716 -0.0000 -0.9284
vn -0.9319 -0.0000 -0.3628
vn -0.3895 -0.4518 0.8026
vn -0.9255 -0.2189 0.3091
vn 0.0396 -0.5301 0.8470
vn 0.1180 -0.0000 0.9930
vn 0.0395 0.5301 -0.8470
vn 0.1180 -0.0000 -0.9930
vn -0.1128 -0.8789 0.4634
vn 0.0396 -0.5301 -0.8470
vn -0.2017 -0.9725 0.1161
vn -0.1128 -0.8789 -0.4634
vn -0.2017 -0.9725 -0.1161
vn -0.1128 0.8789 0.4634
vn -0.2017 0.9725 0.1161
vn -0.2017 0.9725 -0.1161
vn 0.0396 0.5301 0.8470
vn -0.1129 0.8789 -0.4634
vn -0.6519 -0.3935 -0.6482
vn -0.6773 -0.1015 -0.7286
vn -0.0000 -0.1379 -0.9904
vn -0.0000 -0.5189 -0.8548
vn -0.8082 -0.2401 -0.5378
vn -0.0000 -0.3952 -0.9186
vn -0.7135 -0.0448 0.6992
vn -0.6656 -0.0081 0.7462
vn -0.0000 -0.0281 0.9996
vn -0.6773 0.1015 0.7286
vn -0.6773 -0.1015 0.7287
vn -0.0000 -0.1379 0.9904
vn -0.0000 0.1379 0.9904
vn -0.6546 0.6627 -0.3637
vn -0.6559 0.7549 -0.0000
vn -0.0000 0.8766 -0.4811
vn -0.0000 -0.3952 0.9186
vn -0.8085 -0.2407 0.5370
vn -0.6773 0.1015 -0.7287
vn -0.0000 0.1379 -0.9904
vn -0.6519 0.3935 -0.6482
vn -0.0000 0.5190 -0.8548
vn -0.6519 -0.3935 0.6482
vn -0.0000 -0.5189 0.8548
vn -0.6519 0.3935 0.6482
vn -0.0000 0.5190 0.8548
vn -0.6546 0.6627 0.3637
vn -0.0000 0.8766 0.4811
vn -0.9999 -0.0149 -0.0007
vn -0.7139 -0.0447 -0.6988
vn -0.0000 -0.0281 -0.9996
vn -0.6656 -0.0081 -0.7462
vn -0.9871 0.0680 -0.1448
vn -0.9871 0.0680 0.1448
vn -0.9789 -0.1324 -0.1559
vn -0.9789 -0.1324 0.1559
vn -0.5155 -0.7454 -0.4227
vn -0.5155 -0.7454 0.4227
vn -0.0000 -0.8658 -0.5004
vn -0.0000 -0.8658 0.5004
vn -0.5315 -0.2382 0.8129
vn -0.5315 -0.2382 -0.8129
vn -0.0000 -0.2840 0.9588
vn -0.0000 -0.2840 -0.9588
vn 0.7071 -0.0000 -0.7071
vn 0.8012 -0.0000 -0.5984
vn -0.8012 -0.0000 -0.5984
vn -0.7071 -0.0000 -0.7071
vn -0.0000 -0.8616 -0.5075
vn -0.0000 0.6053 0.7960
vn -0.0000 -0.9658 0.2593
vn 0.4552 0.8749 0.1656
vn 0.4552 0.8749 0.1655
vn 0.9779 0.2053 0.0387
vn 0.9522 0.3002 0.0566
vn -0.0000 -0.9573 0.2892
vn -0.0000 -0.8272 -0.5619
vn 0.4092 -0.7900 -0.4567
vn 0.3938 -0.8951 0.2090
vn -0.0000 0.8926 0.4508
vn -0.0000 0.5468 0.8373
vn -0.0000 0.4392 0.8984
vn -0.0001 -0.2749 0.9615
vn -0.0000 -0.3657 0.9307
vn 0.9716 -0.2327 -0.0434
vn 0.9614 -0.2705 -0.0504
vn -0.0000 -0.2102 -0.9777
vn -0.0002 -0.1531 -0.9882
vn -0.0000 0.9502 -0.3116
vn -0.0000 0.5170 -0.8560
vn -0.0000 0.6401 -0.7683
vn 0.7876 -0.5831 0.1992
vn 0.7898 -0.5788 -0.2032
vn 0.2832 -0.7735 0.5670
vn -0.0000 -0.9436 -0.3312
vn 0.5629 -0.8265 -0.0000
vn -0.0000 -0.9463 0.3233
vn 0.6411 -0.7263 0.2482
vn -0.0000 -0.4996 0.8663
vn 0.6396 -0.7253 -0.2546
vn 0.3349 -0.3366 0.8801
vn 0.3401 -0.4966 0.7986
vn 0.1836 -0.5212 0.8335
vn 0.1775 -0.3555 0.9176
vn 0.5749 -0.2849 0.7670
vn 0.5831 -0.4251 0.6923
vn 0.7702 -0.2192 0.5989
vn 0.9321 -0.1896 0.3087
vn 0.3463 -0.7768 0.5259
vn 0.1869 -0.8152 0.5482
vn 0.5942 -0.6611 0.4581
vn 0.9336 -0.2917 0.2083
vn 0.3382 -0.9252 0.1720
vn 0.1826 -0.9671 0.1769
vn 0.5976 -0.7865 0.1557
vn 0.9176 -0.3895 0.0798
vn 0.2400 -0.6981 0.6746
vn -0.0000 -0.7432 0.6691
vn 0.4320 -0.5976 0.6755
vn 0.6679 -0.3564 0.6534
vn 0.9987 -0.0498 0.0050
vn 0.7268 -0.0642 0.6838
vn -0.0000 0.9732 -0.2299
vn -0.0000 0.9717 -0.2362
vn -0.0000 0.8667 -0.4988
vn -0.0000 0.8682 -0.4962
vn -0.0000 0.7835 -0.6214
vn -0.0000 0.7776 -0.6287
vn -0.0000 0.5386 -0.8425
vn -0.0000 0.5034 -0.8641
vn -0.0000 0.1660 -0.9861
vn -0.0000 0.1413 -0.9900
vn 0.8059 0.5919 -0.0109
vn 0.5846 0.8113 -0.0034
vn 0.3937 0.5463 -0.7393
vn 0.5306 0.3876 -0.7538
vn 0.3797 0.9251 -0.0000
vn 0.2593 0.6319 -0.7304
vn 0.9921 0.1178 -0.0427
vn 0.9456 0.3235 -0.0333
vn 0.6321 0.2158 -0.7443
vn 0.6539 0.0888 -0.7513
vn 0.9965 -0.0270 -0.0788
vn 0.9876 -0.0918 -0.1276
vn 0.7009 0.5023 -0.5064
vn 0.6879 0.6076 -0.3970
vn 0.9989 -0.0469 -0.0003
vn 0.6900 -0.0209 -0.7235
vn 0.9724 -0.2033 -0.1146
vn 0.9811 -0.1935 -0.0048
vn 0.6610 0.0457 -0.7490
vn 0.6675 0.3165 -0.6740
vn 0.1829 0.9831 -0.0000
vn 0.1247 0.6704 -0.7314
vn -0.0000 0.6884 -0.7253
vn 0.7281 0.1119 -0.6763
vn 0.7248 -0.0298 -0.6883
vn 0.4480 0.5819 -0.6787
vn 0.5935 0.4376 -0.6754
vn 0.7650 -0.0136 -0.6439
vn 0.7867 0.2144 -0.5789
vn 0.7733 0.4471 -0.4495
vn 0.7634 0.5348 -0.3621
vn 0.6811 0.2660 -0.6821
vn 0.2894 0.6721 -0.6816
vn -0.0000 0.7251 -0.6886
vn 0.1352 0.7160 -0.6849
vn 0.6311 0.2981 -0.7161
vn 0.8708 0.1993 -0.4495
vn 0.9989 -0.0097 -0.0465
vn 0.7364 -0.1723 -0.6543
vn 0.6828 -0.0100 -0.7305
vn 0.7013 -0.1357 0.6998
vn 0.6875 -0.1426 0.7120
vn 0.6697 -0.3745 0.6413
vn 0.7246 -0.3317 -0.6041
vn 0.6992 -0.0981 0.7081
vn 0.9824 -0.1260 -0.1381
vn 0.9653 -0.2339 0.1165
vn 0.7012 -0.0984 0.7061
vn 0.6884 -0.0496 0.7236
vn 0.1352 0.7160 0.6849
vn 0.2894 0.6721 0.6816
vn 0.4480 0.5819 0.6787
vn 0.5935 0.4376 0.6754
vn 0.7018 -0.1406 0.6984
vn 0.6872 -0.1644 0.7076
vn 0.6847 -0.1319 0.7168
vn 0.7001 -0.1070 0.7060
vn 0.6811 0.2660 0.6821
vn 0.7240 -0.0512 0.6879
vn 0.7253 0.1001 0.6811
vn -0.0000 0.7251 0.6886
vn 0.4074 0.5358 0.7395
vn 0.5409 0.3946 0.7428
vn 0.6801 -0.1428 0.7191
vn 0.6853 -0.1784 0.7061
vn 0.7022 -0.1455 0.6970
vn 0.7021 -0.1038 0.7045
vn 0.6348 0.2307 0.7375
vn 0.6846 -0.0453 0.7275
vn 0.6787 0.0822 0.7298
vn 0.2651 0.6265 0.7329
vn -0.0000 0.6910 0.7229
vn 0.1211 0.6697 0.7327
vn 0.1299 0.7186 0.6832
vn 0.2846 0.6727 0.6830
vn 0.4452 0.5857 0.6773
vn 0.5963 0.4351 0.6746
vn 0.7032 -0.1476 0.6955
vn 0.6833 -0.1779 0.7081
vn 0.6820 -0.1413 0.7176
vn 0.6969 -0.1030 0.7098
vn 0.6899 0.2507 0.6791
vn 0.7244 -0.0479 0.6877
vn 0.7226 0.0875 0.6857
vn -0.0000 0.7219 0.6920
vn -0.0000 0.8944 -0.4472
vn -0.0000 0.5867 -0.8098
vn -0.0000 0.6834 -0.7301
vn -0.0000 0.6004 0.7997
vn -0.4311 -0.8778 0.2091
vn -0.4462 -0.7722 -0.4523
vn -0.0000 0.4503 0.8929
vn 0.0001 -0.2904 0.9569
vn -0.9787 -0.2020 -0.0377
vn -0.9716 -0.2326 -0.0434
vn 0.0002 -0.1625 -0.9867
vn -0.0000 0.5294 -0.8483
vn -0.9657 0.2552 0.0481
vn -0.9792 0.1989 0.0394
vn -0.7876 -0.5831 0.1992
vn -1.0000 -0.0009 0.0013
vn -0.7886 -0.5812 -0.2008
vn -0.7701 -0.6158 0.1666
vn -0.7676 -0.3797 0.5164
vn -0.7514 -0.1265 0.6476
vn -0.5629 -0.8265 -0.0000
vn -0.6411 -0.7263 0.2482
vn -0.6396 -0.7253 -0.2546
vn -0.3349 -0.3366 0.8801
vn -0.1775 -0.3555 0.9176
vn -0.1836 -0.5212 0.8335
vn -0.3401 -0.4966 0.7986
vn -0.5749 -0.2849 0.7670
vn -0.5831 -0.4251 0.6923
vn -0.7702 -0.2192 0.5989
vn -0.9321 -0.1896 0.3087
vn -0.1869 -0.8152 0.5482
vn -0.3463 -0.7768 0.5259
vn -0.5942 -0.6611 0.4581
vn -0.9336 -0.2917 0.2083
vn -0.1826 -0.9671 0.1769
vn -0.3382 -0.9252 0.1720
vn -0.5976 -0.7865 0.1557
vn -0.9176 -0.3895 0.0798
vn -0.2400 -0.6981 0.6746
vn -0.4320 -0.5976 0.6755
vn -0.6679 -0.3564 0.6534
vn -0.7268 -0.0642 0.6838
vn -0.9987 -0.0498 0.0050
vn -0.8059 0.5919 -0.0109
vn -0.5306 0.3876 -0.7538
vn -0.3937 0.5463 -0.7393
vn -0.5846 0.8113 -0.0034
vn -0.2593 0.6319 -0.7304
vn -0.3797 0.9251 -0.0000
vn -0.9921 0.1178 -0.0427
vn -0.6539 0.0888 -0.7513
vn -0.6321 0.2158 -0.7443
vn -0.9456 0.3235 -0.0333
vn -0.9965 -0.0270 -0.0788
vn -0.6879 0.6076 -0.3970
vn -0.7009 0.5023 -0.5064
vn -0.9876 -0.0918 -0.1276
vn -0.9989 -0.0469 -0.0003
vn -0.6900 -0.0209 -0.7235
vn -0.9724 -0.2033 -0.1146
vn -0.6675 0.3165 -0.6740
vn -0.6610 0.0457 -0.7490
vn -0.9811 -0.1935 -0.0048
vn -0.1247 0.6704 -0.7314
vn -0.1829 0.9831 -0.0000
vn -0.7248 -0.0298 -0.6883
vn -0.7281 0.1119 -0.6763
vn -0.5935 0.4376 -0.6754
vn -0.4480 0.5819 -0.6787
vn -0.7867 0.2144 -0.5789
vn -0.7650 -0.0136 -0.6439
vn -0.7634 0.5348 -0.3621
vn -0.7733 0.4471 -0.4495
vn -0.6811 0.2660 -0.6821
vn -0.2894 0.6721 -0.6816
vn -0.1352 0.7160 -0.6849
vn -0.8708 0.1993 -0.4495
vn -0.6311 0.2981 -0.7161
vn -0.9989 -0.0097 -0.0465
vn -0.6828 -0.0100 -0.7305
vn -0.7364 -0.1723 -0.6543
vn -0.6876 -0.1426 0.7120
vn -0.7013 -0.1357 0.6998
vn -0.7246 -0.3317 -0.6041
vn -0.6697 -0.3745 0.6413
vn -0.6992 -0.0981 0.7081
vn -0.9824 -0.1260 -0.1381
vn -0.9653 -0.2339 0.1165
vn -0.6884 -0.0496 0.7236
vn -0.7012 -0.0984 0.7061
vn -0.2894 0.6721 0.6816
vn -0.1352 0.7160 0.6849
vn -0.5935 0.4376 0.6754
vn -0.4480 0.5819 0.6787
vn -0.6872 -0.1644 0.7076
vn -0.7018 -0.1406 0.6984
vn -0.7001 -0.1070 0.7060
vn -0.6847 -0.1319 0.7168
vn -0.6811 0.2660 0.6821
vn -0.7240 -0.0512 0.6879
vn -0.7253 0.1001 0.6811
vn -0.5408 0.3946 0.7428
vn -0.4073 0.5358 0.7395
vn -0.6853 -0.1784 0.7061
vn -0.6801 -0.1428 0.7191
vn -0.7021 -0.1038 0.7045
vn -0.7022 -0.1455 0.6969
vn -0.6348 0.2307 0.7375
vn -0.6846 -0.0453 0.7276
vn -0.6787 0.0822 0.7298
vn -0.2651 0.6265 0.7329
vn -0.1211 0.6697 0.7327
vn -0.2846 0.6727 0.6830
vn -0.1299 0.7186 0.6832
vn -0.5963 0.4351 0.6746
vn -0.4452 0.5857 0.6773
vn -0.6833 -0.1779 0.7081
vn -0.7032 -0.1476 0.6955
vn -0.6969 -0.1030 0.7098
vn -0.6820 -0.1413 0.7176
vn -0.6899 0.2507 0.6791
vn -0.7244 -0.0479 0.6877
vn -0.7226 0.0875 0.6857
vn -0.0000 0.6781 -0.7350
vn -0.0000 -0.5660 0.8244
vn -0.3292 -0.8356 0.4399
vn -0.6591 -0.5562 0.5062
vn -0.0000 -0.7396 0.6731
vn -0.6771 -0.6865 0.2649
vn -0.0000 -0.9330 0.3600
vn -0.7618 -0.5813 0.2860
vn -0.0000 -0.8973 0.4415
vn -0.0000 -0.5924 0.8057
vn -0.0000 -0.1898 0.9818
vn -0.0000 0.0008 1.0000
vn -0.7062 0.0006 0.7080
vn -0.6531 -0.7313 0.1964
vn -0.5030 -0.0000 -0.8643
vn -0.9203 -0.0000 -0.3913
vn -0.5777 0.5771 -0.5773
vn -0.5774 0.5773 0.5773
vn -0.8797 -0.0000 0.4756
vn -0.6028 -0.0000 0.7979
vn -0.9045 0.3015 0.3015
vn -0.5777 0.5771 0.5773
vn -0.5773 0.5774 0.5774
vn 0.4554 0.8744 0.1675
vn -0.5849 0.7972 0.1495
vn -0.5632 0.8122 0.1517
vn -0.6489 0.7483 0.1380
vn -0.5746 0.7999 0.1730
vn -0.5393 0.8261 0.1633
vn -0.4334 0.8837 0.1766
vn -0.8064 0.4602 0.3713
vn -0.8008 0.4648 -0.3778
vn -0.6981 -0.4471 -0.5592
vn -0.7004 -0.4214 0.5761
vn -0.8168 0.5507 0.1721
vn -0.8187 0.5518 -0.1591
vn -0.5985 -0.7747 0.2041
vn -0.8672 0.3561 0.3482
vn -0.8981 0.4255 0.1111
vn -0.8950 -0.4294 0.1206
vn -0.8951 0.4332 -0.1059
vn -0.8801 0.3306 -0.3408
vn -0.8076 -0.4591 -0.3701
vn -0.8019 -0.4636 0.3768
vn -0.6989 0.4477 0.5577
vn -0.7016 0.4221 -0.5741
vn -0.8181 -0.5489 -0.1717
vn -0.8199 -0.5500 0.1588
vn -0.9053 0.4034 0.1330
vn -0.8677 -0.3552 -0.3477
vn -0.8987 -0.4244 -0.1108
vn -0.5858 0.7803 0.2192
vn -0.8956 -0.4321 0.1056
vn -0.8798 -0.3291 0.3431
vn -0.5803 -0.5769 0.5749
vn -0.9045 -0.3015 0.3015
vn -0.5782 -0.5816 0.5723
vn -0.5765 0.5731 0.5824
vn 0.4585 -0.5759 -0.6768
vn 0.6590 -0.3682 -0.6558
vn 0.9576 -0.2037 -0.2037
vn 0.7782 -0.4440 -0.4440
vn 0.9659 0.0015 0.2588
vn 0.8227 -0.4846 0.2971
vn 0.9576 -0.2037 0.2037
vn 0.9979 0.0647 -0.0000
vn 0.9991 -0.0000 -0.0420
vn 0.9269 0.3022 0.2226
vn 0.7216 0.6473 0.2453
vn 0.9657 -0.0000 0.2596
vn 0.5529 0.7430 0.3771
vn 0.4586 0.5759 -0.6768
vn 0.9552 0.2348 -0.1802
vn 0.9218 0.3563 0.1529
vn 0.6590 0.3682 -0.6558
vn 0.8226 0.4834 0.2993
vn 0.7296 0.0038 0.6838
vn 0.6040 -0.3580 0.7121
vn 0.9218 -0.3563 0.1529
vn 0.5526 -0.7436 0.3764
vn 0.3449 -0.5212 0.7807
vn 0.8007 -0.3330 0.4979
vn 0.8007 0.3330 0.4979
vn 0.3461 0.5200 0.7809
vn 0.5987 0.3617 0.7147
vn 0.7940 0.1723 0.5830
vn 0.1648 0.2598 0.9515
vn 0.2663 0.1621 0.9502
vn 0.3123 0.0028 0.9500
vn 0.2638 -0.1601 0.9512
vn 0.1633 -0.2598 0.9518
vn 0.7940 -0.1723 0.5830
vn 0.7782 -0.4440 0.4440
vn 0.6794 0.5669 0.4658
vn 0.9552 -0.2348 -0.1802
vn 0.6794 -0.5669 0.4659
vn 0.7795 -0.4876 0.3932
vn 0.8784 -0.0407 0.4763
vn 0.6134 -0.0655 0.7870
vn 0.8702 -0.0475 0.4905
vn 0.5813 -0.2121 0.7855
vn 0.8609 -0.1525 0.4853
vn 0.9991 -0.0414 -0.0000
vn 0.9911 -0.1333 -0.0000
vn 0.8702 -0.0475 -0.4905
vn 0.8609 -0.1525 -0.4853
vn 0.8784 -0.0407 -0.4763
vn 0.6134 -0.0655 -0.7870
vn 0.5813 -0.2121 -0.7855
vn 0.8668 -0.1330 -0.4805
vn 0.8668 -0.1330 0.4806
vn 0.5081 -0.3816 0.7721
vn 0.8389 -0.2725 0.4712
vn 0.5081 -0.3816 -0.7721
vn 0.8333 -0.2517 -0.4922
vn 0.9708 -0.2398 -0.0000
vn 0.8389 -0.2725 -0.4712
vn 0.8333 -0.2517 0.4921
vn 0.3340 -0.8032 -0.4932
vn 0.8570 -0.4448 -0.2602
vn 0.5608 -0.7745 0.2925
vn 0.6493 -0.7605 -0.0000
vn 0.5608 -0.7746 -0.2924
vn 0.8570 -0.4448 0.2602
vn 0.3340 -0.8033 0.4932
vn 0.8255 -0.3991 0.3991
vn 0.7795 0.4876 0.3932
vn 0.8561 0.4999 0.1310
vn 0.3930 0.8870 0.2425
vn 0.8255 -0.3991 -0.3991
vn 0.9269 -0.3023 0.2226
vn 0.7212 -0.6476 0.2461
vn 0.3933 -0.8867 0.2431
vn 0.8562 -0.4998 0.1311
vn 0.5334 0.4746 0.7002
vn 0.6840 -0.0000 0.7295
vn 0.2811 0.6775 0.6797
vn 0.2784 -0.6781 0.6802
vn 0.8168 -0.4192 0.3964
vn 0.5324 -0.4752 0.7005
vn 0.8168 0.4194 0.3962
vn 0.1024 0.2772 0.9553
vn 0.1869 0.2021 0.9614
vn 0.1026 -0.2777 0.9552
vn 0.7932 -0.1846 0.5803
vn 0.2507 -0.0000 0.9681
vn 0.1867 -0.2033 0.9612
vn 0.7932 0.1846 0.5803
vn 0.4574 0.5163 0.7240
vn 0.5489 0.4795 0.6847
vn 0.5270 0.4087 0.7452
vn 0.7035 0.3482 0.6196
vn 0.7035 0.3482 -0.6196
vn 0.4574 0.5163 -0.7240
vn 0.5302 0.3806 -0.7577
vn 0.5837 0.2659 -0.7672
vn 0.6441 0.1268 0.7544
vn 0.5503 0.3627 0.7521
vn 0.6498 0.2423 -0.7205
vn 0.7292 0.2246 -0.6464
vn 0.6869 -0.1654 0.7077
vn 0.6746 -0.0807 0.7338
vn 0.9583 0.2279 -0.1724
vn 0.4397 0.5759 -0.6892
vn 0.5980 0.4597 -0.6566
vn 0.7313 0.2294 -0.6424
vn 0.7619 0.1355 -0.6334
vn 0.7386 0.2120 -0.6399
vn 0.7233 0.4147 -0.5522
vn 0.7777 0.3534 -0.5198
vn 0.6069 0.7948 -0.0000
vn 0.8060 0.5919 -0.0000
vn 0.9779 0.2090 -0.0000
vn 0.9927 -0.1210 -0.0000
vn 0.9722 -0.2342 -0.0000
vn 0.9818 -0.1901 -0.0000
vn 0.8775 0.4796 -0.0000
vn 0.9897 -0.1430 -0.0000
vn 0.3550 0.7537 -0.5531
vn 0.8505 0.4336 -0.2979
vn 0.7268 -0.0873 0.6812
vn 0.5772 -0.5777 0.5772
vn 0.9892 0.1219 0.0809
vn 0.7030 -0.2527 0.6647
vn 0.7427 0.0263 0.6691
vn 0.5813 -0.4388 0.6853
vn 0.4761 -0.5548 0.6822
vn 0.4935 -0.2621 0.8293
vn 0.6932 0.1932 0.6944
vn 0.6684 0.2471 0.7015
vn 0.6540 0.2913 0.6982
vn 0.6219 0.3703 0.6900
vn 0.9045 0.3015 0.3015
vn 0.1897 -0.6718 0.7160
vn 0.4087 -0.6728 0.6167
vn -0.4087 -0.6728 0.6167
vn -0.3808 -0.8277 0.4122
vn 0.3808 -0.8277 0.4122
vn 0.7137 0.6270 0.3123
vn 0.4087 0.6728 0.6167
vn 0.1897 0.6718 0.7160
vn -0.0000 -0.6867 0.7269
vn -0.0000 0.6867 0.7269
vn 0.5486 0.8244 0.1397
vn 0.3280 0.7095 -0.6237
vn 0.3280 0.7095 0.6237
vn 0.8464 0.5050 0.1690
vn 0.8464 0.5050 -0.1690
vn 0.9386 0.3451 -0.0000
vn 0.7235 0.2660 0.6371
vn 0.5446 -0.0000 0.8387
vn 0.9085 -0.0000 0.4178
vn 0.8348 0.5483 -0.0501
vn 0.5489 0.4795 -0.6846
vn 0.6272 0.2603 -0.7341
vn 0.6540 0.2913 -0.6982
vn 0.6219 0.3703 -0.6900
vn -0.4667 0.5084 -0.7237
vn -0.4397 0.5759 -0.6892
vn -0.9583 0.2279 -0.1724
vn -0.7119 0.3365 -0.6164
vn -0.5837 0.2659 -0.7672
vn -0.7313 0.2294 -0.6424
vn -0.5980 0.4597 -0.6566
vn -0.5302 0.3806 -0.7576
vn -0.7238 0.2147 -0.6558
vn -0.7448 0.2192 -0.6302
vn -0.7568 0.1633 -0.6330
vn -0.6498 0.2423 -0.7205
vn -0.7363 0.3822 -0.5584
vn -0.7836 0.3379 -0.5214
vn -0.8060 0.5919 -0.0000
vn -0.6069 0.7948 -0.0000
vn -0.9954 -0.0957 0.0014
vn -0.9779 0.2090 -0.0000
vn -0.9788 -0.2047 0.0033
vn -0.9777 -0.2101 0.0039
vn -0.8775 0.4796 -0.0000
vn -0.3542 0.7508 -0.5575
vn -0.9853 -0.1710 0.0017
vn -0.8505 0.4336 -0.2979
vn -0.6732 -0.1868 0.7155
vn -0.7298 -0.1131 0.6742
vn -0.1897 -0.6718 0.7160
vn -0.4087 0.6728 0.6167
vn -0.7137 0.6270 0.3123
vn -0.1897 0.6718 0.7160
vn -0.3280 0.7095 -0.6237
vn -0.5486 0.8244 0.1397
vn -0.3280 0.7095 0.6237
vn -0.8464 0.5050 -0.1690
vn -0.8464 0.5050 0.1690
vn -0.9386 0.3451 -0.0000
vn -0.5446 -0.0000 0.8387
vn -0.7235 0.2660 0.6371
vn -0.9085 -0.0000 0.4178
vn 0.6932 0.1932 -0.6944
vn 0.7427 0.0263 -0.6691
vn 0.8761 0.4822 -0.0014
vn 0.9892 0.1219 -0.0809
vn 0.6684 0.2471 -0.7015
vn 0.7030 -0.2527 -0.6647
vn 0.5813 -0.4388 -0.6852
vn 0.4761 -0.5548 -0.6822
vn 0.9602 -0.2235 -0.1676
vn 0.5773 -0.5774 0.5774
vn 0.6666 0.0930 -0.7396
vn 0.9000 0.4346 0.0333
vn 0.9200 -0.2891 0.2647
vn 0.6666 0.0930 0.7396
vn 0.6643 0.2920 0.6880
vn 0.6181 0.3397 -0.7089
vn 0.3865 -0.6705 0.6333
vn 0.7040 -0.2883 0.6490
vn 0.3502 -0.3018 -0.8867
vn 0.3865 -0.6705 -0.6333
vn 0.7040 -0.2883 -0.6490
vn 0.7449 0.0834 -0.6620
vn 0.7449 0.0834 0.6620
vn 0.6642 0.2926 -0.6879
vn 0.5778 -0.5757 -0.5786
vn 0.7307 -0.1188 -0.6722
vn 0.6696 -0.1920 -0.7175
vn 0.6746 -0.0807 -0.7338
vn 0.6441 0.1268 -0.7544
vn 0.5625 0.3708 -0.7390
vn 0.8349 0.5503 -0.0000
vn 0.6631 0.7485 -0.0000
vn 0.9613 -0.2756 -0.0000
vn 0.9929 -0.1188 -0.0000
vn 0.9870 -0.1605 -0.0000
vn 0.9812 0.1932 -0.0000
vn 0.8962 0.4436 -0.0000
vn 0.7502 -0.6612 -0.0000
vn -0.7298 -0.1131 -0.6742
vn -0.6732 -0.1868 -0.7155
vn -0.9636 -0.2674 -0.0000
vn -0.9882 -0.1532 -0.0000
vn -0.8118 0.5658 -0.1442
vn -0.6852 0.7283 -0.0000
vn -0.8355 0.5495 -0.0000
vn -0.9839 -0.1747 -0.0372
vn -0.9929 -0.1188 -0.0000
vn -0.9728 -0.2316 -0.0000
vn -0.5773 -0.5774 -0.5773
vn -0.5771 -0.5776 -0.5774
vn -0.8088 0.5701 0.1443
vn -0.3012 -0.9046 -0.3015
vn -0.5773 -0.5774 0.5774
vn -0.3012 -0.9046 0.3015
vn -0.9202 0.2888 -0.2641
vn -0.9202 0.2888 0.2641
vn -0.9839 -0.1747 0.0372
vn -0.7100 0.3263 -0.6241
vn -0.6147 0.5283 -0.5857
vn -0.9087 0.4175 -0.0000
vn -0.6147 0.5283 0.5857
vn -0.7052 0.3333 0.6258
vn -0.9048 0.3008 -0.3015
vn -0.5771 -0.5776 0.5774
vn -0.9048 0.3008 0.3015
vn -0.5778 0.5769 0.5774
vn -0.5769 -0.5778 0.5774
vn -0.5778 0.5769 -0.5774
vn -0.5769 -0.5778 -0.5774
vn -0.9812 0.1932 -0.0000
vn -0.0000 -0.7076 -0.7066
vn -0.7502 -0.6612 -0.0000
vn 0.5777 -0.5758 -0.5785
vn -0.6388 -0.6949 -0.3304
vn -0.6388 0.6949 -0.3304
vn -0.6303 0.2968 -0.7174
vn -0.6303 -0.2968 -0.7174
vn -0.0000 0.3823 -0.9240
vn -0.0000 -0.3823 -0.9240
vn -0.0000 -0.7421 0.6703
vn -0.0000 0.7421 0.6703
vn -0.5722 0.6086 0.5497
vn -0.5722 -0.6086 0.5497
vn -0.0000 0.9031 -0.4294
vn -0.6388 0.6949 0.3304
vn -0.6388 -0.6949 0.3304
vn -0.6303 -0.2968 0.7174
vn -0.6303 0.2968 0.7174
vn -0.0000 -0.3823 0.9240
vn -0.0000 0.3823 0.9240
vn -0.0000 0.7421 -0.6703
vn -0.0000 -0.7421 -0.6703
vn -0.5722 -0.6086 -0.5497
vn -0.5722 0.6086 -0.5497
vn -0.0000 0.9031 0.4294
vn -0.0000 -0.9031 0.4294
vn -0.0000 -0.9914 -0.1305
vn -0.6789 -0.7280 -0.0958
vn -0.6532 -0.6557 -0.3786
vn -0.0000 0.9914 -0.1305
vn -0.0000 0.9914 0.1305
vn -0.2684 -0.2387 0.9333
vn -0.6532 -0.3786 0.6557
vn -0.6532 -0.3786 -0.6557
vn -0.2684 -0.2387 -0.9333
vn -0.0000 -0.9914 0.1305
vn -0.6789 -0.7280 0.0958
vn -0.6532 -0.6557 0.3786
vn -0.5648 -0.5024 0.6547
vn -0.5648 -0.5024 -0.6547
vn -0.6789 0.7280 -0.0958
vn -0.6789 0.7280 0.0958
vn -0.6532 0.3786 -0.6557
vn -0.6532 0.6557 -0.3786
vn -0.6532 0.6557 0.3786
vn -0.6532 0.3786 0.6557
vn 0.5745 0.8092 0.1234
vn 0.5295 0.6167 0.5825
vn 0.6674 0.1762 0.7236
vn 0.9458 0.2498 0.2075
vn 0.6096 0.2932 -0.7365
vn 0.6589 0.1841 -0.7294
vn 0.9294 0.2645 -0.2572
vn 0.8605 0.4183 -0.2908
vn 0.4228 0.5299 -0.7351
vn 0.5238 0.4196 -0.7413
vn 0.7426 0.5942 -0.3089
vn 0.6023 0.7450 -0.2868
vn 0.6921 0.3794 -0.6140
vn 0.3767 0.5895 -0.7145
vn 0.5246 0.8124 -0.2546
vn 0.9070 0.4052 -0.1149
vn -0.0000 0.9998 -0.0223
vn -0.7069 0.7072 -0.0156
vn -0.7636 0.6224 -0.1719
vn -0.0000 0.9594 -0.2819
vn -0.7068 0.7073 -0.0120
vn -0.7663 0.6289 0.1312
vn -0.6012 0.7903 0.1187
vn -0.6405 0.7678 -0.0108
vn -0.6481 0.7614 -0.0154
vn 0.7605 0.6492 -0.0131
vn 0.7159 0.6742 -0.1816
vn -0.6027 0.7740 -0.1942
vn 0.7669 0.6417 -0.0090
vn 0.7363 0.6674 0.1117
vn 0.9537 0.2391 0.1826
vn 0.9536 0.2371 -0.1857
vn -0.7067 0.7075 -0.0121
vn -0.6435 0.7653 -0.0125
vn 0.6691 0.1816 0.7206
vn 0.5231 0.6210 0.5837
vn 0.8954 0.3737 0.2421
vn 0.6950 0.2123 0.6870
vn -0.0000 0.9798 0.2001
vn -0.0000 0.9999 -0.0170
vn 0.8879 0.4485 0.1022
vn 0.5011 0.8411 0.2035
vn 0.3581 0.6037 0.7123
vn 0.6807 0.4142 0.6042
vn 0.6101 0.7646 0.2077
vn 0.7636 0.6115 0.2074
vn 0.5314 0.4256 0.7325
vn 0.4313 0.5406 0.7223
vn 0.8815 0.4241 0.2078
vn 0.6222 0.2994 0.7234
vn -0.7068 0.7073 -0.0122
vn -0.6458 0.7634 -0.0126
vn 0.7655 0.6433 -0.0105
vn 0.6815 0.4124 0.6046
vn 0.3597 0.6036 0.7116
vn 0.3746 0.6188 0.6905
vn 0.9537 0.2392 0.1826
vn -0.0000 0.9999 -0.0171
vn 0.6211 0.2988 0.7245
vn 0.6577 0.3247 0.6797
vn 0.4306 0.5397 0.7234
vn 0.5324 0.4264 0.7313
vn 0.5765 0.4598 0.6755
vn 0.4654 0.5657 0.6807
vn 0.6896 0.4004 0.6034
vn 0.3719 0.5998 0.7085
vn 0.3816 0.6158 0.6893
vn 0.9547 0.2360 0.1812
vn -0.7065 0.7076 -0.0121
vn -0.6484 0.7612 -0.0125
vn 0.9562 0.2338 0.1762
vn 0.9532 0.2379 -0.1865
vn 0.6898 0.3830 -0.6145
vn 0.6900 0.3910 0.6091
vn 0.7634 0.6459 -0.0107
vn -0.0000 0.9999 -0.0172
vn 0.6812 0.4035 -0.6108
vn 0.3534 0.5931 -0.7234
vn 0.4238 0.5312 -0.7336
vn 0.5220 0.4180 -0.7435
vn 0.5316 0.4257 0.7322
vn 0.4312 0.5405 0.7224
vn 0.6113 0.2941 -0.7347
vn 0.6558 0.1738 -0.7347
vn 0.6677 0.1770 0.7231
vn 0.6220 0.2993 0.7235
vn -0.7067 0.7074 -0.0120
vn -0.6506 0.7593 -0.0123
vn 0.7615 0.6481 -0.0106
vn -0.7065 0.7076 -0.0120
vn -0.6510 0.7590 -0.0123
vn 0.6890 0.3937 0.6085
vn 0.9556 0.2350 0.1778
vn 0.9534 0.2376 -0.1862
vn 0.6887 0.3857 -0.6140
vn 0.7593 0.6506 -0.0106
vn 0.5167 0.6199 -0.5906
vn 0.6563 0.1755 -0.7338
vn 0.6829 0.2103 -0.6996
vn 0.8904 0.3673 -0.2687
vn -0.0000 0.9999 -0.0169
vn 0.6821 0.4016 -0.6111
vn 0.3552 0.5930 -0.7226
vn 0.3614 0.6033 0.7109
vn 0.6823 0.4104 0.6050
vn 0.4238 0.5311 -0.7337
vn 0.5222 0.4182 -0.7433
vn 0.5317 0.4258 0.7321
vn 0.4311 0.5403 0.7226
vn 0.6112 0.2941 -0.7348
vn 0.6561 0.1746 -0.7342
vn 0.6679 0.1778 0.7227
vn 0.6218 0.2992 0.7238
vn -0.7066 0.7075 -0.0121
vn -0.6482 0.7613 -0.0124
vn 0.7592 0.6507 -0.0105
vn 0.6110 0.2940 -0.7350
vn 0.5223 0.4183 -0.7431
vn 0.5686 0.4537 -0.6862
vn 0.6487 0.3161 -0.6923
vn 0.4236 0.5310 -0.7339
vn 0.3569 0.5927 -0.7220
vn 0.3704 0.6074 -0.7027
vn 0.4546 0.5587 -0.6937
vn 0.5106 0.6241 -0.5914
vn 0.6575 0.1809 -0.7314
vn 0.6847 0.2087 -0.6983
vn 0.8910 0.3648 -0.2702
vn 0.6829 0.3995 -0.6115
vn 0.9514 0.2416 -0.1910
vn -0.7064 0.7077 -0.0121
vn -0.6459 0.7633 -0.0124
vn 0.9558 0.2346 0.1774
vn 0.9530 0.2383 -0.1871
vn 0.6876 0.3874 -0.6141
vn 0.6880 0.3974 0.6073
vn 0.7612 0.6484 -0.0106
vn 0.3633 0.6031 0.7101
vn 0.6832 0.4084 0.6054
vn 0.5319 0.4260 0.7319
vn 0.4310 0.5402 0.7228
vn 0.6683 0.1787 0.7221
vn 0.6217 0.2991 0.7239
vn -0.7066 0.7076 -0.0120
vn -0.6411 0.7674 -0.0124
vn 0.7637 0.6455 -0.0105
vn 0.6096 0.2934 -0.7364
vn 0.5225 0.4187 -0.7427
vn 0.5673 0.4519 -0.6884
vn 0.6473 0.3207 -0.6915
vn 0.4225 0.5296 -0.7356
vn 0.3667 0.5906 -0.7188
vn 0.3768 0.6017 -0.7043
vn 0.4597 0.5554 -0.6930
vn -0.7064 0.7077 -0.0120
vn -0.6437 0.7652 -0.0132
vn 0.6903 0.3893 -0.6099
vn 0.6869 0.3992 0.6072
vn 0.9555 0.2353 0.1781
vn 0.9522 0.2389 -0.1902
vn 0.7673 0.6411 -0.0103
vn 0.6838 0.3974 -0.6119
vn 0.3588 0.5925 -0.7212
vn 0.3652 0.6028 0.7094
vn 0.6841 0.4062 0.6058
vn 0.4235 0.5308 -0.7341
vn 0.5225 0.4185 -0.7429
vn 0.5320 0.4261 0.7317
vn 0.4309 0.5400 0.7230
vn 0.6108 0.2939 -0.7352
vn 0.6566 0.1764 -0.7333
vn 0.6685 0.1796 0.7217
vn 0.6215 0.2990 0.7241
vn -0.6541 0.7563 -0.0132
vn 0.7650 0.6439 -0.0111
vn -0.7063 0.7078 -0.0122
vn -0.6564 0.7544 -0.0122
vn 0.6856 0.3930 -0.6127
vn 0.9522 0.2399 -0.1890
vn 0.7567 0.6536 -0.0114
vn 0.6847 0.3953 -0.6123
vn 0.3608 0.5923 -0.7204
vn 0.3671 0.6026 0.7086
vn 0.6850 0.4040 0.6063
vn 0.4234 0.5307 -0.7343
vn 0.5226 0.4186 -0.7427
vn 0.5322 0.4263 0.7315
vn 0.4308 0.5399 0.7232
vn 0.6106 0.2938 -0.7354
vn 0.6569 0.1773 -0.7328
vn 0.6688 0.1806 0.7212
vn 0.6213 0.2989 0.7243
vn -0.7064 0.7077 -0.0119
vn -0.6506 0.7594 -0.0120
vn 0.7548 0.6559 -0.0106
vn 0.5254 0.6195 0.5833
vn 0.8952 0.3747 0.2414
vn 0.6942 0.2129 0.6876
vn 0.6582 0.3228 0.6802
vn -0.7063 0.7078 -0.0119
vn -0.6468 0.7626 -0.0120
vn 0.9548 0.2367 0.1797
vn 0.9509 0.2426 -0.1923
vn 0.7593 0.6506 -0.0103
vn 0.5771 0.4600 0.6748
vn 0.4643 0.5661 0.6812
vn -0.0000 0.9999 -0.0168
vn 0.3628 0.5920 -0.7197
vn 0.4233 0.5305 -0.7344
vn 0.5228 0.4187 -0.7425
vn 0.6105 0.2937 -0.7356
vn 0.6572 0.1783 -0.7323
vn -0.7064 0.7078 -0.0120
vn -0.6415 0.7670 -0.0121
vn 0.7629 0.6464 -0.0101
vn 0.6699 0.1857 0.7189
vn 0.5186 0.6240 0.5845
vn 0.8957 0.3726 0.2427
vn 0.6957 0.2116 0.6864
vn 0.3758 0.6188 0.6898
vn 0.9535 0.2396 0.1831
vn 0.6204 0.2985 0.7253
vn 0.6566 0.3275 0.6794
vn 0.4301 0.5391 0.7242
vn 0.5327 0.4268 0.7308
vn 0.5765 0.4564 0.6778
vn 0.4720 0.5605 0.6805
vn -0.7065 0.7076 -0.0130
vn -0.6401 0.7682 -0.0125
vn 0.9515 0.2414 -0.1908
vn 0.7669 0.6417 -0.0102
vn 0.3759 0.6010 0.7054
vn 0.3857 0.6102 0.6920
vn 0.3677 0.5892 -0.7195
vn 0.3714 0.6019 0.7069
vn 0.4231 0.5303 -0.7346
vn 0.5229 0.4189 -0.7424
vn 0.5325 0.4265 0.7311
vn 0.4305 0.5396 0.7235
vn 0.6102 0.2936 -0.7359
vn 0.6574 0.1793 -0.7319
vn 0.6693 0.1826 0.7202
vn 0.6209 0.2987 0.7247
vn -0.7059 0.7082 -0.0129
vn -0.6402 0.7681 -0.0123
vn 0.7684 0.6399 -0.0104
vn -0.0000 0.9998 -0.0184
vn 0.5187 0.6185 -0.5903
vn 0.6822 0.2108 -0.7001
vn 0.8902 0.3682 -0.2682
vn -0.7061 0.7080 -0.0116
vn -0.6416 0.7670 -0.0127
vn 0.9541 0.2382 0.1815
vn 0.7682 0.6402 -0.0102
vn 0.5688 0.4551 -0.6851
vn 0.6492 0.3143 -0.6926
vn -0.0000 0.9998 -0.0181
vn 0.3741 0.6023 0.7052
vn 0.5332 0.4270 0.7303
vn 0.6700 0.1842 0.7191
vn 0.6211 0.2987 0.7246
vn -0.7063 0.7078 -0.0115
vn -0.6441 0.7648 -0.0126
vn 0.7669 0.6417 -0.0106
vn -0.0000 0.9999 -0.0163
vn 0.3681 0.6087 -0.7028
vn 0.4514 0.5608 -0.6940
vn 0.5134 0.6221 -0.5911
vn 0.6838 0.2093 -0.6990
vn 0.8907 0.3658 -0.2698
vn 0.9511 0.2422 -0.1918
vn 0.5677 0.4526 -0.6877
vn 0.6478 0.3187 -0.6920
vn -0.6456 0.7635 -0.0121
vn 0.9539 0.2385 0.1819
vn 0.9510 0.2423 -0.1919
vn 0.7651 0.6438 -0.0106
vn 0.3697 0.5912 -0.7168
vn 0.4230 0.5302 -0.7348
vn 0.5234 0.4193 -0.7418
vn 0.6100 0.2934 -0.7361
vn 0.6582 0.1823 -0.7304
vn -0.6461 0.7632 -0.0127
vn 0.7637 0.6455 -0.0103
vn 0.3740 0.6042 -0.7036
vn 0.4575 0.5566 -0.6935
vn 0.5068 0.6265 -0.5922
vn 0.6851 0.2076 -0.6982
vn 0.8911 0.3637 -0.2716
vn 0.5670 0.4482 -0.6911
vn 0.6459 0.3234 -0.6916
vn 0.7629 0.6464 -0.0108
vn 0.3809 0.5985 -0.7048
vn 0.4656 0.5508 -0.6926
vn 0.3721 0.5907 -0.7159
vn 0.3783 0.6006 0.7044
vn 0.4229 0.5300 -0.7350
vn 0.5236 0.4194 -0.7416
vn 0.5329 0.4269 0.7306
vn 0.4300 0.5389 0.7244
vn 0.6098 0.2933 -0.7363
vn 0.6585 0.1832 -0.7299
vn 0.6702 0.1865 0.7184
vn 0.6202 0.2984 0.7255
vn 0.5552 0.8203 -0.1371
vn 0.5285 0.6173 0.5827
vn 0.8948 0.3761 0.2403
vn 0.5078 0.6258 -0.5921
vn 0.5176 0.6247 0.5847
vn 0.5089 0.6251 -0.5919
vn 0.5201 0.6228 0.5845
vn 0.8955 0.3734 0.2421
vn 0.5275 0.6180 0.5829
vn 0.8949 0.3756 0.2408
vn 0.6935 0.2135 0.6881
vn 0.5121 0.6229 -0.5914
vn 0.5219 0.6218 0.5840
vn 0.5243 0.6202 0.5835
vn 0.5145 0.6214 -0.5909
vn 0.8906 0.3664 -0.2693
vn 0.8953 0.3742 0.2416
vn 0.6587 0.3210 0.6805
vn 0.5177 0.6192 -0.5904
vn 0.8903 0.3678 -0.2685
vn 0.5776 0.4608 0.6739
vn 0.4619 0.5676 0.6815
vn 0.5156 0.6206 -0.5908
vn 0.9671 -0.0000 -0.2546
vn 0.7585 -0.0000 -0.6516
vn 0.5574 0.6680 -0.4930
vn 0.7294 0.6566 -0.1920
vn 0.5265 0.6187 0.5831
vn 0.8955 0.3732 0.2425
vn 0.6952 0.2118 0.6869
vn 0.8909 0.3650 -0.2704
vn 0.3763 0.6174 0.6908
vn 0.6572 0.3256 0.6797
vn 0.9730 -0.0000 0.2308
vn 0.9999 -0.0000 -0.0165
vn 0.8947 0.3765 0.2402
vn 0.7342 0.6560 0.1750
vn 0.8905 0.3668 -0.2691
vn 0.8909 0.3653 -0.2700
vn 0.8911 0.3642 -0.2709
vn 0.8961 0.3718 0.2423
vn 0.8951 0.3752 0.2409
vn 0.3740 0.6188 0.6908
vn 0.4587 0.5699 0.6817
vn 0.5777 0.4623 0.6727
vn 0.6593 0.3192 0.6807
vn 0.6929 0.2140 0.6885
vn 0.3686 0.6086 -0.7027
vn 0.4604 0.5689 0.6815
vn 0.5778 0.4615 0.6732
vn 0.5687 0.4542 -0.6858
vn 0.4530 0.5597 -0.6939
vn 0.6591 0.3201 0.6805
vn 0.6933 0.2138 0.6882
vn 0.6825 0.2105 -0.6999
vn 0.6489 0.3151 -0.6926
vn 0.3774 0.6168 0.6907
vn 0.3713 0.6067 -0.7028
vn 0.4634 0.5667 0.6812
vn 0.5775 0.4603 0.6743
vn 0.5684 0.4530 -0.6868
vn 0.4559 0.5576 -0.6937
vn 0.6585 0.3219 0.6802
vn 0.6939 0.2132 0.6878
vn 0.6831 0.2099 -0.6995
vn 0.6483 0.3169 -0.6922
vn 0.3698 0.6088 -0.7018
vn 0.5682 0.4528 -0.6871
vn 0.4569 0.5571 -0.6935
vn 0.6835 0.2097 -0.6991
vn 0.6481 0.3179 -0.6920
vn 0.3801 0.6143 0.6915
vn 0.4650 0.5657 0.6809
vn 0.5769 0.4599 0.6751
vn 0.6580 0.3238 0.6799
vn 0.6946 0.2126 0.6872
vn 0.3755 0.6059 -0.7014
vn 0.5674 0.4525 -0.6880
vn 0.4580 0.5566 -0.6931
vn 0.6841 0.2090 -0.6988
vn 0.6474 0.3197 -0.6918
vn 0.3829 0.6116 0.6924
vn 0.4670 0.5643 0.6808
vn 0.5763 0.4591 0.6762
vn 0.3854 0.6099 0.6925
vn 0.3794 0.6003 -0.7041
vn 0.4702 0.5618 0.6806
vn 0.5766 0.4572 0.6771
vn 0.5676 0.4502 -0.6893
vn 0.4629 0.5531 -0.6927
vn 0.6570 0.3266 0.6795
vn 0.6951 0.2124 0.6868
vn 0.6844 0.2092 -0.6985
vn 0.6470 0.3217 -0.6914
vn 0.3797 0.6006 -0.7036
vn 0.5675 0.4494 -0.6899
vn 0.4647 0.5518 -0.6925
vn 0.6850 0.2085 -0.6981
vn 0.6467 0.3226 -0.6912
vn 0.3875 0.6090 0.6921
vn 0.4737 0.5603 0.6795
vn 0.5768 0.4559 0.6778
vn 0.6568 0.3288 0.6786
vn 0.6968 0.2111 0.6855
vn 0.9999 -0.0000 -0.0166
vn 0.9999 -0.0000 -0.0167
vn 0.9999 -0.0000 -0.0164
vn 0.9998 -0.0000 -0.0175
vn 0.9999 -0.0000 -0.0162
vn 0.3143 0.3953 0.8631
vn 0.2814 0.4316 0.8570
vn 0.1312 0.2048 0.9700
vn 0.1430 0.1900 0.9713
vn -0.7857 0.3895 0.4806
vn -0.0000 0.4222 0.9065
vn -0.0000 0.2168 0.9762
vn -0.7698 0.3056 0.5604
vn 0.4408 0.2127 0.8721
vn 0.3882 0.3117 0.8673
vn 0.1713 0.1429 0.9748
vn 0.1919 0.0960 0.9767
vn 0.4661 0.1282 0.8754
vn 0.1941 0.0623 0.9790
vn 0.8474 0.1314 0.5145
vn 0.7224 -0.0650 0.6884
vn 0.6916 0.1464 0.7073
vn -0.6232 0.3894 0.6782
vn -0.7318 0.2749 0.6237
vn 0.5749 -0.0491 0.8168
vn 0.3674 -0.0000 0.9301
vn 0.2306 0.6777 0.6983
vn 0.0955 0.6226 0.7767
vn 0.2120 -0.0000 0.9773
vn 0.2269 0.7951 0.5624
vn 0.0478 0.7409 0.6699
vn 0.7329 0.5992 0.3221
vn 0.8589 0.4127 0.3031
vn 0.7897 0.2099 0.5765
vn 0.4909 0.7878 0.3720
vn 0.5834 0.6764 0.4495
vn -0.7422 0.5720 0.3491
vn -0.6201 0.7047 0.3447
vn 0.8021 -0.0000 0.5972
vn 0.4361 0.7140 0.5478
vn 0.5139 0.6433 0.5675
vn 0.6408 0.5129 0.5712
vn 0.7379 0.3548 0.5741
vn -0.0000 0.8546 0.5192
vn 0.8270 0.3642 0.4284
vn 0.7183 0.4567 0.5248
vn 0.4403 0.7436 0.5032
vn 0.6728 0.1787 0.7179
vn 0.4284 0.6764 0.5991
vn -0.6050 0.5911 0.5335
vn -0.7584 0.4809 0.4400
vn 0.6098 -0.0000 0.7926
vn 0.3979 0.6227 0.6738
vn 0.5500 0.4389 0.7106
vn 0.4463 0.5556 0.7015
vn 0.6318 0.3029 0.7135
vn -0.0000 0.7033 0.7109
vn 0.2661 0.6611 -0.7016
vn 0.4016 -0.0000 -0.9158
vn 0.1465 -0.0000 -0.9892
vn 0.0356 0.6966 -0.7166
vn 0.4663 0.7974 -0.3830
vn 0.2390 0.7917 -0.5623
vn 0.0595 0.7301 -0.6807
vn 0.1197 -0.0000 -0.9928
vn 0.0119 0.7035 -0.7106
vn 0.0359 0.7290 -0.6836
vn 0.8605 0.3325 -0.3860
vn 0.7016 0.4675 -0.5378
vn -0.5643 0.6136 -0.5524
vn -0.7656 0.5043 -0.3994
vn -0.0000 0.6760 -0.7369
vn -0.6424 0.3527 -0.6804
vn -0.7232 0.3780 -0.5780
vn -0.0000 0.3024 -0.9532
vn 0.7193 0.0725 -0.6909
vn 0.6650 0.1115 -0.7385
vn -0.6756 0.2420 -0.6964
vn -0.6821 0.2720 -0.6788
vn -0.0000 0.1168 -0.9932
vn 0.6100 -0.0832 -0.7880
vn 0.5880 -0.1016 -0.8024
vn -0.6440 0.2107 -0.7355
vn -0.6479 0.2346 -0.7247
vn -0.0000 0.0727 -0.9974
vn 0.6405 -0.0989 -0.7616
vn 0.5772 -0.1280 -0.8065
vn 0.6629 0.3354 -0.6694
vn 0.5594 0.4526 -0.6944
vn 0.7401 0.2208 -0.6352
vn 0.4681 0.5560 -0.6868
vn 0.4099 0.6359 -0.6539
vn 0.2585 0.3024 -0.9175
vn 0.2106 0.3405 -0.9164
vn 0.4235 0.1322 -0.8962
vn 0.3209 0.2554 -0.9120
vn 0.3763 0.1935 -0.9060
vn 0.0767 0.1378 -0.9875
vn 0.0681 0.1342 -0.9886
vn 0.1101 0.1299 -0.9854
vn 0.1072 0.1300 -0.9857
vn 0.1333 0.1078 -0.9852
vn 0.1395 0.1138 -0.9837
vn 0.1586 0.0788 -0.9842
vn 0.1628 0.0837 -0.9831
vn 0.1803 0.0570 -0.9820
vn 0.1648 0.0569 -0.9847
vn 0.7692 0.6391 -0.0000
vn 0.8899 0.4562 -0.0000
vn 0.8713 0.4443 -0.2086
vn 0.7533 0.6255 -0.2031
vn 0.6082 0.7937 -0.0000
vn 0.5953 0.7773 -0.2035
vn 0.9852 0.1712 0.0054
vn 0.9869 0.1612 -0.0008
vn 0.9439 0.2513 -0.2145
vn 0.9643 0.2648 0.0027
vn -0.0000 0.9791 -0.2035
vn 0.1890 0.9820 0.0030
vn 0.2119 0.9562 -0.2020
vn 0.8777 -0.0909 -0.4705
vn 0.4077 0.9131 -0.0000
vn 0.3991 0.8938 -0.2044
vn 0.2596 0.9657 -0.0000
vn 0.2917 0.9345 -0.2041
vn 1.0000 -0.0000 -0.0067
vn 0.7372 -0.0000 -0.6756
vn 0.1689 0.9856 0.0034
vn 0.1240 0.9923 -0.0000
vn 0.6767 0.1854 -0.7125
vn 0.6270 0.3191 -0.7107
vn 0.5755 -0.5840 -0.5724
vn 0.1510 0.6998 -0.6982
vn -0.0000 0.7195 -0.6945
vn 0.2927 0.6555 -0.6962
vn 0.2090 0.6747 -0.7079
vn 0.4344 0.5627 -0.7033
vn 0.5423 0.4515 -0.7086
vn 0.3152 -0.2796 -0.9069
vn 0.1856 -0.6437 -0.7424
vn 0.0487 0.2272 -0.9726
vn -0.0000 0.2361 -0.9717
vn 0.0957 0.2143 -0.9721
vn 0.0659 0.2126 -0.9749
vn 0.1420 0.1779 -0.9737
vn 0.1577 0.1303 -0.9789
vn 0.1991 0.1029 -0.9746
vn 0.2029 0.0631 -0.9772
vn 0.0046 0.0173 -0.9998
vn -0.0000 0.0195 -0.9998
vn 0.0076 0.0174 -0.9998
vn 0.0063 0.0176 -0.9998
vn 0.0128 0.0144 -0.9998
vn 0.0148 0.0118 -0.9998
vn 0.0173 0.0086 -0.9998
vn 0.0174 0.0136 -0.9998
vn 0.7069 -0.0000 -0.7073
vn 0.9838 0.1792 -0.0000
vn 0.9645 0.2641 -0.0000
vn 0.6605 0.1470 -0.7363
vn 0.9922 0.1238 0.0128
vn 0.9011 0.4336 -0.0000
vn 0.6170 0.2968 -0.7289
vn 0.7806 0.6251 -0.0000
vn 0.6237 0.7817 -0.0000
vn 0.4277 0.5361 -0.7278
vn 0.5266 0.4217 -0.7381
vn 0.5205 0.8539 -0.0000
vn 0.3636 0.5966 -0.7154
vn 0.2024 0.6216 -0.7567
vn 0.3718 0.9283 -0.0119
vn 0.1463 0.9891 -0.0168
vn -0.0000 0.6669 -0.7451
vn 0.9995 -0.0000 0.0301
vn 0.7003 -0.0000 -0.7139
vn 0.1745 0.9846 0.0018
vn -0.0000 1.0000 0.0019
vn 0.4889 0.8723 -0.0000
vn 0.6103 0.2941 -0.7355
vn 0.6703 0.1465 -0.7274
vn 0.4229 0.5312 -0.7341
vn 0.5353 0.4298 -0.7271
vn -0.0000 0.6895 -0.7243
vn 0.1859 0.6602 -0.7277
vn 0.3270 0.5964 -0.7331
vn 0.6727 -0.0000 -0.7399
vn 0.7634 0.1641 0.6248
vn 0.7671 -0.0000 0.6415
vn 0.4807 0.6012 0.6383
vn 0.6085 0.4860 0.6273
vn -0.0000 0.7763 0.6304
vn 0.2151 0.7529 0.6219
vn 0.3693 0.6711 0.6428
vn 0.6599 0.1469 0.7369
vn 0.6812 0.0578 0.7298
vn 0.6966 0.3346 0.6347
vn 0.5266 0.4217 0.7381
vn 0.6169 0.2968 0.7289
vn 0.7159 0.1593 0.6798
vn 0.7337 0.0609 0.6768
vn 0.4277 0.5361 0.7278
vn -0.0000 0.6748 0.7380
vn 0.1898 0.6410 0.7437
vn 0.3394 0.6015 0.7232
vn 0.6552 0.3152 0.6866
vn 0.6614 0.1554 0.7338
vn 0.6784 -0.0000 0.7347
vn 0.4529 0.5676 0.6876
vn 0.5734 0.4592 0.6785
vn -0.0000 0.7345 0.6786
vn 0.2097 0.7085 0.6738
vn 0.3549 0.6290 0.6917
vn 0.9722 0.2341 -0.0000
vn -0.0000 0.6860 0.7276
vn 0.1690 0.6432 0.7468
vn 0.3327 0.6026 0.7254
vn 0.6236 0.7817 -0.0000
vn 0.7805 0.6251 -0.0000
vn 0.2541 0.9672 -0.0000
vn 0.4834 0.8754 -0.0000
vn 0.5745 -0.8092 0.1234
vn 0.9458 -0.2498 0.2075
vn 0.6674 -0.1762 0.7236
vn 0.5295 -0.6167 0.5825
vn 0.6096 -0.2932 -0.7365
vn 0.8605 -0.4183 -0.2908
vn 0.9294 -0.2645 -0.2572
vn 0.6589 -0.1841 -0.7294
vn 0.4228 -0.5299 -0.7351
vn 0.6023 -0.7450 -0.2868
vn 0.7426 -0.5942 -0.3089
vn 0.5239 -0.4196 -0.7413
vn 0.6921 -0.3794 -0.6140
vn 0.9070 -0.4052 -0.1149
vn 0.5246 -0.8124 -0.2546
vn 0.3767 -0.5895 -0.7145
vn -0.0000 -0.9998 -0.0223
vn 0.0231 -0.9592 -0.2818
vn -0.7636 -0.6224 -0.1719
vn -0.7069 -0.7072 -0.0156
vn -0.7068 -0.7073 -0.0120
vn -0.6405 -0.7678 -0.0108
vn -0.6012 -0.7903 0.1187
vn -0.7663 -0.6289 0.1312
vn -0.6481 -0.7614 -0.0154
vn -0.6027 -0.7740 -0.1942
vn 0.7159 -0.6742 -0.1816
vn 0.7605 -0.6492 -0.0131
vn 0.8879 -0.4485 0.1022
vn 0.7363 -0.6674 0.1117
vn 0.7669 -0.6417 -0.0090
vn 0.9537 -0.2391 0.1826
vn 0.9536 -0.2371 -0.1857
vn -0.7067 -0.7075 -0.0121
vn -0.6435 -0.7653 -0.0125
vn 0.6691 -0.1816 0.7206
vn 0.6950 -0.2123 0.6870
vn 0.8954 -0.3737 0.2421
vn 0.5231 -0.6210 0.5837
vn -0.0109 -0.9797 0.2001
vn -0.0000 -0.9999 -0.0170
vn 0.6807 -0.4142 0.6042
vn 0.3581 -0.6037 0.7123
vn 0.5011 -0.8411 0.2035
vn 0.6101 -0.7646 0.2077
vn 0.4313 -0.5406 0.7223
vn 0.5314 -0.4256 0.7325
vn 0.7636 -0.6115 0.2074
vn 0.8815 -0.4241 0.2078
vn 0.6222 -0.2994 0.7234
vn -0.7068 -0.7073 -0.0121
vn -0.6458 -0.7634 -0.0126
vn 0.7655 -0.6433 -0.0105
vn 0.6815 -0.4124 0.6046
vn 0.9537 -0.2392 0.1826
vn 0.3746 -0.6188 0.6905
vn 0.3597 -0.6036 0.7116
vn -0.0000 -0.9999 -0.0171
vn 0.6211 -0.2988 0.7245
vn 0.6577 -0.3247 0.6797
vn 0.4306 -0.5397 0.7234
vn 0.4654 -0.5657 0.6807
vn 0.5765 -0.4598 0.6755
vn 0.5324 -0.4264 0.7313
vn 0.6896 -0.4004 0.6034
vn 0.9547 -0.2360 0.1812
vn 0.3816 -0.6158 0.6893
vn 0.3719 -0.5998 0.7085
vn -0.7066 -0.7076 -0.0121
vn -0.6484 -0.7612 -0.0125
vn 0.9562 -0.2338 0.1762
vn 0.6900 -0.3910 0.6091
vn 0.6898 -0.3830 -0.6145
vn 0.9532 -0.2379 -0.1865
vn 0.7634 -0.6459 -0.0107
vn -0.0000 -0.9999 -0.0172
vn 0.6812 -0.4035 -0.6108
vn 0.3534 -0.5931 -0.7234
vn 0.4238 -0.5312 -0.7336
vn 0.4312 -0.5405 0.7224
vn 0.5316 -0.4257 0.7322
vn 0.5220 -0.4180 -0.7435
vn 0.6113 -0.2941 -0.7347
vn 0.6220 -0.2993 0.7235
vn 0.6677 -0.1770 0.7231
vn 0.6558 -0.1738 -0.7347
vn -0.7067 -0.7074 -0.0120
vn -0.6506 -0.7593 -0.0123
vn 0.7615 -0.6481 -0.0106
vn -0.7065 -0.7076 -0.0120
vn -0.6510 -0.7590 -0.0123
vn 0.6890 -0.3937 0.6085
vn 0.6887 -0.3857 -0.6140
vn 0.9534 -0.2376 -0.1862
vn 0.9556 -0.2350 0.1778
vn 0.7593 -0.6506 -0.0106
vn 0.5167 -0.6199 -0.5906
vn 0.8904 -0.3673 -0.2687
vn 0.6829 -0.2103 -0.6996
vn 0.6563 -0.1755 -0.7338
vn -0.0000 -0.9999 -0.0169
vn 0.6821 -0.4016 -0.6111
vn 0.6823 -0.4104 0.6050
vn 0.3614 -0.6033 0.7109
vn 0.3552 -0.5930 -0.7226
vn 0.4238 -0.5311 -0.7337
vn 0.4311 -0.5403 0.7226
vn 0.5317 -0.4258 0.7321
vn 0.5222 -0.4182 -0.7433
vn 0.6112 -0.2941 -0.7348
vn 0.6218 -0.2992 0.7238
vn 0.6679 -0.1778 0.7227
vn 0.6561 -0.1746 -0.7342
vn -0.7066 -0.7075 -0.0121
vn -0.6482 -0.7613 -0.0124
vn 0.7592 -0.6507 -0.0105
vn 0.6110 -0.2940 -0.7350
vn 0.6487 -0.3161 -0.6923
vn 0.5686 -0.4537 -0.6862
vn 0.5223 -0.4183 -0.7431
vn 0.4236 -0.5310 -0.7339
vn 0.4546 -0.5587 -0.6937
vn 0.3704 -0.6074 -0.7027
vn 0.3569 -0.5927 -0.7220
vn 0.5106 -0.6241 -0.5914
vn 0.8910 -0.3648 -0.2702
vn 0.6847 -0.2087 -0.6983
vn 0.6575 -0.1809 -0.7314
vn 0.9514 -0.2416 -0.1910
vn 0.6829 -0.3996 -0.6115
vn -0.7064 -0.7077 -0.0121
vn -0.6459 -0.7633 -0.0124
vn 0.9558 -0.2346 0.1774
vn 0.6880 -0.3974 0.6073
vn 0.6876 -0.3874 -0.6141
vn 0.9530 -0.2383 -0.1871
vn 0.7612 -0.6484 -0.0106
vn 0.6832 -0.4084 0.6054
vn 0.3633 -0.6031 0.7101
vn 0.4310 -0.5402 0.7228
vn 0.5319 -0.4260 0.7319
vn 0.6217 -0.2991 0.7239
vn 0.6683 -0.1787 0.7221
vn -0.7066 -0.7076 -0.0120
vn -0.6410 -0.7674 -0.0124
vn 0.7637 -0.6455 -0.0105
vn 0.6096 -0.2934 -0.7364
vn 0.6473 -0.3207 -0.6915
vn 0.5673 -0.4519 -0.6884
vn 0.5225 -0.4187 -0.7427
vn 0.4225 -0.5296 -0.7356
vn 0.4597 -0.5554 -0.6930
vn 0.3768 -0.6017 -0.7043
vn 0.3667 -0.5906 -0.7188
vn -0.7064 -0.7077 -0.0120
vn -0.6437 -0.7652 -0.0132
vn 0.6903 -0.3893 -0.6099
vn 0.9522 -0.2389 -0.1902
vn 0.9555 -0.2353 0.1781
vn 0.6869 -0.3992 0.6072
vn 0.7674 -0.6411 -0.0104
vn 0.6838 -0.3974 -0.6119
vn 0.6841 -0.4062 0.6058
vn 0.3651 -0.6028 0.7094
vn 0.3589 -0.5925 -0.7212
vn 0.4235 -0.5308 -0.7341
vn 0.4309 -0.5400 0.7230
vn 0.5320 -0.4261 0.7317
vn 0.5225 -0.4185 -0.7429
vn 0.6108 -0.2939 -0.7352
vn 0.6215 -0.2990 0.7241
vn 0.6685 -0.1796 0.7217
vn 0.6566 -0.1764 -0.7333
vn -0.7065 -0.7076 -0.0121
vn -0.6541 -0.7563 -0.0132
vn 0.7650 -0.6439 -0.0111
vn -0.7063 -0.7078 -0.0122
vn -0.6564 -0.7544 -0.0122
vn 0.6856 -0.3930 -0.6127
vn 0.9522 -0.2399 -0.1890
vn 0.7567 -0.6536 -0.0114
vn 0.6847 -0.3953 -0.6123
vn 0.6850 -0.4040 0.6063
vn 0.3671 -0.6026 0.7086
vn 0.3608 -0.5923 -0.7204
vn 0.4234 -0.5307 -0.7342
vn 0.4308 -0.5399 0.7232
vn 0.5322 -0.4263 0.7315
vn 0.5226 -0.4186 -0.7427
vn 0.6106 -0.2938 -0.7354
vn 0.6213 -0.2989 0.7244
vn 0.6688 -0.1806 0.7212
vn 0.6569 -0.1773 -0.7328
vn -0.7064 -0.7077 -0.0119
vn -0.6506 -0.7594 -0.0120
vn 0.7548 -0.6559 -0.0106
vn 0.6942 -0.2129 0.6876
vn 0.8952 -0.3747 0.2414
vn 0.5254 -0.6195 0.5833
vn 0.6582 -0.3228 0.6802
vn -0.7063 -0.7078 -0.0119
vn -0.6468 -0.7626 -0.0120
vn 0.9509 -0.2426 -0.1923
vn 0.9548 -0.2367 0.1797
vn 0.7593 -0.6506 -0.0103
vn 0.4642 -0.5661 0.6812
vn 0.5771 -0.4600 0.6748
vn -0.0000 -0.9999 -0.0168
vn 0.3628 -0.5920 -0.7197
vn 0.4233 -0.5305 -0.7344
vn 0.5228 -0.4187 -0.7425
vn 0.6105 -0.2937 -0.7356
vn 0.6572 -0.1783 -0.7323
vn -0.7064 -0.7078 -0.0120
vn -0.6415 -0.7670 -0.0121
vn 0.7629 -0.6464 -0.0101
vn 0.6699 -0.1857 0.7189
vn 0.6957 -0.2116 0.6864
vn 0.8957 -0.3726 0.2427
vn 0.5186 -0.6240 0.5845
vn 0.9535 -0.2396 0.1831
vn 0.3758 -0.6188 0.6898
vn 0.6204 -0.2985 0.7253
vn 0.6566 -0.3275 0.6794
vn 0.4301 -0.5391 0.7242
vn 0.4720 -0.5605 0.6805
vn 0.5765 -0.4564 0.6778
vn 0.5327 -0.4268 0.7308
vn -0.7065 -0.7076 -0.0130
vn -0.6401 -0.7682 -0.0125
vn 0.9515 -0.2414 -0.1908
vn 0.7669 -0.6417 -0.0102
vn 0.3857 -0.6102 0.6920
vn 0.3759 -0.6010 0.7054
vn 0.3714 -0.6019 0.7069
vn 0.3677 -0.5892 -0.7195
vn 0.4231 -0.5303 -0.7346
vn 0.4305 -0.5396 0.7235
vn 0.5325 -0.4266 0.7311
vn 0.5229 -0.4189 -0.7423
vn 0.6102 -0.2936 -0.7359
vn 0.6209 -0.2987 0.7247
vn 0.6693 -0.1826 0.7202
vn 0.6574 -0.1793 -0.7319
vn -0.7059 -0.7082 -0.0129
vn -0.6402 -0.7681 -0.0123
vn 0.7684 -0.6399 -0.0104
vn -0.0000 -0.9998 -0.0184
vn 0.5187 -0.6185 -0.5903
vn 0.8902 -0.3682 -0.2682
vn 0.6822 -0.2108 -0.7001
vn -0.7061 -0.7080 -0.0116
vn -0.6416 -0.7670 -0.0127
vn 0.9541 -0.2382 0.1815
vn 0.7682 -0.6402 -0.0102
vn 0.6492 -0.3143 -0.6926
vn 0.5688 -0.4551 -0.6851
vn -0.0000 -0.9998 -0.0181
vn 0.3741 -0.6023 0.7052
vn 0.5332 -0.4270 0.7303
vn 0.6211 -0.2987 0.7246
vn 0.6700 -0.1842 0.7191
vn -0.7063 -0.7078 -0.0115
vn -0.6441 -0.7648 -0.0126
vn 0.7669 -0.6417 -0.0106
vn -0.0000 -0.9999 -0.0163
vn 0.4514 -0.5608 -0.6940
vn 0.3681 -0.6088 -0.7028
vn 0.5134 -0.6221 -0.5911
vn 0.8907 -0.3658 -0.2698
vn 0.6838 -0.2093 -0.6990
vn 0.9511 -0.2422 -0.1918
vn 0.6478 -0.3187 -0.6920
vn 0.5677 -0.4526 -0.6877
vn -0.6456 -0.7635 -0.0121
vn 0.9510 -0.2423 -0.1919
vn 0.9539 -0.2385 0.1819
vn 0.7651 -0.6438 -0.0106
vn 0.3697 -0.5912 -0.7168
vn 0.4230 -0.5302 -0.7348
vn 0.5234 -0.4193 -0.7418
vn 0.6100 -0.2934 -0.7361
vn 0.6582 -0.1823 -0.7304
vn -0.6461 -0.7632 -0.0127
vn 0.7637 -0.6455 -0.0103
vn 0.4576 -0.5566 -0.6935
vn 0.3740 -0.6042 -0.7036
vn 0.5068 -0.6265 -0.5922
vn 0.8911 -0.3637 -0.2716
vn 0.6851 -0.2076 -0.6982
vn 0.6459 -0.3234 -0.6916
vn 0.5670 -0.4482 -0.6911
vn 0.7629 -0.6464 -0.0108
vn 0.4656 -0.5508 -0.6926
vn 0.3809 -0.5985 -0.7048
vn 0.3783 -0.6006 0.7044
vn 0.3721 -0.5907 -0.7159
vn 0.4229 -0.5300 -0.7350
vn 0.4300 -0.5389 0.7244
vn 0.5329 -0.4269 0.7306
vn 0.5236 -0.4194 -0.7416
vn 0.6098 -0.2933 -0.7363
vn 0.6202 -0.2984 0.7255
vn 0.6702 -0.1865 0.7184
vn 0.6585 -0.1832 -0.7299
vn 0.5552 -0.8203 -0.1371
vn 0.5285 -0.6173 0.5827
vn 0.8948 -0.3761 0.2403
vn 0.5176 -0.6247 0.5847
vn 0.5078 -0.6258 -0.5921
vn 0.5089 -0.6251 -0.5919
vn 0.5201 -0.6228 0.5845
vn 0.8955 -0.3734 0.2421
vn 0.6935 -0.2135 0.6881
vn 0.8949 -0.3756 0.2408
vn 0.5275 -0.6180 0.5829
vn 0.5219 -0.6218 0.5840
vn 0.5121 -0.6229 -0.5914
vn 0.5243 -0.6202 0.5835
vn 0.8953 -0.3742 0.2416
vn 0.8906 -0.3664 -0.2693
vn 0.5145 -0.6214 -0.5909
vn 0.6587 -0.3210 0.6805
vn 0.8903 -0.3678 -0.2685
vn 0.5177 -0.6192 -0.5904
vn 0.4619 -0.5676 0.6815
vn 0.5776 -0.4608 0.6739
vn 0.5156 -0.6206 -0.5908
vn 0.7294 -0.6566 -0.1920
vn 0.5574 -0.6680 -0.4930
vn 0.5265 -0.6187 0.5831
vn 0.6952 -0.2118 0.6869
vn 0.8955 -0.3732 0.2425
vn 0.8909 -0.3650 -0.2704
vn 0.3763 -0.6174 0.6908
vn 0.6572 -0.3256 0.6797
vn 0.7342 -0.6560 0.1750
vn 0.8947 -0.3765 0.2402
vn 0.8905 -0.3668 -0.2691
vn 0.8909 -0.3653 -0.2700
vn 0.8961 -0.3718 0.2423
vn 0.8911 -0.3642 -0.2709
vn 0.8951 -0.3752 0.2409
vn 0.3740 -0.6188 0.6908
vn 0.4587 -0.5699 0.6817
vn 0.5777 -0.4623 0.6727
vn 0.6593 -0.3192 0.6807
vn 0.6929 -0.2140 0.6885
vn 0.3686 -0.6086 -0.7027
vn 0.4604 -0.5689 0.6815
vn 0.4530 -0.5597 -0.6939
vn 0.5687 -0.4542 -0.6858
vn 0.5778 -0.4615 0.6732
vn 0.6591 -0.3201 0.6805
vn 0.6489 -0.3151 -0.6926
vn 0.6825 -0.2105 -0.6999
vn 0.6933 -0.2138 0.6882
vn 0.3713 -0.6067 -0.7028
vn 0.3774 -0.6168 0.6907
vn 0.4634 -0.5667 0.6813
vn 0.4559 -0.5576 -0.6937
vn 0.5684 -0.4530 -0.6868
vn 0.5775 -0.4603 0.6743
vn 0.6585 -0.3219 0.6802
vn 0.6484 -0.3169 -0.6922
vn 0.6831 -0.2099 -0.6995
vn 0.6939 -0.2132 0.6878
vn 0.3698 -0.6088 -0.7018
vn 0.4569 -0.5571 -0.6935
vn 0.5682 -0.4528 -0.6871
vn 0.6481 -0.3179 -0.6920
vn 0.6835 -0.2097 -0.6991
vn 0.3801 -0.6143 0.6915
vn 0.4650 -0.5657 0.6809
vn 0.5769 -0.4599 0.6751
vn 0.6580 -0.3238 0.6799
vn 0.6946 -0.2126 0.6872
vn 0.3755 -0.6059 -0.7014
vn 0.4580 -0.5566 -0.6931
vn 0.5674 -0.4525 -0.6880
vn 0.6474 -0.3197 -0.6918
vn 0.6841 -0.2090 -0.6988
vn 0.3828 -0.6116 0.6924
vn 0.4670 -0.5643 0.6808
vn 0.5762 -0.4591 0.6762
vn 0.3794 -0.6003 -0.7041
vn 0.3854 -0.6099 0.6925
vn 0.4702 -0.5618 0.6806
vn 0.4629 -0.5531 -0.6927
vn 0.5676 -0.4502 -0.6893
vn 0.5766 -0.4572 0.6771
vn 0.6570 -0.3266 0.6795
vn 0.6470 -0.3217 -0.6914
vn 0.6844 -0.2092 -0.6985
vn 0.6951 -0.2124 0.6868
vn 0.3797 -0.6006 -0.7036
vn 0.4647 -0.5518 -0.6925
vn 0.5675 -0.4494 -0.6899
vn 0.6467 -0.3226 -0.6912
vn 0.6850 -0.2085 -0.6981
vn 0.3874 -0.6090 0.6921
vn 0.4737 -0.5603 0.6795
vn 0.5768 -0.4559 0.6778
vn 0.6568 -0.3288 0.6786
vn 0.6968 -0.2111 0.6855
vn 0.3143 -0.3953 0.8631
vn 0.1430 -0.1900 0.9713
vn 0.1312 -0.2048 0.9700
vn 0.2814 -0.4316 0.8570
vn -0.7857 -0.3894 0.4806
vn -0.7698 -0.3056 0.5604
vn -0.0428 -0.2166 0.9753
vn -0.0445 -0.4218 0.9056
vn 0.4408 -0.2127 0.8721
vn 0.1919 -0.0960 0.9767
vn 0.1713 -0.1429 0.9748
vn 0.3882 -0.3117 0.8673
vn 0.4661 -0.1282 0.8754
vn 0.1941 -0.0623 0.9790
vn 0.7224 0.0650 0.6884
vn 0.8474 -0.1314 0.5145
vn 0.6916 -0.1464 0.7073
vn 0.5749 0.0491 0.8168
vn -0.7318 -0.2749 0.6237
vn -0.6232 -0.3894 0.6782
vn 0.0955 -0.6226 0.7767
vn 0.2306 -0.6777 0.6983
vn 0.0478 -0.7409 0.6699
vn 0.2269 -0.7951 0.5625
vn 0.8589 -0.4127 0.3031
vn 0.7329 -0.5992 0.3221
vn 0.4909 -0.7878 0.3720
vn 0.7897 -0.2099 0.5765
vn 0.5834 -0.6764 0.4495
vn -0.6201 -0.7047 0.3447
vn -0.7422 -0.5720 0.3491
vn 0.4361 -0.7140 0.5478
vn 0.6408 -0.5129 0.5712
vn 0.5139 -0.6433 0.5675
vn 0.7379 -0.3548 0.5741
vn -0.0284 -0.8543 0.5190
vn 0.8270 -0.3642 0.4284
vn 0.7183 -0.4567 0.5248
vn 0.4403 -0.7436 0.5032
vn 0.6728 -0.1787 0.7179
vn 0.4284 -0.6764 0.5991
vn -0.6050 -0.5911 0.5335
vn -0.7584 -0.4809 0.4400
vn 0.3979 -0.6227 0.6738
vn 0.5500 -0.4389 0.7106
vn 0.4463 -0.5556 0.7015
vn 0.6318 -0.3029 0.7135
vn -0.0392 -0.7027 0.7104
vn 0.2661 -0.6611 -0.7016
vn 0.0356 -0.6966 -0.7166
vn 0.4663 -0.7974 -0.3830
vn 0.2390 -0.7917 -0.5623
vn 0.0595 -0.7301 -0.6807
vn 0.0119 -0.7035 -0.7106
vn 0.0359 -0.7290 -0.6836
vn 0.7016 -0.4675 -0.5378
vn 0.8605 -0.3325 -0.3860
vn -0.7656 -0.5043 -0.3994
vn -0.5643 -0.6136 -0.5524
vn 0.0536 -0.6750 -0.7359
vn -0.7232 -0.3780 -0.5780
vn -0.6424 -0.3527 -0.6804
vn 0.0614 -0.3019 -0.9514
vn 0.6650 -0.1115 -0.7385
vn 0.7193 -0.0725 -0.6909
vn -0.6821 -0.2720 -0.6788
vn -0.6756 -0.2420 -0.6964
vn 0.0665 -0.1165 -0.9910
vn 0.5880 0.1016 -0.8024
vn 0.6100 0.0832 -0.7880
vn -0.6479 -0.2346 -0.7247
vn -0.6440 -0.2107 -0.7355
vn 0.0733 -0.0725 -0.9947
vn 0.5772 0.1280 -0.8065
vn 0.6405 0.0989 -0.7616
vn 0.5594 -0.4526 -0.6944
vn 0.6629 -0.3354 -0.6694
vn 0.7401 -0.2208 -0.6352
vn 0.4099 -0.6359 -0.6539
vn 0.4681 -0.5560 -0.6868
vn 0.2106 -0.3405 -0.9164
vn 0.2585 -0.3024 -0.9175
vn 0.4235 -0.1322 -0.8962
vn 0.3209 -0.2554 -0.9120
vn 0.3763 -0.1935 -0.9060
vn 0.0681 -0.1342 -0.9886
vn 0.0767 -0.1378 -0.9875
vn 0.1072 -0.1300 -0.9857
vn 0.1101 -0.1299 -0.9854
vn 0.1395 -0.1138 -0.9837
vn 0.1333 -0.1078 -0.9852
vn 0.1628 -0.0837 -0.9831
vn 0.1586 -0.0788 -0.9842
vn 0.1648 -0.0569 -0.9847
vn 0.1803 -0.0570 -0.9820
vn 0.7692 -0.6391 -0.0000
vn 0.7533 -0.6255 -0.2031
vn 0.8713 -0.4443 -0.2086
vn 0.8899 -0.4562 -0.0000
vn 0.6082 -0.7937 -0.0000
vn 0.5953 -0.7773 -0.2035
vn 0.9852 -0.1712 0.0054
vn 0.9643 -0.2648 0.0027
vn 0.9439 -0.2513 -0.2144
vn 0.9869 -0.1612 -0.0008
vn -0.0000 -0.9791 -0.2035
vn 0.2119 -0.9562 -0.2020
vn 0.1890 -0.9820 0.0030
vn 0.8777 0.0910 -0.4705
vn 0.4077 -0.9131 -0.0000
vn 0.3991 -0.8938 -0.2044
vn 0.2596 -0.9657 -0.0000
vn 0.2917 -0.9345 -0.2041
vn 0.1689 -0.9856 0.0034
vn 0.1240 -0.9923 -0.0000
vn 0.6270 -0.3191 -0.7107
vn 0.6767 -0.1854 -0.7125
vn 0.5755 0.5840 -0.5724
vn -0.0000 -0.7195 -0.6945
vn 0.1510 -0.6998 -0.6982
vn 0.2090 -0.6746 -0.7079
vn 0.2927 -0.6555 -0.6962
vn 0.4344 -0.5627 -0.7033
vn 0.5423 -0.4515 -0.7086
vn 0.1856 0.6437 -0.7424
vn 0.3152 0.2796 -0.9069
vn -0.0000 -0.2361 -0.9717
vn 0.0487 -0.2272 -0.9726
vn 0.0659 -0.2126 -0.9749
vn 0.0957 -0.2143 -0.9721
vn 0.1420 -0.1779 -0.9737
vn 0.1577 -0.1303 -0.9789
vn 0.1991 -0.1029 -0.9746
vn 0.2029 -0.0631 -0.9772
vn -0.0000 -0.0195 -0.9998
vn 0.0046 -0.0173 -0.9998
vn 0.0063 -0.0176 -0.9998
vn 0.0076 -0.0174 -0.9998
vn 0.0128 -0.0144 -0.9998
vn 0.0148 -0.0118 -0.9998
vn 0.0173 -0.0086 -0.9998
vn 0.0174 -0.0136 -0.9998
vn 0.9838 -0.1792 -0.0000
vn 0.9922 -0.1238 0.0128
vn 0.6605 -0.1470 -0.7363
vn 0.9645 -0.2641 -0.0000
vn 0.6170 -0.2968 -0.7289
vn 0.9011 -0.4336 -0.0000
vn 0.7806 -0.6251 -0.0000
vn 0.5266 -0.4217 -0.7381
vn 0.4277 -0.5361 -0.7278
vn 0.6237 -0.7817 -0.0000
vn 0.3636 -0.5966 -0.7154
vn 0.5205 -0.8539 -0.0000
vn 0.2024 -0.6216 -0.7567
vn 0.1009 -0.6635 -0.7413
vn 0.1463 -0.9891 -0.0168
vn 0.3718 -0.9283 -0.0119
vn 0.1745 -0.9846 0.0018
vn 0.4889 -0.8723 -0.0000
vn 0.6703 -0.1465 -0.7274
vn 0.6103 -0.2941 -0.7355
vn 0.5353 -0.4298 -0.7271
vn 0.4229 -0.5312 -0.7341
vn 0.1859 -0.6602 -0.7277
vn 0.0914 -0.6866 -0.7213
vn 0.3270 -0.5964 -0.7331
vn 0.7634 -0.1641 0.6248
vn 0.6085 -0.4861 0.6273
vn 0.4807 -0.6012 0.6383
vn 0.2151 -0.7529 0.6219
vn 0.1027 -0.7721 0.6271
vn 0.3693 -0.6711 0.6428
vn 0.6812 -0.0578 0.7298
vn 0.6599 -0.1469 0.7369
vn 0.6966 -0.3346 0.6347
vn 0.6169 -0.2968 0.7289
vn 0.5266 -0.4217 0.7381
vn 0.7337 -0.0609 0.6768
vn 0.7159 -0.1593 0.6798
vn 0.4277 -0.5361 0.7278
vn 0.1898 -0.6410 0.7437
vn 0.0894 -0.6721 0.7350
vn 0.3394 -0.6015 0.7232
vn 0.6552 -0.3152 0.6866
vn 0.6614 -0.1554 0.7338
vn 0.5734 -0.4592 0.6785
vn 0.4529 -0.5676 0.6876
vn 0.2097 -0.7085 0.6738
vn 0.0972 -0.7310 0.6754
vn 0.3549 -0.6290 0.6917
vn 0.9722 -0.2341 -0.0000
vn 0.1690 -0.6432 0.7468
vn 0.0609 -0.6847 0.7262
vn 0.3327 -0.6026 0.7254
vn 0.7805 -0.6251 -0.0000
vn 0.6236 -0.7817 -0.0000
vn 0.2541 -0.9672 -0.0000
vn 0.0886 -0.9961 -0.0000
vn 0.4834 -0.8754 -0.0000
vn -0.5745 0.8092 0.1234
vn -0.9458 0.2498 0.2075
vn -0.6674 0.1762 0.7236
vn -0.5295 0.6167 0.5825
vn -0.6096 0.2932 -0.7365
vn -0.8605 0.4183 -0.2908
vn -0.9294 0.2645 -0.2572
vn -0.6589 0.1841 -0.7294
vn -0.4228 0.5299 -0.7351
vn -0.6023 0.7450 -0.2868
vn -0.7426 0.5942 -0.3089
vn -0.5238 0.4196 -0.7413
vn -0.6921 0.3794 -0.6140
vn -0.9070 0.4052 -0.1149
vn -0.5246 0.8124 -0.2546
vn -0.3767 0.5895 -0.7145
vn 0.7636 0.6224 -0.1719
vn 0.7069 0.7072 -0.0156
vn 0.7068 0.7073 -0.0120
vn 0.6405 0.7678 -0.0108
vn 0.6012 0.7903 0.1187
vn 0.7663 0.6289 0.1312
vn 0.6481 0.7614 -0.0154
vn 0.6027 0.7740 -0.1942
vn -0.7159 0.6742 -0.1816
vn -0.7605 0.6492 -0.0131
vn -0.7669 0.6417 -0.0090
vn -0.9537 0.2391 0.1826
vn -0.7363 0.6674 0.1117
vn -0.9536 0.2371 -0.1857
vn 0.7067 0.7075 -0.0121
vn 0.6435 0.7653 -0.0125
vn -0.6691 0.1816 0.7206
vn -0.6950 0.2123 0.6870
vn -0.8954 0.3737 0.2421
vn -0.5231 0.6210 0.5837
vn -0.8879 0.4485 0.1022
vn -0.6807 0.4142 0.6042
vn -0.3581 0.6037 0.7123
vn -0.5011 0.8411 0.2035
vn -0.6101 0.7646 0.2077
vn -0.4313 0.5406 0.7223
vn -0.5314 0.4256 0.7325
vn -0.7636 0.6115 0.2074
vn -0.8815 0.4241 0.2078
vn -0.6222 0.2994 0.7234
vn 0.7068 0.7073 -0.0122
vn 0.6458 0.7634 -0.0126
vn -0.7655 0.6433 -0.0105
vn -0.6815 0.4124 0.6046
vn -0.9537 0.2392 0.1826
vn -0.3746 0.6188 0.6905
vn -0.3597 0.6036 0.7116
vn -0.6211 0.2988 0.7245
vn -0.6577 0.3247 0.6797
vn -0.4306 0.5397 0.7234
vn -0.4654 0.5657 0.6807
vn -0.5765 0.4598 0.6755
vn -0.5324 0.4264 0.7313
vn -0.6896 0.4004 0.6034
vn -0.9547 0.2360 0.1812
vn -0.3815 0.6158 0.6893
vn -0.3719 0.5998 0.7085
vn 0.7065 0.7076 -0.0121
vn 0.6484 0.7612 -0.0125
vn -0.9562 0.2338 0.1762
vn -0.6900 0.3910 0.6091
vn -0.6898 0.3830 -0.6145
vn -0.9532 0.2379 -0.1865
vn -0.7634 0.6459 -0.0107
vn -0.6812 0.4035 -0.6108
vn -0.3534 0.5931 -0.7234
vn -0.4238 0.5312 -0.7336
vn -0.4312 0.5405 0.7224
vn -0.5316 0.4257 0.7322
vn -0.5220 0.4180 -0.7435
vn -0.6113 0.2941 -0.7347
vn -0.6220 0.2993 0.7235
vn -0.6677 0.1770 0.7231
vn -0.6558 0.1738 -0.7347
vn 0.7067 0.7074 -0.0120
vn 0.6506 0.7593 -0.0123
vn -0.7615 0.6481 -0.0106
vn 0.7065 0.7076 -0.0120
vn 0.6510 0.7590 -0.0123
vn -0.6890 0.3937 0.6085
vn -0.6887 0.3857 -0.6140
vn -0.9534 0.2376 -0.1862
vn -0.9556 0.2350 0.1778
vn -0.7593 0.6506 -0.0106
vn -0.5167 0.6199 -0.5906
vn -0.8904 0.3673 -0.2687
vn -0.6829 0.2103 -0.6996
vn -0.6563 0.1755 -0.7338
vn -0.6821 0.4016 -0.6111
vn -0.6823 0.4104 0.6050
vn -0.3614 0.6033 0.7109
vn -0.3552 0.5930 -0.7226
vn -0.4238 0.5311 -0.7337
vn -0.4311 0.5403 0.7226
vn -0.5317 0.4258 0.7321
vn -0.5222 0.4182 -0.7433
vn -0.6112 0.2941 -0.7348
vn -0.6218 0.2992 0.7238
vn -0.6679 0.1778 0.7227
vn -0.6561 0.1746 -0.7342
vn 0.7066 0.7075 -0.0121
vn 0.6482 0.7613 -0.0124
vn -0.7592 0.6507 -0.0105
vn -0.6110 0.2940 -0.7350
vn -0.6487 0.3161 -0.6923
vn -0.5686 0.4537 -0.6862
vn -0.5223 0.4183 -0.7431
vn -0.4236 0.5310 -0.7339
vn -0.4546 0.5587 -0.6937
vn -0.3704 0.6074 -0.7027
vn -0.3569 0.5927 -0.7220
vn -0.5106 0.6241 -0.5914
vn -0.8910 0.3648 -0.2702
vn -0.6847 0.2087 -0.6983
vn -0.6575 0.1809 -0.7314
vn -0.9514 0.2416 -0.1910
vn -0.6829 0.3995 -0.6115
vn 0.7064 0.7077 -0.0121
vn 0.6459 0.7633 -0.0124
vn -0.9558 0.2346 0.1774
vn -0.6880 0.3974 0.6073
vn -0.6876 0.3874 -0.6141
vn -0.9530 0.2383 -0.1871
vn -0.7612 0.6484 -0.0106
vn -0.6832 0.4084 0.6054
vn -0.3633 0.6031 0.7101
vn -0.4310 0.5402 0.7228
vn -0.5319 0.4260 0.7319
vn -0.6217 0.2991 0.7239
vn -0.6683 0.1787 0.7221
vn 0.7066 0.7076 -0.0120
vn 0.6411 0.7674 -0.0124
vn -0.7637 0.6455 -0.0105
vn -0.6096 0.2934 -0.7364
vn -0.6473 0.3207 -0.6915
vn -0.5673 0.4519 -0.6884
vn -0.5225 0.4187 -0.7427
vn -0.4225 0.5296 -0.7356
vn -0.4597 0.5554 -0.6930
vn -0.3768 0.6017 -0.7043
vn -0.3667 0.5906 -0.7188
vn 0.7064 0.7077 -0.0120
vn 0.6437 0.7652 -0.0132
vn -0.6903 0.3893 -0.6099
vn -0.9522 0.2389 -0.1902
vn -0.9555 0.2353 0.1781
vn -0.6869 0.3992 0.6072
vn -0.7673 0.6411 -0.0103
vn -0.6838 0.3974 -0.6119
vn -0.6841 0.4062 0.6058
vn -0.3652 0.6028 0.7094
vn -0.3588 0.5925 -0.7212
vn -0.4235 0.5308 -0.7341
vn -0.4309 0.5400 0.7230
vn -0.5320 0.4261 0.7317
vn -0.5225 0.4185 -0.7429
vn -0.6108 0.2939 -0.7352
vn -0.6215 0.2990 0.7241
vn -0.6685 0.1796 0.7217
vn -0.6566 0.1764 -0.7333
vn 0.6541 0.7563 -0.0132
vn -0.7650 0.6439 -0.0111
vn 0.7063 0.7078 -0.0122
vn 0.6564 0.7544 -0.0122
vn -0.6856 0.3930 -0.6127
vn -0.9522 0.2399 -0.1890
vn -0.7567 0.6536 -0.0114
vn -0.6847 0.3953 -0.6123
vn -0.6850 0.4040 0.6063
vn -0.3671 0.6026 0.7086
vn -0.3608 0.5923 -0.7204
vn -0.4234 0.5307 -0.7342
vn -0.4308 0.5399 0.7232
vn -0.5322 0.4263 0.7315
vn -0.5226 0.4186 -0.7427
vn -0.6106 0.2938 -0.7354
vn -0.6213 0.2989 0.7243
vn -0.6688 0.1806 0.7212
vn -0.6569 0.1773 -0.7328
vn 0.7064 0.7077 -0.0119
vn 0.6506 0.7594 -0.0120
vn -0.7548 0.6559 -0.0106
vn -0.6942 0.2129 0.6876
vn -0.8952 0.3747 0.2414
vn -0.5254 0.6195 0.5833
vn -0.6582 0.3228 0.6802
vn 0.7064 0.7078 -0.0119
vn 0.6468 0.7626 -0.0120
vn -0.9509 0.2426 -0.1923
vn -0.9548 0.2367 0.1797
vn -0.7593 0.6506 -0.0103
vn -0.4643 0.5661 0.6812
vn -0.5771 0.4600 0.6748
vn -0.3628 0.5920 -0.7197
vn -0.4233 0.5305 -0.7344
vn -0.5228 0.4187 -0.7425
vn -0.6105 0.2937 -0.7356
vn -0.6572 0.1783 -0.7323
vn 0.7064 0.7078 -0.0120
vn 0.6415 0.7670 -0.0121
vn -0.7629 0.6464 -0.0101
vn -0.6699 0.1857 0.7189
vn -0.6957 0.2116 0.6864
vn -0.8957 0.3726 0.2427
vn -0.5186 0.6240 0.5845
vn -0.9535 0.2396 0.1831
vn -0.3758 0.6188 0.6898
vn -0.6204 0.2985 0.7253
vn -0.6566 0.3275 0.6794
vn -0.4301 0.5391 0.7242
vn -0.4720 0.5605 0.6805
vn -0.5765 0.4564 0.6778
vn -0.5327 0.4268 0.7308
vn 0.7065 0.7076 -0.0130
vn 0.6401 0.7682 -0.0125
vn -0.9515 0.2414 -0.1908
vn -0.7669 0.6417 -0.0102
vn -0.3857 0.6102 0.6920
vn -0.3759 0.6010 0.7054
vn -0.3714 0.6019 0.7069
vn -0.3677 0.5892 -0.7195
vn -0.4231 0.5303 -0.7346
vn -0.4305 0.5396 0.7235
vn -0.5325 0.4266 0.7311
vn -0.5229 0.4189 -0.7424
vn -0.6102 0.2936 -0.7359
vn -0.6209 0.2987 0.7247
vn -0.6693 0.1826 0.7202
vn -0.6574 0.1793 -0.7319
vn 0.7059 0.7082 -0.0129
vn 0.6402 0.7681 -0.0123
vn -0.7684 0.6399 -0.0104
vn -0.5187 0.6185 -0.5903
vn -0.8902 0.3682 -0.2682
vn -0.6822 0.2108 -0.7001
vn 0.7061 0.7080 -0.0116
vn 0.6416 0.7670 -0.0127
vn -0.9541 0.2382 0.1815
vn -0.7682 0.6402 -0.0102
vn -0.6492 0.3143 -0.6926
vn -0.5688 0.4551 -0.6851
vn -0.3741 0.6023 0.7052
vn -0.5332 0.4270 0.7303
vn -0.6211 0.2987 0.7246
vn -0.6700 0.1842 0.7191
vn 0.7063 0.7078 -0.0115
vn 0.6441 0.7648 -0.0126
vn -0.7669 0.6417 -0.0106
vn -0.4514 0.5608 -0.6940
vn -0.3681 0.6087 -0.7028
vn -0.5134 0.6221 -0.5911
vn -0.8907 0.3658 -0.2698
vn -0.6838 0.2093 -0.6990
vn -0.9511 0.2422 -0.1918
vn -0.6477 0.3187 -0.6920
vn -0.5677 0.4526 -0.6877
vn 0.6456 0.7635 -0.0121
vn -0.9510 0.2423 -0.1919
vn -0.9539 0.2385 0.1819
vn -0.7651 0.6438 -0.0106
vn -0.3697 0.5912 -0.7168
vn -0.4230 0.5302 -0.7348
vn -0.5235 0.4193 -0.7418
vn -0.6100 0.2934 -0.7361
vn -0.6582 0.1823 -0.7304
vn 0.6461 0.7632 -0.0127
vn -0.7637 0.6455 -0.0103
vn -0.4575 0.5566 -0.6935
vn -0.3740 0.6042 -0.7036
vn -0.5068 0.6265 -0.5922
vn -0.8911 0.3637 -0.2716
vn -0.6851 0.2076 -0.6982
vn -0.6459 0.3234 -0.6916
vn -0.5670 0.4482 -0.6911
vn -0.7629 0.6464 -0.0108
vn -0.4656 0.5508 -0.6926
vn -0.3809 0.5985 -0.7048
vn -0.3783 0.6006 0.7044
vn -0.3721 0.5907 -0.7159
vn -0.4229 0.5300 -0.7350
vn -0.4300 0.5389 0.7244
vn -0.5329 0.4269 0.7306
vn -0.5236 0.4194 -0.7416
vn -0.6098 0.2933 -0.7363
vn -0.6202 0.2984 0.7255
vn -0.6702 0.1865 0.7184
vn -0.6585 0.1832 -0.7299
vn -0.5552 0.8203 -0.1371
vn -0.5285 0.6173 0.5827
vn -0.8948 0.3761 0.2403
vn -0.5176 0.6247 0.5847
vn -0.5078 0.6258 -0.5921
vn -0.5089 0.6251 -0.5919
vn -0.5201 0.6228 0.5845
vn -0.8955 0.3734 0.2421
vn -0.6935 0.2135 0.6881
vn -0.8949 0.3756 0.2408
vn -0.5275 0.6180 0.5829
vn -0.5219 0.6218 0.5840
vn -0.5121 0.6229 -0.5914
vn -0.5243 0.6202 0.5835
vn -0.8953 0.3742 0.2416
vn -0.8906 0.3664 -0.2693
vn -0.5145 0.6214 -0.5909
vn -0.6587 0.3210 0.6805
vn -0.8903 0.3678 -0.2685
vn -0.5177 0.6192 -0.5904
vn -0.4619 0.5676 0.6815
vn -0.5776 0.4608 0.6739
vn -0.5156 0.6206 -0.5908
vn -0.9671 -0.0000 -0.2546
vn -0.7294 0.6566 -0.1920
vn -0.5574 0.6680 -0.4930
vn -0.7585 -0.0000 -0.6516
vn -0.5265 0.6187 0.5831
vn -0.6952 0.2118 0.6869
vn -0.8955 0.3732 0.2425
vn -0.8909 0.3650 -0.2704
vn -0.3763 0.6174 0.6908
vn -0.6572 0.3256 0.6797
vn -0.9730 -0.0000 0.2308
vn -0.7342 0.6560 0.1750
vn -0.8947 0.3765 0.2402
vn -0.9999 -0.0000 -0.0165
vn -0.8905 0.3668 -0.2691
vn -0.8909 0.3653 -0.2700
vn -0.8961 0.3718 0.2423
vn -0.8911 0.3642 -0.2709
vn -0.8951 0.3752 0.2409
vn -0.3740 0.6188 0.6908
vn -0.4587 0.5699 0.6817
vn -0.5777 0.4623 0.6727
vn -0.6593 0.3192 0.6807
vn -0.6929 0.2140 0.6885
vn -0.3686 0.6086 -0.7027
vn -0.4604 0.5689 0.6815
vn -0.4530 0.5597 -0.6939
vn -0.5687 0.4542 -0.6858
vn -0.5778 0.4615 0.6732
vn -0.6591 0.3201 0.6805
vn -0.6489 0.3151 -0.6926
vn -0.6825 0.2105 -0.6999
vn -0.6933 0.2138 0.6882
vn -0.3713 0.6067 -0.7028
vn -0.3774 0.6168 0.6907
vn -0.4634 0.5667 0.6812
vn -0.4559 0.5576 -0.6937
vn -0.5684 0.4530 -0.6868
vn -0.5775 0.4603 0.6743
vn -0.6585 0.3219 0.6802
vn -0.6483 0.3169 -0.6922
vn -0.6831 0.2099 -0.6995
vn -0.6939 0.2132 0.6878
vn -0.3698 0.6088 -0.7018
vn -0.4569 0.5571 -0.6935
vn -0.5682 0.4528 -0.6871
vn -0.6481 0.3179 -0.6920
vn -0.6835 0.2097 -0.6991
vn -0.3801 0.6143 0.6915
vn -0.4650 0.5657 0.6809
vn -0.5769 0.4599 0.6751
vn -0.6580 0.3238 0.6799
vn -0.6946 0.2126 0.6872
vn -0.3755 0.6059 -0.7014
vn -0.4580 0.5566 -0.6931
vn -0.5674 0.4525 -0.6880
vn -0.6474 0.3197 -0.6918
vn -0.6841 0.2090 -0.6988
vn -0.3828 0.6116 0.6924
vn -0.4670 0.5643 0.6808
vn -0.5763 0.4591 0.6762
vn -0.3794 0.6003 -0.7041
vn -0.3854 0.6099 0.6925
vn -0.4702 0.5618 0.6806
vn -0.4629 0.5531 -0.6927
vn -0.5676 0.4502 -0.6893
vn -0.5766 0.4572 0.6771
vn -0.6570 0.3266 0.6795
vn -0.6470 0.3217 -0.6914
vn -0.6844 0.2092 -0.6985
vn -0.6951 0.2124 0.6868
vn -0.3797 0.6006 -0.7036
vn -0.4647 0.5518 -0.6925
vn -0.5675 0.4494 -0.6899
vn -0.6467 0.3226 -0.6912
vn -0.6850 0.2085 -0.6981
vn -0.3875 0.6090 0.6921
vn -0.4737 0.5603 0.6795
vn -0.5768 0.4559 0.6778
vn -0.6568 0.3288 0.6786
vn -0.6968 0.2111 0.6855
vn -0.9999 -0.0000 -0.0166
vn -0.9999 -0.0000 -0.0167
vn -0.9999 -0.0000 -0.0164
vn -0.9998 -0.0000 -0.0175
vn -0.9999 -0.0000 -0.0162
vn -0.3143 0.3953 0.8631
vn -0.1430 0.1900 0.9713
vn -0.1312 0.2048 0.9700
vn -0.2814 0.4316 0.8570
vn 0.7857 0.3895 0.4806
vn 0.7698 0.3056 0.5604
vn -0.4408 0.2127 0.8721
vn -0.1919 0.0960 0.9767
vn -0.1713 0.1429 0.9748
vn -0.3882 0.3117 0.8673
vn -0.4661 0.1282 0.8754
vn -0.1941 0.0623 0.9790
vn -0.7224 -0.0650 0.6884
vn -0.8474 0.1314 0.5145
vn -0.6916 0.1464 0.7073
vn -0.5749 -0.0491 0.8168
vn 0.7318 0.2749 0.6237
vn 0.6232 0.3894 0.6782
vn -0.3674 -0.0000 0.9301
vn -0.2120 -0.0000 0.9773
vn -0.0955 0.6226 0.7767
vn -0.2306 0.6777 0.6983
vn -0.0478 0.7409 0.6699
vn -0.2269 0.7951 0.5624
vn -0.8589 0.4127 0.3031
vn -0.7329 0.5992 0.3221
vn -0.4909 0.7878 0.3720
vn -0.7897 0.2099 0.5765
vn -0.5834 0.6764 0.4495
vn 0.6201 0.7047 0.3447
vn 0.7422 0.5720 0.3491
vn -0.8021 -0.0000 0.5972
vn -0.4361 0.7140 0.5478
vn -0.6408 0.5129 0.5712
vn -0.5139 0.6433 0.5675
vn -0.7379 0.3548 0.5741
vn -0.8270 0.3642 0.4284
vn -0.7183 0.4567 0.5248
vn -0.4403 0.7436 0.5032
vn -0.6728 0.1787 0.7179
vn -0.4284 0.6764 0.5991
vn 0.6050 0.5911 0.5335
vn 0.7584 0.4809 0.4400
vn -0.6098 -0.0000 0.7926
vn -0.3979 0.6227 0.6738
vn -0.5500 0.4389 0.7106
vn -0.4463 0.5556 0.7015
vn -0.6318 0.3029 0.7135
vn -0.2661 0.6611 -0.7016
vn -0.0356 0.6966 -0.7166
vn -0.1465 -0.0000 -0.9892
vn -0.4016 -0.0000 -0.9158
vn -0.4663 0.7974 -0.3830
vn -0.2390 0.7917 -0.5623
vn -0.0595 0.7301 -0.6807
vn -0.0119 0.7035 -0.7106
vn -0.1197 -0.0000 -0.9928
vn -0.0359 0.7290 -0.6836
vn -0.7016 0.4675 -0.5378
vn -0.8605 0.3325 -0.3860
vn 0.7656 0.5043 -0.3994
vn 0.5643 0.6136 -0.5524
vn 0.7232 0.3780 -0.5780
vn 0.6424 0.3527 -0.6804
vn -0.6650 0.1115 -0.7385
vn -0.7193 0.0725 -0.6909
vn 0.6821 0.2720 -0.6788
vn 0.6756 0.2420 -0.6964
vn -0.5880 -0.1016 -0.8024
vn -0.6100 -0.0832 -0.7880
vn 0.6479 0.2346 -0.7247
vn 0.6440 0.2107 -0.7355
vn -0.5772 -0.1280 -0.8065
vn -0.6405 -0.0989 -0.7616
vn -0.5594 0.4526 -0.6944
vn -0.6629 0.3354 -0.6694
vn -0.7401 0.2208 -0.6352
vn -0.4099 0.6359 -0.6539
vn -0.4681 0.5560 -0.6868
vn -0.2106 0.3405 -0.9164
vn -0.2585 0.3024 -0.9175
vn -0.4235 0.1322 -0.8962
vn -0.3209 0.2554 -0.9120
vn -0.3763 0.1935 -0.9060
vn -0.0681 0.1342 -0.9886
vn -0.0767 0.1378 -0.9875
vn -0.1072 0.1300 -0.9857
vn -0.1101 0.1299 -0.9854
vn -0.1395 0.1138 -0.9837
vn -0.1333 0.1078 -0.9852
vn -0.1628 0.0837 -0.9831
vn -0.1586 0.0788 -0.9842
vn -0.1648 0.0569 -0.9847
vn -0.1803 0.0570 -0.9820
vn -0.7692 0.6391 -0.0000
vn -0.7533 0.6255 -0.2031
vn -0.8713 0.4443 -0.2086
vn -0.8899 0.4562 -0.0000
vn -0.6082 0.7937 -0.0000
vn -0.5953 0.7773 -0.2035
vn -0.9852 0.1712 0.0054
vn -0.9643 0.2648 0.0027
vn -0.9439 0.2513 -0.2145
vn -0.9869 0.1612 -0.0008
vn -0.2119 0.9562 -0.2020
vn -0.1890 0.9820 0.0030
vn -0.8777 -0.0909 -0.4705
vn -0.4077 0.9131 -0.0000
vn -0.3991 0.8938 -0.2044
vn -0.2596 0.9657 -0.0000
vn -0.2917 0.9345 -0.2041
vn -0.7372 -0.0000 -0.6756
vn -1.0000 -0.0000 -0.0067
vn -0.1689 0.9856 0.0034
vn -0.1240 0.9923 -0.0000
vn -0.6270 0.3191 -0.7107
vn -0.6767 0.1854 -0.7125
vn -0.5755 -0.5840 -0.5724
vn -0.1510 0.6998 -0.6982
vn -0.2090 0.6747 -0.7079
vn -0.2927 0.6555 -0.6962
vn -0.4344 0.5627 -0.7033
vn -0.5423 0.4515 -0.7086
vn -0.1856 -0.6437 -0.7424
vn -0.3152 -0.2796 -0.9069
vn -0.0487 0.2272 -0.9726
vn -0.0659 0.2126 -0.9749
vn -0.0957 0.2143 -0.9721
vn -0.1420 0.1779 -0.9737
vn -0.1577 0.1303 -0.9789
vn -0.1991 0.1029 -0.9746
vn -0.2029 0.0631 -0.9772
vn -0.0046 0.0173 -0.9998
vn -0.0063 0.0176 -0.9998
vn -0.0076 0.0174 -0.9998
vn -0.0128 0.0144 -0.9998
vn -0.0148 0.0118 -0.9998
vn -0.0173 0.0086 -0.9998
vn -0.0174 0.0136 -0.9998
vn -0.7069 -0.0000 -0.7073
vn -0.9838 0.1792 -0.0000
vn -0.9922 0.1238 0.0128
vn -0.6605 0.1470 -0.7363
vn -0.9645 0.2641 -0.0000
vn -0.6170 0.2968 -0.7289
vn -0.9011 0.4336 -0.0000
vn -0.7806 0.6251 -0.0000
vn -0.5266 0.4217 -0.7381
vn -0.4277 0.5361 -0.7278
vn -0.6237 0.7817 -0.0000
vn -0.3636 0.5966 -0.7154
vn -0.5205 0.8539 -0.0000
vn -0.2024 0.6216 -0.7567
vn -0.1463 0.9891 -0.0168
vn -0.3718 0.9283 -0.0119
vn -0.9995 -0.0000 0.0301
vn -0.7003 -0.0000 -0.7139
vn -0.1745 0.9846 0.0018
vn -0.4889 0.8723 -0.0000
vn -0.6703 0.1465 -0.7274
vn -0.6103 0.2941 -0.7355
vn -0.5353 0.4298 -0.7271
vn -0.4229 0.5312 -0.7341
vn -0.1859 0.6602 -0.7277
vn -0.3270 0.5964 -0.7331
vn -0.6727 -0.0000 -0.7399
vn -0.7671 -0.0000 0.6415
vn -0.7634 0.1641 0.6248
vn -0.6085 0.4860 0.6273
vn -0.4807 0.6012 0.6383
vn -0.2151 0.7529 0.6219
vn -0.3693 0.6711 0.6428
vn -0.6812 0.0578 0.7298
vn -0.6599 0.1469 0.7369
vn -0.6966 0.3346 0.6347
vn -0.6169 0.2968 0.7289
vn -0.5266 0.4217 0.7381
vn -0.7337 0.0609 0.6768
vn -0.7159 0.1593 0.6798
vn -0.4277 0.5361 0.7278
vn -0.1898 0.6410 0.7437
vn -0.3394 0.6015 0.7232
vn -0.6552 0.3152 0.6866
vn -0.6784 -0.0000 0.7347
vn -0.6614 0.1554 0.7338
vn -0.5734 0.4592 0.6785
vn -0.4529 0.5676 0.6876
vn -0.2097 0.7085 0.6738
vn -0.3549 0.6290 0.6917
vn -0.9722 0.2341 -0.0000
vn -0.1690 0.6432 0.7468
vn -0.3327 0.6026 0.7254
vn -0.7805 0.6251 -0.0000
vn -0.2541 0.9672 -0.0000
vn -0.4834 0.8754 -0.0000
vn -0.5745 -0.8092 0.1234
vn -0.5295 -0.6167 0.5825
vn -0.6674 -0.1762 0.7236
vn -0.9458 -0.2498 0.2075
vn -0.6096 -0.2932 -0.7365
vn -0.6589 -0.1841 -0.7294
vn -0.9294 -0.2645 -0.2572
vn -0.8605 -0.4183 -0.2908
vn -0.4228 -0.5299 -0.7351
vn -0.5239 -0.4196 -0.7413
vn -0.7426 -0.5942 -0.3089
vn -0.6023 -0.7450 -0.2868
vn -0.6921 -0.3794 -0.6140
vn -0.3767 -0.5895 -0.7145
vn -0.5246 -0.8124 -0.2546
vn -0.9070 -0.4052 -0.1149
vn 0.7069 -0.7072 -0.0156
vn 0.7636 -0.6224 -0.1719
vn -0.0231 -0.9592 -0.2818
vn 0.7068 -0.7073 -0.0120
vn 0.7663 -0.6289 0.1312
vn 0.6012 -0.7903 0.1187
vn 0.6405 -0.7678 -0.0108
vn 0.6481 -0.7614 -0.0154
vn -0.7605 -0.6492 -0.0131
vn -0.7159 -0.6742 -0.1816
vn 0.6027 -0.7740 -0.1942
vn -0.8879 -0.4485 0.1022
vn -0.9537 -0.2391 0.1826
vn -0.7669 -0.6417 -0.0090
vn -0.7363 -0.6674 0.1117
vn -0.9536 -0.2371 -0.1857
vn 0.7067 -0.7075 -0.0121
vn 0.6435 -0.7653 -0.0125
vn -0.6691 -0.1816 0.7206
vn -0.5231 -0.6210 0.5837
vn -0.8954 -0.3737 0.2421
vn -0.6950 -0.2123 0.6870
vn 0.0109 -0.9797 0.2001
vn -0.5011 -0.8411 0.2035
vn -0.3581 -0.6037 0.7123
vn -0.6807 -0.4142 0.6042
vn -0.6101 -0.7646 0.2077
vn -0.7636 -0.6115 0.2074
vn -0.5314 -0.4256 0.7325
vn -0.4313 -0.5406 0.7223
vn -0.8815 -0.4241 0.2078
vn -0.6222 -0.2994 0.7234
vn 0.7068 -0.7073 -0.0121
vn 0.6458 -0.7634 -0.0126
vn -0.7655 -0.6433 -0.0105
vn -0.6815 -0.4124 0.6046
vn -0.3597 -0.6036 0.7116
vn -0.3746 -0.6188 0.6905
vn -0.9537 -0.2392 0.1826
vn -0.6211 -0.2988 0.7245
vn -0.6577 -0.3247 0.6797
vn -0.4306 -0.5397 0.7234
vn -0.5324 -0.4264 0.7313
vn -0.5765 -0.4598 0.6755
vn -0.4654 -0.5657 0.6807
vn -0.6896 -0.4004 0.6034
vn -0.3719 -0.5998 0.7085
vn -0.3816 -0.6158 0.6893
vn -0.9547 -0.2360 0.1812
vn 0.7066 -0.7076 -0.0121
vn 0.6484 -0.7612 -0.0125
vn -0.9562 -0.2338 0.1762
vn -0.9532 -0.2379 -0.1865
vn -0.6898 -0.3830 -0.6145
vn -0.6900 -0.3910 0.6091
vn -0.7634 -0.6459 -0.0107
vn -0.6812 -0.4035 -0.6108
vn -0.3534 -0.5931 -0.7234
vn -0.4238 -0.5312 -0.7336
vn -0.5220 -0.4180 -0.7435
vn -0.5316 -0.4257 0.7322
vn -0.4312 -0.5405 0.7224
vn -0.6113 -0.2941 -0.7347
vn -0.6558 -0.1738 -0.7347
vn -0.6677 -0.1770 0.7231
vn -0.6220 -0.2993 0.7235
vn 0.7067 -0.7074 -0.0120
vn 0.6506 -0.7593 -0.0123
vn -0.7615 -0.6481 -0.0106
vn 0.7065 -0.7076 -0.0120
vn 0.6510 -0.7590 -0.0123
vn -0.6890 -0.3937 0.6085
vn -0.9556 -0.2350 0.1778
vn -0.9534 -0.2376 -0.1862
vn -0.6887 -0.3857 -0.6140
vn -0.7593 -0.6506 -0.0106
vn -0.5167 -0.6199 -0.5906
vn -0.6563 -0.1755 -0.7338
vn -0.6829 -0.2103 -0.6996
vn -0.8904 -0.3673 -0.2687
vn -0.6821 -0.4016 -0.6111
vn -0.3552 -0.5930 -0.7226
vn -0.3614 -0.6033 0.7109
vn -0.6823 -0.4104 0.6050
vn -0.4238 -0.5311 -0.7337
vn -0.5222 -0.4182 -0.7433
vn -0.5317 -0.4258 0.7321
vn -0.4311 -0.5403 0.7226
vn -0.6112 -0.2941 -0.7348
vn -0.6561 -0.1746 -0.7342
vn -0.6679 -0.1778 0.7227
vn -0.6218 -0.2992 0.7238
vn 0.7066 -0.7075 -0.0121
vn 0.6482 -0.7613 -0.0124
vn -0.7592 -0.6507 -0.0105
vn -0.6110 -0.2940 -0.7350
vn -0.5223 -0.4183 -0.7431
vn -0.5686 -0.4537 -0.6862
vn -0.6487 -0.3161 -0.6923
vn -0.4236 -0.5310 -0.7339
vn -0.3569 -0.5927 -0.7220
vn -0.3704 -0.6074 -0.7027
vn -0.4546 -0.5587 -0.6937
vn -0.5106 -0.6241 -0.5914
vn -0.6575 -0.1809 -0.7314
vn -0.6847 -0.2087 -0.6983
vn -0.8910 -0.3648 -0.2702
vn -0.6829 -0.3996 -0.6115
vn -0.9514 -0.2416 -0.1910
vn 0.7064 -0.7077 -0.0121
vn 0.6459 -0.7633 -0.0124
vn -0.9558 -0.2346 0.1774
vn -0.9530 -0.2383 -0.1871
vn -0.6876 -0.3874 -0.6141
vn -0.6880 -0.3974 0.6073
vn -0.7612 -0.6484 -0.0106
vn -0.3633 -0.6031 0.7101
vn -0.6832 -0.4084 0.6054
vn -0.5319 -0.4260 0.7319
vn -0.4310 -0.5402 0.7228
vn -0.6683 -0.1787 0.7221
vn -0.6217 -0.2991 0.7239
vn 0.7066 -0.7076 -0.0120
vn 0.6410 -0.7674 -0.0124
vn -0.7637 -0.6455 -0.0105
vn -0.6096 -0.2934 -0.7364
vn -0.5225 -0.4187 -0.7427
vn -0.5673 -0.4519 -0.6884
vn -0.6473 -0.3207 -0.6915
vn -0.4225 -0.5296 -0.7356
vn -0.3667 -0.5906 -0.7188
vn -0.3768 -0.6017 -0.7043
vn -0.4597 -0.5554 -0.6930
vn 0.7064 -0.7077 -0.0120
vn 0.6437 -0.7652 -0.0132
vn -0.6903 -0.3893 -0.6099
vn -0.6869 -0.3992 0.6072
vn -0.9555 -0.2353 0.1781
vn -0.9522 -0.2389 -0.1902
vn -0.7674 -0.6411 -0.0104
vn -0.6838 -0.3974 -0.6119
vn -0.3588 -0.5925 -0.7212
vn -0.3651 -0.6028 0.7094
vn -0.6841 -0.4062 0.6058
vn -0.4235 -0.5308 -0.7341
vn -0.5225 -0.4185 -0.7429
vn -0.5320 -0.4261 0.7317
vn -0.4309 -0.5400 0.7230
vn -0.6108 -0.2939 -0.7352
vn -0.6566 -0.1764 -0.7333
vn -0.6685 -0.1796 0.7217
vn -0.6215 -0.2990 0.7241
vn 0.7065 -0.7076 -0.0121
vn 0.6541 -0.7563 -0.0132
vn -0.7650 -0.6439 -0.0111
vn 0.7063 -0.7078 -0.0122
vn 0.6564 -0.7544 -0.0122
vn -0.6856 -0.3930 -0.6127
vn -0.9522 -0.2399 -0.1890
vn -0.7567 -0.6536 -0.0114
vn -0.6847 -0.3953 -0.6123
vn -0.3608 -0.5923 -0.7204
vn -0.3671 -0.6026 0.7086
vn -0.6850 -0.4040 0.6063
vn -0.4234 -0.5307 -0.7342
vn -0.5226 -0.4186 -0.7427
vn -0.5322 -0.4263 0.7315
vn -0.4308 -0.5399 0.7232
vn -0.6106 -0.2938 -0.7354
vn -0.6569 -0.1773 -0.7328
vn -0.6688 -0.1806 0.7212
vn -0.6213 -0.2989 0.7243
vn 0.7064 -0.7077 -0.0119
vn 0.6506 -0.7594 -0.0120
vn -0.7548 -0.6559 -0.0106
vn -0.5254 -0.6195 0.5833
vn -0.8952 -0.3747 0.2414
vn -0.6942 -0.2129 0.6876
vn -0.6582 -0.3228 0.6802
vn 0.7063 -0.7078 -0.0119
vn 0.6468 -0.7626 -0.0120
vn -0.9548 -0.2367 0.1797
vn -0.9509 -0.2426 -0.1923
vn -0.7593 -0.6506 -0.0103
vn -0.5771 -0.4600 0.6748
vn -0.4642 -0.5661 0.6812
vn -0.3628 -0.5920 -0.7197
vn -0.4233 -0.5305 -0.7344
vn -0.5228 -0.4187 -0.7425
vn -0.6105 -0.2937 -0.7356
vn -0.6572 -0.1783 -0.7323
vn 0.7064 -0.7078 -0.0120
vn 0.6415 -0.7670 -0.0121
vn -0.7629 -0.6464 -0.0101
vn -0.6699 -0.1857 0.7189
vn -0.5186 -0.6240 0.5845
vn -0.8957 -0.3726 0.2427
vn -0.6957 -0.2116 0.6864
vn -0.3758 -0.6188 0.6898
vn -0.9535 -0.2396 0.1831
vn -0.6204 -0.2985 0.7253
vn -0.6566 -0.3275 0.6794
vn -0.4301 -0.5391 0.7242
vn -0.5327 -0.4268 0.7308
vn -0.5765 -0.4564 0.6778
vn -0.4720 -0.5605 0.6805
vn 0.7065 -0.7076 -0.0130
vn 0.6401 -0.7682 -0.0125
vn -0.9515 -0.2414 -0.1908
vn -0.7669 -0.6417 -0.0102
vn -0.3759 -0.6010 0.7054
vn -0.3857 -0.6102 0.6920
vn -0.3677 -0.5892 -0.7195
vn -0.3714 -0.6019 0.7069
vn -0.4231 -0.5303 -0.7346
vn -0.5229 -0.4189 -0.7423
vn -0.5325 -0.4266 0.7311
vn -0.4305 -0.5396 0.7235
vn -0.6102 -0.2936 -0.7359
vn -0.6574 -0.1793 -0.7319
vn -0.6693 -0.1826 0.7202
vn -0.6209 -0.2987 0.7247
vn 0.7059 -0.7082 -0.0129
vn 0.6402 -0.7681 -0.0123
vn -0.7684 -0.6399 -0.0104
vn -0.5187 -0.6185 -0.5903
vn -0.6822 -0.2108 -0.7001
vn -0.8902 -0.3682 -0.2682
vn 0.7061 -0.7080 -0.0116
vn 0.6416 -0.7670 -0.0127
vn -0.9541 -0.2382 0.1815
vn -0.7682 -0.6402 -0.0102
vn -0.5688 -0.4551 -0.6851
vn -0.6492 -0.3143 -0.6926
vn -0.3741 -0.6023 0.7052
vn -0.5332 -0.4270 0.7303
vn -0.6700 -0.1842 0.7191
vn -0.6211 -0.2987 0.7246
vn 0.7063 -0.7078 -0.0115
vn 0.6441 -0.7648 -0.0126
vn -0.7669 -0.6417 -0.0106
vn -0.3681 -0.6088 -0.7028
vn -0.4514 -0.5608 -0.6940
vn -0.5134 -0.6221 -0.5911
vn -0.6838 -0.2093 -0.6990
vn -0.8907 -0.3658 -0.2698
vn -0.9511 -0.2422 -0.1918
vn -0.5677 -0.4526 -0.6877
vn -0.6478 -0.3187 -0.6920
vn 0.6456 -0.7635 -0.0121
vn -0.9539 -0.2385 0.1819
vn -0.9510 -0.2423 -0.1919
vn -0.7651 -0.6438 -0.0106
vn -0.3697 -0.5912 -0.7168
vn -0.4230 -0.5302 -0.7348
vn -0.5234 -0.4193 -0.7418
vn -0.6100 -0.2934 -0.7361
vn -0.6582 -0.1823 -0.7304
vn 0.6461 -0.7632 -0.0127
vn -0.7637 -0.6455 -0.0103
vn -0.3740 -0.6042 -0.7036
vn -0.4576 -0.5566 -0.6935
vn -0.5068 -0.6265 -0.5922
vn -0.6851 -0.2076 -0.6982
vn -0.8911 -0.3637 -0.2716
vn -0.5670 -0.4482 -0.6911
vn -0.6459 -0.3234 -0.6916
vn -0.7629 -0.6464 -0.0108
vn -0.3809 -0.5985 -0.7048
vn -0.4656 -0.5508 -0.6926
vn -0.3721 -0.5907 -0.7159
vn -0.3783 -0.6006 0.7044
vn -0.4229 -0.5300 -0.7350
vn -0.5236 -0.4194 -0.7416
vn -0.5329 -0.4269 0.7306
vn -0.4300 -0.5389 0.7244
vn -0.6098 -0.2933 -0.7363
vn -0.6585 -0.1832 -0.7299
vn -0.6702 -0.1865 0.7184
vn -0.6202 -0.2984 0.7255
vn -0.5552 -0.8203 -0.1371
vn -0.5285 -0.6173 0.5827
vn -0.8948 -0.3761 0.2403
vn -0.5078 -0.6258 -0.5921
vn -0.5176 -0.6247 0.5847
vn -0.5089 -0.6251 -0.5919
vn -0.5201 -0.6228 0.5845
vn -0.8955 -0.3734 0.2421
vn -0.5275 -0.6180 0.5829
vn -0.8949 -0.3756 0.2408
vn -0.6935 -0.2135 0.6881
vn -0.5121 -0.6229 -0.5914
vn -0.5219 -0.6218 0.5840
vn -0.5243 -0.6202 0.5835
vn -0.5145 -0.6214 -0.5909
vn -0.8906 -0.3664 -0.2693
vn -0.8953 -0.3742 0.2416
vn -0.6587 -0.3210 0.6805
vn -0.5177 -0.6192 -0.5904
vn -0.8903 -0.3678 -0.2685
vn -0.5776 -0.4608 0.6739
vn -0.4619 -0.5676 0.6815
vn -0.5156 -0.6206 -0.5908
vn -0.5574 -0.6680 -0.4930
vn -0.7294 -0.6566 -0.1920
vn -0.5265 -0.6187 0.5831
vn -0.8955 -0.3732 0.2425
vn -0.6952 -0.2118 0.6869
vn -0.8909 -0.3650 -0.2704
vn -0.3763 -0.6174 0.6908
vn -0.6572 -0.3256 0.6797
vn -0.8947 -0.3765 0.2402
vn -0.7342 -0.6560 0.1750
vn -0.8905 -0.3668 -0.2691
vn -0.8909 -0.3653 -0.2700
vn -0.8911 -0.3642 -0.2709
vn -0.8961 -0.3718 0.2423
vn -0.8951 -0.3752 0.2409
vn -0.3740 -0.6188 0.6908
vn -0.4587 -0.5699 0.6817
vn -0.5777 -0.4623 0.6727
vn -0.6593 -0.3192 0.6807
vn -0.6929 -0.2140 0.6885
vn -0.3686 -0.6086 -0.7027
vn -0.4604 -0.5689 0.6815
vn -0.5778 -0.4615 0.6732
vn -0.5687 -0.4542 -0.6858
vn -0.4530 -0.5597 -0.6939
vn -0.6591 -0.3201 0.6805
vn -0.6933 -0.2138 0.6882
vn -0.6825 -0.2105 -0.6999
vn -0.6489 -0.3151 -0.6926
vn -0.3774 -0.6168 0.6907
vn -0.3713 -0.6067 -0.7028
vn -0.4634 -0.5667 0.6812
vn -0.5775 -0.4603 0.6743
vn -0.5684 -0.4530 -0.6868
vn -0.4559 -0.5576 -0.6937
vn -0.6585 -0.3219 0.6802
vn -0.6939 -0.2132 0.6878
vn -0.6831 -0.2099 -0.6995
vn -0.6483 -0.3169 -0.6922
vn -0.3698 -0.6088 -0.7018
vn -0.5682 -0.4528 -0.6871
vn -0.4569 -0.5571 -0.6935
vn -0.6835 -0.2097 -0.6991
vn -0.6481 -0.3179 -0.6920
vn -0.3801 -0.6143 0.6915
vn -0.4650 -0.5657 0.6809
vn -0.5769 -0.4599 0.6751
vn -0.6580 -0.3238 0.6799
vn -0.6946 -0.2126 0.6872
vn -0.3755 -0.6059 -0.7014
vn -0.5674 -0.4525 -0.6880
vn -0.4580 -0.5566 -0.6931
vn -0.6841 -0.2090 -0.6988
vn -0.6474 -0.3197 -0.6918
vn -0.3828 -0.6116 0.6924
vn -0.4670 -0.5643 0.6808
vn -0.5762 -0.4591 0.6762
vn -0.3854 -0.6099 0.6925
vn -0.3794 -0.6003 -0.7041
vn -0.4702 -0.5618 0.6806
vn -0.5766 -0.4572 0.6771
vn -0.5676 -0.4502 -0.6893
vn -0.4629 -0.5531 -0.6927
vn -0.6570 -0.3266 0.6795
vn -0.6951 -0.2124 0.6868
vn -0.6844 -0.2092 -0.6985
vn -0.6470 -0.3217 -0.6914
vn -0.3797 -0.6006 -0.7036
vn -0.5675 -0.4494 -0.6899
vn -0.4647 -0.5518 -0.6925
vn -0.6850 -0.2085 -0.6981
vn -0.6467 -0.3226 -0.6912
vn -0.3874 -0.6090 0.6921
vn -0.4737 -0.5603 0.6795
vn -0.5768 -0.4559 0.6778
vn -0.6568 -0.3288 0.6786
vn -0.6968 -0.2111 0.6855
vn -0.3143 -0.3953 0.8631
vn -0.2814 -0.4316 0.8570
vn -0.1312 -0.2048 0.9700
vn -0.1430 -0.1900 0.9713
vn 0.7857 -0.3894 0.4806
vn 0.0445 -0.4218 0.9056
vn 0.0428 -0.2166 0.9753
vn 0.7698 -0.3056 0.5604
vn -0.4408 -0.2127 0.8721
vn -0.3882 -0.3117 0.8673
vn -0.1713 -0.1429 0.9748
vn -0.1919 -0.0960 0.9767
vn -0.4661 -0.1282 0.8754
vn -0.1941 -0.0623 0.9790
vn -0.8474 -0.1314 0.5145
vn -0.7224 0.0650 0.6884
vn -0.6916 -0.1464 0.7073
vn 0.6232 -0.3894 0.6782
vn 0.7318 -0.2749 0.6237
vn -0.5749 0.0491 0.8168
vn -0.2306 -0.6777 0.6983
vn -0.0955 -0.6226 0.7767
vn -0.2269 -0.7951 0.5625
vn -0.0478 -0.7409 0.6699
vn -0.7329 -0.5992 0.3221
vn -0.8589 -0.4127 0.3031
vn -0.7897 -0.2099 0.5765
vn -0.4909 -0.7878 0.3720
vn -0.5834 -0.6764 0.4495
vn 0.7422 -0.5720 0.3491
vn 0.6201 -0.7047 0.3447
vn -0.4361 -0.7140 0.5478
vn -0.5139 -0.6433 0.5675
vn -0.6408 -0.5129 0.5712
vn -0.7379 -0.3548 0.5741
vn 0.0284 -0.8543 0.5190
vn -0.8270 -0.3642 0.4284
vn -0.7183 -0.4567 0.5248
vn -0.4403 -0.7436 0.5032
vn -0.6728 -0.1787 0.7179
vn -0.4284 -0.6764 0.5991
vn 0.6050 -0.5911 0.5335
vn 0.7584 -0.4809 0.4400
vn -0.3979 -0.6227 0.6738
vn -0.5500 -0.4389 0.7106
vn -0.4463 -0.5556 0.7015
vn -0.6318 -0.3029 0.7135
vn 0.0392 -0.7027 0.7104
vn -0.2661 -0.6611 -0.7016
vn -0.0356 -0.6966 -0.7166
vn -0.4663 -0.7974 -0.3830
vn -0.2390 -0.7917 -0.5623
vn -0.0595 -0.7301 -0.6807
vn -0.0119 -0.7035 -0.7106
vn -0.0359 -0.7290 -0.6836
vn -0.8605 -0.3325 -0.3860
vn -0.7016 -0.4675 -0.5378
vn 0.5643 -0.6136 -0.5524
vn 0.7656 -0.5043 -0.3994
vn -0.0536 -0.6750 -0.7359
vn 0.6424 -0.3527 -0.6804
vn 0.7232 -0.3780 -0.5780
vn -0.0614 -0.3019 -0.9514
vn -0.7193 -0.0725 -0.6909
vn -0.6650 -0.1115 -0.7385
vn 0.6756 -0.2420 -0.6964
vn 0.6821 -0.2720 -0.6788
vn -0.0665 -0.1165 -0.9910
vn -0.6100 0.0832 -0.7880
vn -0.5880 0.1016 -0.8024
vn 0.6440 -0.2107 -0.7355
vn 0.6479 -0.2346 -0.7247
vn -0.0733 -0.0725 -0.9947
vn -0.6405 0.0989 -0.7616
vn -0.5772 0.1280 -0.8065
vn -0.6629 -0.3354 -0.6694
vn -0.5594 -0.4526 -0.6944
vn -0.7401 -0.2208 -0.6352
vn -0.4681 -0.5560 -0.6868
vn -0.4099 -0.6359 -0.6539
vn -0.2585 -0.3024 -0.9175
vn -0.2106 -0.3405 -0.9164
vn -0.4235 -0.1322 -0.8962
vn -0.3209 -0.2554 -0.9120
vn -0.3764 -0.1935 -0.9060
vn -0.0767 -0.1378 -0.9875
vn -0.0681 -0.1342 -0.9886
vn -0.1101 -0.1299 -0.9854
vn -0.1072 -0.1300 -0.9857
vn -0.1333 -0.1078 -0.9852
vn -0.1395 -0.1138 -0.9837
vn -0.1586 -0.0788 -0.9842
vn -0.1628 -0.0837 -0.9831
vn -0.1803 -0.0570 -0.9820
vn -0.1648 -0.0569 -0.9847
vn -0.7692 -0.6391 -0.0000
vn -0.8899 -0.4562 -0.0000
vn -0.8713 -0.4443 -0.2086
vn -0.7533 -0.6255 -0.2031
vn -0.6082 -0.7937 -0.0000
vn -0.5953 -0.7773 -0.2035
vn -0.9852 -0.1712 0.0054
vn -0.9869 -0.1612 -0.0008
vn -0.9439 -0.2513 -0.2144
vn -0.9643 -0.2648 0.0027
vn -0.1890 -0.9820 0.0030
vn -0.2119 -0.9562 -0.2020
vn -0.8777 0.0910 -0.4705
vn -0.4077 -0.9131 -0.0000
vn -0.3991 -0.8938 -0.2044
vn -0.2596 -0.9657 -0.0000
vn -0.2917 -0.9345 -0.2041
vn -0.1689 -0.9856 0.0034
vn -0.1240 -0.9923 -0.0000
vn -0.6767 -0.1854 -0.7125
vn -0.6270 -0.3191 -0.7107
vn -0.5755 0.5840 -0.5724
vn -0.1510 -0.6998 -0.6982
vn -0.2927 -0.6555 -0.6962
vn -0.2090 -0.6746 -0.7079
vn -0.4344 -0.5627 -0.7033
vn -0.5423 -0.4515 -0.7086
vn -0.3152 0.2796 -0.9069
vn -0.1856 0.6437 -0.7424
vn -0.0487 -0.2272 -0.9726
vn -0.0957 -0.2143 -0.9721
vn -0.0659 -0.2126 -0.9749
vn -0.1420 -0.1779 -0.9737
vn -0.1577 -0.1303 -0.9789
vn -0.1991 -0.1029 -0.9746
vn -0.2029 -0.0631 -0.9772
vn -0.0046 -0.0173 -0.9998
vn -0.0076 -0.0174 -0.9998
vn -0.0063 -0.0176 -0.9998
vn -0.0128 -0.0144 -0.9998
vn -0.0148 -0.0118 -0.9998
vn -0.0173 -0.0086 -0.9998
vn -0.0174 -0.0136 -0.9998
vn -0.9838 -0.1792 -0.0000
vn -0.9645 -0.2641 -0.0000
vn -0.6605 -0.1470 -0.7363
vn -0.9922 -0.1238 0.0128
vn -0.9011 -0.4336 -0.0000
vn -0.6170 -0.2968 -0.7289
vn -0.7806 -0.6251 -0.0000
vn -0.6237 -0.7817 -0.0000
vn -0.4277 -0.5361 -0.7278
vn -0.5266 -0.4217 -0.7381
vn -0.5205 -0.8539 -0.0000
vn -0.3636 -0.5966 -0.7154
vn -0.2024 -0.6216 -0.7567
vn -0.3718 -0.9283 -0.0119
vn -0.1463 -0.9891 -0.0168
vn -0.1009 -0.6635 -0.7413
vn -0.1745 -0.9846 0.0018
vn -0.4889 -0.8723 -0.0000
vn -0.6103 -0.2941 -0.7355
vn -0.6703 -0.1465 -0.7274
vn -0.4229 -0.5312 -0.7341
vn -0.5353 -0.4298 -0.7271
vn -0.0914 -0.6866 -0.7213
vn -0.1859 -0.6602 -0.7277
vn -0.3270 -0.5964 -0.7331
vn -0.7634 -0.1641 0.6248
vn -0.4807 -0.6012 0.6383
vn -0.6085 -0.4861 0.6273
vn -0.1027 -0.7721 0.6271
vn -0.2151 -0.7529 0.6219
vn -0.3693 -0.6711 0.6428
vn -0.6599 -0.1469 0.7369
vn -0.6812 -0.0578 0.7298
vn -0.6966 -0.3346 0.6347
vn -0.5266 -0.4217 0.7381
vn -0.6169 -0.2968 0.7289
vn -0.7159 -0.1593 0.6798
vn -0.7337 -0.0609 0.6768
vn -0.4277 -0.5361 0.7278
vn -0.0894 -0.6721 0.7350
vn -0.1898 -0.6410 0.7437
vn -0.3394 -0.6015 0.7232
vn -0.6552 -0.3152 0.6866
vn -0.6614 -0.1554 0.7338
vn -0.4529 -0.5676 0.6876
vn -0.5734 -0.4592 0.6785
vn -0.0972 -0.7310 0.6754
vn -0.2097 -0.7085 0.6738
vn -0.3549 -0.6290 0.6917
vn -0.9722 -0.2341 -0.0000
vn -0.0609 -0.6847 0.7262
vn -0.1690 -0.6432 0.7468
vn -0.3327 -0.6026 0.7254
vn -0.7805 -0.6251 -0.0000
vn -0.0886 -0.9961 -0.0000
vn -0.2541 -0.9672 -0.0000
vn -0.4834 -0.8754 -0.0000
vn 0.6512 -0.4477 -0.6128
vn 0.6145 0.1063 -0.7817
vn 0.7414 0.3109 -0.5946
vn 0.6890 -0.2570 0.6777
vn 0.7603 -0.1434 0.6335
vn 0.6698 -0.1298 0.7311
vn 0.7400 -0.1408 0.6577
vn -0.0000 -0.7749 -0.6321
vn 0.6901 -0.5608 -0.4574
vn 0.7270 -0.5281 -0.4388
vn -0.0000 -0.7691 -0.6391
vn -0.0000 -0.3937 -0.9192
vn 0.6283 -0.3063 -0.7151
vn 0.3015 0.9045 0.3015
vn -0.0000 -0.1748 0.9846
vn 0.6606 -0.1657 0.7322
vn 0.7262 -0.2438 0.6428
vn -0.0000 -0.2094 0.9778
vn 0.6516 -0.0070 0.7586
vn 0.7725 -0.0058 0.6349
vn 0.7260 -0.4480 -0.5218
vn -0.0000 -0.6514 -0.7587
vn -0.0000 0.1252 0.9921
vn 0.7537 0.0823 0.6520
vn 0.7012 0.2073 0.6822
vn 0.6822 0.2686 0.6800
vn -0.0000 -0.4901 -0.8717
vn 0.7340 -0.3328 -0.5920
vn 0.7338 0.2496 0.6319
vn -0.0000 0.2907 0.9568
vn 0.6939 0.3007 0.6543
vn 0.7208 0.2894 0.6298
vn -0.0000 0.1745 0.9847
vn 0.6868 0.1268 0.7157
vn 0.7453 -0.1549 -0.6485
vn -0.0000 -0.2323 -0.9726
vn 0.6867 -0.0079 0.7269
vn 0.7435 0.1434 0.6532
vn 0.7254 0.0049 -0.6883
vn -0.0000 0.0071 -1.0000
vn 0.6740 0.1585 0.7215
vn -0.0000 -0.0109 0.9999
vn 0.7362 0.1417 -0.6618
vn -0.0000 0.2094 -0.9778
vn 0.7241 -0.0086 0.6896
vn 0.6909 -0.0090 0.7229
vn -0.0000 -0.1818 0.9833
vn 0.6898 -0.1316 0.7119
vn -0.0000 0.4634 -0.8862
vn 0.7350 -0.1388 0.6637
vn 0.6812 -0.1499 0.7166
vn -0.0000 -0.3675 0.9300
vn 0.6822 -0.2687 0.6800
vn 0.0265 -0.5006 0.8653
vn 0.6735 -0.3433 0.6546
vn -0.0000 -0.5359 0.8443
vn -0.0000 -0.9188 0.3948
vn -0.0000 0.1347 -0.9909
vn 0.6510 -0.7013 -0.2907
vn 0.6098 -0.7281 0.3129
vn -0.0000 -0.9238 -0.3829
vn -0.0000 -0.5899 -0.8075
vn -0.6512 -0.4477 -0.6128
vn -0.7414 0.3109 -0.5946
vn -0.6145 0.1063 -0.7817
vn -0.6901 -0.5608 -0.4574
vn -0.6283 -0.3063 -0.7151
vn -0.6890 -0.2570 0.6777
vn -0.7400 -0.1408 0.6577
vn -0.6698 -0.1298 0.7311
vn -0.7603 -0.1434 0.6335
vn -0.3015 0.9045 0.3015
vn -0.7270 -0.5281 -0.4388
vn -0.6606 -0.1657 0.7322
vn -0.7262 -0.2438 0.6428
vn -0.7725 -0.0058 0.6349
vn -0.6516 -0.0070 0.7586
vn -0.7260 -0.4480 -0.5218
vn -0.7537 0.0823 0.6520
vn -0.6822 0.2686 0.6800
vn -0.7012 0.2073 0.6822
vn -0.7340 -0.3328 -0.5920
vn -0.7338 0.2496 0.6319
vn -0.6939 0.3007 0.6543
vn -0.7208 0.2894 0.6298
vn -0.6868 0.1268 0.7157
vn -0.7453 -0.1549 -0.6485
vn -0.7435 0.1434 0.6532
vn -0.6867 -0.0079 0.7269
vn -0.7254 0.0049 -0.6883
vn -0.6740 0.1585 0.7215
vn -0.7362 0.1417 -0.6618
vn -0.6909 -0.0090 0.7229
vn -0.7241 -0.0086 0.6896
vn -0.6898 -0.1316 0.7119
vn -0.6812 -0.1499 0.7166
vn -0.7350 -0.1388 0.6637
vn -0.6822 -0.2687 0.6800
vn -0.6735 -0.3433 0.6546
vn -0.0265 -0.5006 0.8653
vn -0.6510 -0.7013 -0.2907
vn -0.6098 -0.7281 0.3129
vn 0.9174 -0.0000 -0.3980
vn 0.3673 -0.0000 -0.9301
vn 0.2522 0.6265 0.7375
vn 0.3559 0.3304 0.8742
vn -0.0992 0.5380 0.8371
vn 0.8986 0.0998 0.4273
vn 0.8941 -0.1729 0.4132
vn 0.9743 -0.1592 0.1592
vn 0.9296 0.1245 0.3469
vn 0.3193 -0.5744 0.7538
vn -0.0000 -0.6132 0.7899
vn -0.0000 -0.5182 0.8553
vn 0.3447 -0.5049 0.7913
vn 0.9133 0.2383 0.3304
vn 0.8756 0.2945 0.3828
vn -0.0000 0.3181 0.9481
vn -0.0000 0.4260 0.9047
vn 0.3460 -0.3190 0.8823
vn 0.3689 -0.0623 0.9274
vn -0.0000 -0.0678 0.9977
vn -0.0000 -0.3516 0.9362
vn 0.8856 -0.2930 0.3603
vn 0.9264 -0.1819 0.3296
vn 0.9333 0.0207 0.3585
vn 0.3495 0.2698 0.8973
vn -0.0000 0.3227 0.9465
vn 0.3798 -0.2061 0.9018
vn -0.0000 -0.2168 0.9762
vn 0.9077 0.0857 0.4108
vn 0.9303 0.1596 0.3302
vn 0.2962 0.7467 0.5956
vn -0.0000 -0.8159 0.5782
vn 0.3413 -0.7652 0.5459
vn 0.3610 -0.3562 0.8619
vn -0.0000 -0.3827 0.9239
vn 0.1320 0.9299 -0.3432
vn -0.0000 0.9466 -0.3225
vn -0.0000 0.9903 0.1390
vn 0.0841 0.9832 0.1622
vn 0.3871 0.0581 0.9202
vn 0.9305 -0.0752 0.3585
vn 0.8903 -0.1772 0.4195
vn 0.9143 -0.0283 0.4041
vn 0.3068 0.5337 0.7880
vn 0.3549 0.1866 0.9161
vn -0.0000 0.0611 0.9981
vn 0.1630 -0.9588 0.2325
vn 0.3516 -0.9350 0.0454
vn 0.4828 -0.8541 0.1933
vn -0.0000 -0.9751 0.2219
vn 0.3705 -0.9145 -0.1626
vn 0.1535 -0.9094 -0.3865
vn 0.2411 -0.7626 -0.6003
vn 0.5813 -0.7756 -0.2459
vn -0.0000 -0.9313 -0.3642
vn -0.0000 -0.7347 -0.6784
vn 0.3228 0.9441 0.0670
vn 0.3898 0.9038 0.1767
vn -0.0000 0.8274 0.5616
vn 0.3427 0.9272 -0.1513
vn 0.5331 0.8145 -0.2291
vn 0.2142 0.8122 -0.5427
vn -0.0000 0.7920 -0.6105
vn -0.4812 -0.0000 0.8766
vn -0.0000 0.2061 0.9785
vn -0.0382 0.5820 0.8123
vn 0.9173 -0.0000 -0.3982
vn -0.0000 -0.2334 -0.9724
vn -0.0000 0.2125 -0.9772
vn 0.1867 0.1498 -0.9709
vn 0.2344 -0.2327 -0.9439
vn -0.0000 0.8661 0.4999
vn 0.3749 0.7730 0.5118
vn 0.6359 0.3863 -0.6681
vn 0.2141 0.5032 -0.8372
vn 0.1904 0.0521 -0.9803
vn 0.6231 0.0393 -0.7811
vn 0.9419 0.1787 -0.2843
vn 0.9610 0.1175 -0.2503
vn 0.8705 -0.3398 0.3561
vn 0.7726 -0.0152 -0.6348
vn 0.3309 -0.0100 -0.9436
vn 0.2738 0.4258 -0.8624
vn 0.7035 0.3434 -0.6222
vn 0.5570 -0.5680 -0.6059
vn 0.6157 -0.3069 -0.7258
vn 0.1833 -0.3995 -0.8982
vn 0.1639 -0.6775 -0.7170
vn 0.9082 -0.3970 -0.1327
vn -0.0000 -0.3990 -0.9169
vn -0.0000 -0.6804 -0.7328
vn 0.2838 -0.6949 -0.6608
vn -0.0000 -0.7526 -0.6585
vn -0.0000 -0.0077 -1.0000
vn -0.0000 0.0530 -0.9986
vn -0.0000 0.4728 -0.8812
vn 0.1942 -0.5988 -0.7770
vn 0.6094 -0.2128 -0.7638
vn 0.5428 -0.5330 -0.6491
vn -0.0000 0.4971 -0.8677
vn -0.0000 -0.6263 -0.7796
vn 0.8804 0.2896 0.3755
vn 0.9603 0.0118 -0.2788
vn 0.9594 -0.0937 -0.2660
vn 0.9503 -0.1965 -0.2414
vn 0.9689 -0.0125 -0.2469
vn 0.0095 0.3949 -0.9187
vn 0.5558 0.3910 -0.7336
vn 0.9249 0.1524 -0.3483
vn 0.9177 -0.2783 -0.2837
vn 0.6727 -0.6383 -0.3743
vn 0.5149 0.0891 0.8526
vn 0.5613 -0.6169 0.5517
vn -0.4834 -0.0000 -0.8754
vn 0.1954 0.0874 0.9768
vn 0.2104 -0.6787 0.7036
vn 0.7436 0.5297 0.4081
vn 0.8097 0.4292 -0.4003
vn 0.1366 0.3077 0.9416
vn -0.0000 0.3611 0.9325
vn 0.4868 0.2184 0.8457
vn 0.5916 0.0297 -0.8057
vn -0.1010 0.7025 -0.7045
vn -0.0000 0.6815 -0.7318
vn -0.0000 0.1074 0.9942
vn -0.9174 -0.0000 -0.3980
vn -0.3673 -0.0000 -0.9301
vn -0.2522 0.6265 0.7375
vn 0.0992 0.5380 0.8371
vn -0.3559 0.3304 0.8742
vn -0.8986 0.0998 0.4273
vn -0.9743 -0.1592 0.1592
vn -0.8941 -0.1729 0.4132
vn -0.9296 0.1245 0.3469
vn -0.3193 -0.5744 0.7538
vn -0.3447 -0.5049 0.7913
vn -0.9133 0.2383 0.3304
vn -0.8756 0.2945 0.3828
vn -0.3460 -0.3190 0.8823
vn -0.3689 -0.0623 0.9274
vn -0.9264 -0.1819 0.3296
vn -0.8856 -0.2930 0.3603
vn -0.9333 0.0207 0.3585
vn -0.3495 0.2698 0.8973
vn -0.3798 -0.2061 0.9018
vn -0.9077 0.0857 0.4108
vn -0.2962 0.7467 0.5956
vn -0.9303 0.1596 0.3302
vn -0.3610 -0.3562 0.8619
vn -0.3413 -0.7652 0.5459
vn -0.1320 0.9299 -0.3432
vn -0.0841 0.9832 0.1622
vn -0.9305 -0.0752 0.3585
vn -0.3871 0.0581 0.9202
vn -0.9143 -0.0283 0.4041
vn -0.8903 -0.1772 0.4195
vn -0.3068 0.5337 0.7880
vn -0.3549 0.1866 0.9161
vn -0.1630 -0.9588 0.2325
vn -0.4828 -0.8541 0.1933
vn -0.3516 -0.9350 0.0454
vn -0.3705 -0.9145 -0.1626
vn -0.5813 -0.7756 -0.2459
vn -0.2411 -0.7626 -0.6002
vn -0.1535 -0.9094 -0.3865
vn -0.3228 0.9441 0.0670
vn -0.3898 0.9038 0.1767
vn -0.2142 0.8122 -0.5427
vn -0.5331 0.8145 -0.2291
vn -0.3427 0.9272 -0.1513
vn 0.4812 -0.0000 0.8766
vn 0.0382 0.5820 0.8123
vn -0.9173 -0.0000 -0.3982
vn -0.2344 -0.2327 -0.9439
vn -0.1867 0.1498 -0.9709
vn -0.3749 0.7730 0.5118
vn -0.6359 0.3863 -0.6681
vn -0.6231 0.0393 -0.7811
vn -0.1904 0.0521 -0.9803
vn -0.2141 0.5032 -0.8372
vn -0.9419 0.1787 -0.2843
vn -0.8705 -0.3398 0.3561
vn -0.9610 0.1175 -0.2503
vn -0.7726 -0.0152 -0.6348
vn -0.7035 0.3434 -0.6222
vn -0.2738 0.4258 -0.8624
vn -0.3309 -0.0100 -0.9436
vn -0.5570 -0.5680 -0.6059
vn -0.1639 -0.6775 -0.7170
vn -0.1833 -0.3995 -0.8982
vn -0.6157 -0.3069 -0.7258
vn -0.9082 -0.3970 -0.1327
vn -0.2838 -0.6949 -0.6608
vn -0.1942 -0.5988 -0.7770
vn -0.5428 -0.5330 -0.6491
vn -0.6094 -0.2128 -0.7638
vn -0.8804 0.2896 0.3755
vn -0.9594 -0.0937 -0.2660
vn -0.9603 0.0118 -0.2788
vn -0.9503 -0.1965 -0.2414
vn -0.9689 -0.0125 -0.2469
vn -0.5558 0.3910 -0.7336
vn -0.0095 0.3949 -0.9187
vn -0.9177 -0.2783 -0.2837
vn -0.9249 0.1524 -0.3483
vn -0.6727 -0.6383 -0.3743
vn -0.5613 -0.6169 0.5517
vn -0.5149 0.0891 0.8526
vn 0.4834 -0.0000 -0.8754
vn -0.1954 0.0874 0.9768
vn -0.2104 -0.6787 0.7036
vn -0.7436 0.5297 0.4081
vn -0.8097 0.4292 -0.4003
vn -0.1364 0.3080 0.9416
vn -0.4868 0.2184 0.8457
vn -0.5916 0.0297 -0.8057
vn 0.1010 0.7025 -0.7045
vn -0.3588 0.8084 -0.4667
vn -0.3588 0.9334 -0.0000
vn -0.3588 0.8084 0.4667
vn -0.3588 0.4667 0.8084
vn -0.3588 -0.4667 -0.8084
vn -0.3588 -0.0000 -0.9334
vn -0.3588 -0.8084 0.4667
vn -0.3588 -0.9334 -0.0000
vn -0.3588 -0.0000 0.9334
vn -0.3588 0.4667 -0.8084
vn -0.3588 -0.8084 -0.4667
vn -0.3588 -0.4667 0.8084
vn -0.8357 -0.5492 -0.0000
vn -0.8357 -0.4757 -0.2746
vn -0.8357 -0.0000 0.5492
vn -0.8357 -0.2746 0.4757
vn -0.8357 0.2746 -0.4757
vn -0.8357 0.4757 -0.2746
vn -0.8357 0.5492 -0.0000
vn -0.8357 0.4757 0.2746
vn -0.8357 -0.2746 -0.4757
vn -0.8357 -0.4757 0.2746
vn -0.8357 0.2746 0.4757
vn -0.8357 -0.0000 -0.5492
vn -0.9845 -0.0000 -0.1753
vn -0.9845 0.0877 -0.1519
vn -0.9845 -0.1753 -0.0000
vn -0.9845 -0.1519 -0.0877
vn -0.9845 -0.0000 0.1753
vn -0.9845 -0.0877 0.1519
vn -0.9845 0.1519 -0.0877
vn -0.9845 0.1754 -0.0000
vn -0.9845 0.1519 0.0877
vn -0.9845 -0.0877 -0.1519
vn -0.9845 -0.1519 0.0877
vn -0.9845 0.0877 0.1519
vn 0.7276 -0.3480 -0.5912
vn 0.3628 0.6874 -0.6292
vn 0.5534 0.8230 -0.1282
vn 0.9891 -0.1250 -0.0779
vn 0.5247 0.7032 0.4798
vn 0.8471 -0.1528 0.5090
vn 0.3578 -0.6377 0.6822
vn 0.1666 0.6653 0.7278
vn 0.0343 0.0094 0.9994
vn 0.1127 0.9936 0.0008
vn 0.2741 -0.9616 -0.0108
vn 0.1355 0.0517 -0.9894
vt 0.820311 0.065958
vt 0.820496 0.057386
vt 0.864591 0.060628
vt 0.865806 0.065958
vt 0.775646 0.065958
vt 0.777920 0.059312
vt 0.814715 0.057157
vt 0.814768 0.065958
vt 0.866659 0.060233
vt 0.868710 0.065958
vt 0.773830 0.065958
vt 0.776051 0.059261
vt 0.772838 0.049758
vt 0.774430 0.049220
vt 0.772252 0.045723
vt 0.779357 0.044149
vt 0.779742 0.045035
vt 0.780596 0.043840
vt 0.780761 0.044299
vt 0.782526 0.042453
vt 0.783074 0.043708
vt 0.798171 0.036924
vt 0.798541 0.038428
vt 0.813531 0.034597
vt 0.813710 0.036133
vt 0.820354 0.033950
vt 0.820451 0.035481
vt 0.827099 0.033438
vt 0.827148 0.035175
vt 0.859792 0.033620
vt 0.859525 0.035271
vt 0.864563 0.034904
vt 0.863939 0.036860
vt 0.865654 0.036639
vt 0.868496 0.058705
vt 0.871625 0.065958
vt 0.761385 0.035905
vt 0.757763 0.028391
vt 0.807375 0.004705
vt 0.809185 0.012994
vt 0.813005 0.003740
vt 0.814330 0.012436
vt 0.818101 0.003142
vt 0.819024 0.011812
vt 0.881342 0.006160
vt 0.880643 0.014841
vt 0.887551 0.006720
vt 0.886759 0.015494
vt 0.708437 0.965415
vt 0.709204 0.968469
vt 0.700392 0.970073
vt 0.698920 0.966393
vt 0.710868 0.952894
vt 0.709186 0.956394
vt 0.700202 0.955257
vt 0.699740 0.951188
vt 0.710986 0.972232
vt 0.699973 0.973813
vt 0.708309 0.959568
vt 0.698787 0.958841
vt 0.265228 0.447584
vt 0.271464 0.443983
vt 0.271464 0.458385
vt 0.265228 0.454784
vt 0.714364 0.964103
vt 0.714892 0.965623
vt 0.715585 0.957864
vt 0.714871 0.959302
vt 0.708129 0.962591
vt 0.714266 0.962500
vt 0.714312 0.960854
vt 0.715637 0.967031
vt 0.716197 0.959850
vt 0.715724 0.961183
vt 0.716854 0.958467
vt 0.715584 0.962514
vt 0.715686 0.963820
vt 0.699793 0.962529
vt 0.271464 0.423298
vt 0.271464 0.437699
vt 0.265228 0.434099
vt 0.265228 0.426898
vt 0.716162 0.965069
vt 0.716854 0.966396
vt 0.905525 0.215537
vt 0.905472 0.230751
vt 0.903938 0.230760
vt 0.903859 0.215537
vt 0.900519 0.215537
vt 0.900816 0.231028
vt 0.899237 0.231251
vt 0.898843 0.215537
vt 0.912195 0.215537
vt 0.911802 0.231432
vt 0.910138 0.231199
vt 0.910521 0.215537
vt 0.895474 0.215537
vt 0.895920 0.231653
vt 0.894161 0.231772
vt 0.893777 0.215537
vt 0.907189 0.215537
vt 0.907006 0.230829
vt 0.902190 0.215537
vt 0.902391 0.230857
vt 0.913887 0.215537
vt 0.913514 0.231658
vt 0.897162 0.215537
vt 0.897606 0.231472
vt 0.908854 0.215537
vt 0.908556 0.230987
vt 0.903033 0.237358
vt 0.901789 0.237733
vt 0.912276 0.238794
vt 0.910563 0.238186
vt 0.898767 0.238766
vt 0.896875 0.239090
vt 0.907772 0.237216
vt 0.906540 0.237013
vt 0.904208 0.237105
vt 0.900415 0.238247
vt 0.909097 0.237620
vt 0.905361 0.236982
vt 0.894931 0.239105
vt 0.903785 0.241457
vt 0.902731 0.241594
vt 0.913161 0.241631
vt 0.911214 0.241303
vt 0.899997 0.241810
vt 0.898196 0.241766
vt 0.908033 0.241069
vt 0.906865 0.241096
vt 0.904792 0.241313
vt 0.901492 0.241732
vt 0.909483 0.241111
vt 0.905811 0.241182
vt 0.896228 0.241597
vt 0.906866 0.244964
vt 0.905742 0.245071
vt 0.903603 0.245173
vt 0.902448 0.245158
vt 0.913047 0.244437
vt 0.911182 0.244463
vt 0.899635 0.244881
vt 0.897934 0.244631
vt 0.908113 0.244825
vt 0.904673 0.245141
vt 0.901150 0.245067
vt 0.909513 0.244622
vt 0.896033 0.244399
vt 0.897753 0.248543
vt 0.895824 0.248341
vt 0.907086 0.247932
vt 0.905942 0.247858
vt 0.903726 0.247926
vt 0.902548 0.248067
vt 0.913401 0.248301
vt 0.911509 0.248409
vt 0.899637 0.248458
vt 0.908339 0.248081
vt 0.904845 0.247851
vt 0.901218 0.248266
vt 0.909790 0.248278
vt 0.912551 0.251039
vt 0.910663 0.251268
vt 0.897595 0.251444
vt 0.895644 0.250919
vt 0.907543 0.251514
vt 0.906238 0.251605
vt 0.903779 0.251742
vt 0.902513 0.251793
vt 0.914523 0.250607
vt 0.899440 0.251705
vt 0.908994 0.251406
vt 0.905003 0.251676
vt 0.901083 0.251800
vt 0.902396 0.254974
vt 0.900820 0.254677
vt 0.913809 0.253725
vt 0.911863 0.254534
vt 0.897130 0.253854
vt 0.895170 0.253304
vt 0.908317 0.255282
vt 0.906772 0.255347
vt 0.903885 0.255146
vt 0.915683 0.252732
vt 0.899079 0.254298
vt 0.910001 0.255034
vt 0.905315 0.255289
vt 0.901108 0.260354
vt 0.899019 0.259545
vt 0.915522 0.257289
vt 0.913492 0.258383
vt 0.895223 0.257715
vt 0.893285 0.256647
vt 0.909576 0.260084
vt 0.907564 0.260658
vt 0.903249 0.260816
vt 0.917514 0.256146
vt 0.897114 0.258677
vt 0.911402 0.259370
vt 0.905416 0.260923
vt 0.898499 0.267414
vt 0.899525 0.273834
vt 0.892601 0.282793
vt 0.890463 0.281249
vt 0.885762 0.278493
vt 0.883858 0.277381
vt 0.928884 0.276956
vt 0.926907 0.278320
vt 0.887638 0.279591
vt 0.930893 0.275572
vt 0.881880 0.276227
vt 0.911669 0.267223
vt 0.908445 0.267745
vt 0.905012 0.267942
vt 0.901621 0.267843
vt 0.914643 0.266435
vt 0.911357 0.272633
vt 0.908380 0.272565
vt 0.905223 0.272728
vt 0.902197 0.273230
vt 0.914040 0.272922
vt 0.910312 0.277826
vt 0.908205 0.277473
vt 0.905941 0.277661
vt 0.903772 0.278287
vt 0.912184 0.278509
vt 0.901893 0.279198
vt 0.909151 0.287517
vt 0.908059 0.287378
vt 0.906959 0.287409
vt 0.905808 0.287671
vt 0.910292 0.287897
vt 0.904635 0.288188
vt 0.908878 0.289032
vt 0.908004 0.288953
vt 0.907122 0.289001
vt 0.906190 0.289146
vt 0.909815 0.289211
vt 0.905190 0.289410
vt 0.908848 0.290432
vt 0.908023 0.290431
vt 0.907188 0.290479
vt 0.906303 0.290525
vt 0.909735 0.290432
vt 0.905338 0.290575
vt 0.909152 0.291983
vt 0.908152 0.292056
vt 0.907137 0.292099
vt 0.906068 0.292074
vt 0.910209 0.291842
vt 0.904925 0.291965
vt 0.910045 0.295708
vt 0.908540 0.296014
vt 0.906932 0.296014
vt 0.905336 0.295771
vt 0.911424 0.295242
vt 0.903849 0.295335
vt 0.650337 0.309623
vt 0.650361 0.309606
vt 0.655497 0.313670
vt 0.652956 0.316028
vt 0.916169 0.288658
vt 0.914889 0.288888
vt 0.650262 0.309564
vt 0.650265 0.309590
vt 0.642722 0.312762
vt 0.641679 0.308416
vt 0.912896 0.292830
vt 0.913136 0.294512
vt 0.650308 0.309624
vt 0.649365 0.316879
vt 0.913826 0.289826
vt 0.650273 0.309541
vt 0.643087 0.303849
vt 0.650282 0.309611
vt 0.645602 0.315773
vt 0.913207 0.291197
vt 0.919854 0.284626
vt 0.917546 0.288975
vt 0.895048 0.285377
vt 0.889619 0.280757
vt 0.922113 0.281922
vt 0.924948 0.279678
vt 0.924123 0.280244
vt 0.897628 0.289598
vt 0.898988 0.289197
vt 0.900278 0.289342
vt 0.902386 0.294798
vt 0.902535 0.293150
vt 0.902116 0.291542
vt 0.901402 0.290209
vt 0.864591 0.071289
vt 0.820496 0.074530
vt 0.814715 0.074759
vt 0.777920 0.072604
vt 0.866659 0.071683
vt 0.776051 0.072655
vt 0.774430 0.082697
vt 0.772838 0.082158
vt 0.779742 0.086881
vt 0.779357 0.087767
vt 0.772252 0.086193
vt 0.780761 0.087617
vt 0.780596 0.088076
vt 0.783074 0.088208
vt 0.782526 0.089463
vt 0.798541 0.093489
vt 0.798171 0.094992
vt 0.813710 0.095783
vt 0.813531 0.097320
vt 0.820451 0.096436
vt 0.820354 0.097966
vt 0.827148 0.096742
vt 0.827099 0.098479
vt 0.859525 0.096646
vt 0.859792 0.098296
vt 0.863939 0.095057
vt 0.864563 0.097012
vt 0.868496 0.073212
vt 0.865654 0.095278
vt 0.761385 0.096012
vt 0.809185 0.118922
vt 0.807375 0.127211
vt 0.757763 0.103525
vt 0.814330 0.119480
vt 0.813005 0.128177
vt 0.819024 0.120105
vt 0.818102 0.128774
vt 0.880643 0.117075
vt 0.881342 0.125757
vt 0.887551 0.125196
vt 0.886759 0.116422
vt 0.408034 0.939870
vt 0.398699 0.938543
vt 0.400264 0.934983
vt 0.408886 0.936851
vt 0.410314 0.952518
vt 0.398955 0.953904
vt 0.399559 0.949785
vt 0.408701 0.948937
vt 0.407726 0.942854
vt 0.399413 0.942271
vt 0.407914 0.945735
vt 0.398237 0.946090
vt 0.399975 0.931303
vt 0.410715 0.933207
vt 0.271464 0.468269
vt 0.265228 0.479070
vt 0.265228 0.464669
vt 0.271464 0.475470
vt 0.414560 0.939766
vt 0.413968 0.941264
vt 0.414463 0.946123
vt 0.415159 0.947585
vt 0.413888 0.942900
vt 0.413923 0.944553
vt 0.415281 0.938392
vt 0.416448 0.939004
vt 0.415782 0.940275
vt 0.415355 0.944242
vt 0.415809 0.945594
vt 0.415354 0.941532
vt 0.416448 0.946999
vt 0.415237 0.942891
vt 0.271464 0.417013
vt 0.265228 0.406212
vt 0.271464 0.402612
vt 0.265228 0.413413
vt 0.903938 0.200313
vt 0.905472 0.200323
vt 0.899237 0.199823
vt 0.900816 0.200046
vt 0.910138 0.199874
vt 0.911802 0.199641
vt 0.894161 0.199301
vt 0.895920 0.199420
vt 0.907006 0.200244
vt 0.902391 0.200216
vt 0.913514 0.199415
vt 0.897606 0.199601
vt 0.908556 0.200087
vt 0.901789 0.193340
vt 0.903033 0.193715
vt 0.910563 0.192887
vt 0.912276 0.192279
vt 0.896875 0.191984
vt 0.898767 0.192308
vt 0.906541 0.194061
vt 0.907772 0.193858
vt 0.904208 0.193968
vt 0.900415 0.192826
vt 0.909098 0.193454
vt 0.905361 0.194091
vt 0.894931 0.191968
vt 0.902731 0.189479
vt 0.903785 0.189617
vt 0.911214 0.189770
vt 0.913161 0.189443
vt 0.898196 0.189307
vt 0.899997 0.189263
vt 0.906865 0.189977
vt 0.908033 0.190004
vt 0.904792 0.189760
vt 0.901491 0.189342
vt 0.909483 0.189962
vt 0.905811 0.189891
vt 0.896228 0.189476
vt 0.905742 0.186002
vt 0.906866 0.186109
vt 0.902448 0.185915
vt 0.903603 0.185901
vt 0.911182 0.186610
vt 0.913047 0.186636
vt 0.897934 0.186443
vt 0.899635 0.186192
vt 0.908113 0.186249
vt 0.904673 0.185932
vt 0.901150 0.186007
vt 0.909513 0.186451
vt 0.896033 0.186674
vt 0.895824 0.182732
vt 0.897753 0.182530
vt 0.905942 0.183215
vt 0.907086 0.183141
vt 0.902548 0.183006
vt 0.903726 0.183147
vt 0.911509 0.182664
vt 0.913401 0.182772
vt 0.899637 0.182615
vt 0.908339 0.182992
vt 0.904845 0.183222
vt 0.901218 0.182807
vt 0.909790 0.182795
vt 0.910663 0.179805
vt 0.912551 0.180034
vt 0.895644 0.180154
vt 0.897594 0.179629
vt 0.906238 0.179469
vt 0.907543 0.179559
vt 0.902513 0.179280
vt 0.903778 0.179331
vt 0.914523 0.180466
vt 0.899440 0.179368
vt 0.908994 0.179667
vt 0.905003 0.179397
vt 0.901083 0.179273
vt 0.900820 0.176396
vt 0.902396 0.176099
vt 0.911863 0.176539
vt 0.913809 0.177348
vt 0.895170 0.177770
vt 0.897130 0.177219
vt 0.906772 0.175726
vt 0.908317 0.175791
vt 0.903885 0.175927
vt 0.915683 0.178341
vt 0.899079 0.176776
vt 0.910001 0.176039
vt 0.905315 0.175784
vt 0.899019 0.171529
vt 0.901108 0.170719
vt 0.913492 0.172690
vt 0.915522 0.173784
vt 0.893285 0.174426
vt 0.895223 0.173358
vt 0.907564 0.170415
vt 0.909576 0.170990
vt 0.903249 0.170257
vt 0.917514 0.174927
vt 0.897114 0.172396
vt 0.911402 0.171703
vt 0.905416 0.170150
vt 0.898499 0.163659
vt 0.890463 0.149824
vt 0.892601 0.148280
vt 0.899525 0.157239
vt 0.883858 0.153692
vt 0.885762 0.152580
vt 0.926908 0.152753
vt 0.928884 0.154117
vt 0.887638 0.151482
vt 0.930893 0.155501
vt 0.881880 0.154846
vt 0.908445 0.163328
vt 0.911669 0.163850
vt 0.901621 0.163230
vt 0.905012 0.163131
vt 0.914643 0.164638
vt 0.908381 0.158508
vt 0.911357 0.158440
vt 0.902197 0.157843
vt 0.905223 0.158345
vt 0.914040 0.158151
vt 0.908205 0.153600
vt 0.910312 0.153247
vt 0.903772 0.152786
vt 0.905941 0.153412
vt 0.912184 0.152564
vt 0.901893 0.151875
vt 0.908059 0.143695
vt 0.909151 0.143556
vt 0.905808 0.143402
vt 0.906959 0.143664
vt 0.910292 0.143176
vt 0.904635 0.142885
vt 0.908004 0.142120
vt 0.908878 0.142041
vt 0.906190 0.141927
vt 0.907122 0.142072
vt 0.909815 0.141862
vt 0.905190 0.141663
vt 0.908023 0.140641
vt 0.908848 0.140641
vt 0.906302 0.140548
vt 0.907187 0.140594
vt 0.909735 0.140641
vt 0.905338 0.140498
vt 0.908152 0.139017
vt 0.909152 0.139090
vt 0.906068 0.138998
vt 0.907137 0.138974
vt 0.910209 0.139231
vt 0.904925 0.139108
vt 0.908540 0.135059
vt 0.910045 0.135364
vt 0.905336 0.135302
vt 0.906932 0.135059
vt 0.911424 0.135831
vt 0.903849 0.135738
vt 0.650372 0.309579
vt 0.657208 0.310655
vt 0.914889 0.142185
vt 0.916169 0.142415
vt 0.650294 0.309525
vt 0.647189 0.301439
vt 0.651641 0.301441
vt 0.650321 0.309521
vt 0.913136 0.136561
vt 0.912896 0.138243
vt 0.650367 0.309551
vt 0.657208 0.306955
vt 0.913826 0.141247
vt 0.650348 0.309531
vt 0.655248 0.303539
vt 0.913207 0.139876
vt 0.917546 0.142098
vt 0.919854 0.146447
vt 0.895048 0.145696
vt 0.889619 0.150316
vt 0.922113 0.149151
vt 0.924948 0.151395
vt 0.924124 0.150829
vt 0.897628 0.141475
vt 0.898988 0.141876
vt 0.900278 0.141731
vt 0.902535 0.137923
vt 0.902386 0.136275
vt 0.902116 0.139531
vt 0.901402 0.140864
vt 0.804770 0.904786
vt 0.807336 0.915261
vt 0.795562 0.919941
vt 0.791902 0.906803
vt 0.815088 0.930185
vt 0.819183 0.935869
vt 0.811687 0.930372
vt 0.808477 0.924611
vt 0.809780 0.927709
vt 0.801461 0.932441
vt 0.799674 0.929031
vt 0.833244 0.952437
vt 0.836430 0.954907
vt 0.829054 0.963180
vt 0.826147 0.960588
vt 0.818359 0.954056
vt 0.826818 0.944109
vt 0.975258 0.604142
vt 0.934670 0.580708
vt 0.939030 0.572446
vt 0.941075 0.569958
vt 0.934670 0.593266
vt 0.972753 0.606139
vt 0.964383 0.610421
vt 0.809262 0.904081
vt 0.811912 0.913532
vt 0.940949 0.604142
vt 0.939006 0.601609
vt 0.951824 0.610421
vt 0.943557 0.606123
vt 0.817091 0.923624
vt 0.822885 0.933004
vt 0.816515 0.928087
vt 0.815109 0.924770
vt 0.810265 0.921879
vt 0.812735 0.921751
vt 0.387305 0.674918
vt 0.387306 0.684816
vt 0.300724 0.684816
vt 0.300724 0.674919
vt 0.387306 0.714508
vt 0.387306 0.724406
vt 0.300724 0.724406
vt 0.300724 0.714508
vt 0.387306 0.694713
vt 0.300724 0.694713
vt 0.923928 0.821978
vt 0.935183 0.818175
vt 0.935339 0.819562
vt 0.387306 0.704611
vt 0.300724 0.704611
vt 0.387305 0.672785
vt 0.300724 0.672785
vt 0.811076 0.924507
vt 0.812003 0.926444
vt 0.808700 0.893447
vt 0.806692 0.896961
vt 0.807130 0.893447
vt 0.801123 0.896677
vt 0.800821 0.893447
vt 0.803880 0.893447
vt 0.803837 0.895377
vt 0.791460 0.896544
vt 0.791408 0.893447
vt 0.403420 0.704611
vt 0.403420 0.714508
vt 0.403419 0.672784
vt 0.403420 0.674918
vt 0.403420 0.694713
vt 0.403420 0.684815
vt 0.403420 0.724406
vt 0.833444 0.948651
vt 0.835634 0.947094
vt 0.835621 0.950797
vt 0.934215 0.841791
vt 0.930188 0.842687
vt 0.937852 0.870503
vt 0.945123 0.841825
vt 0.946253 0.872284
vt 0.944485 0.819793
vt 0.934626 0.873505
vt 0.808609 0.944094
vt 0.803032 0.935153
vt 0.838372 0.952208
vt 0.813061 0.928206
vt 0.804054 0.898220
vt 0.829984 0.940136
vt 0.839311 0.948066
vt 0.433002 0.714509
vt 0.433002 0.724406
vt 0.433002 0.704611
vt 0.440829 0.694714
vt 0.444743 0.694715
vt 0.444742 0.704612
vt 0.440828 0.704612
vt 0.440832 0.684817
vt 0.444745 0.684818
vt 0.433007 0.674913
vt 0.433005 0.684814
vt 0.946319 0.874018
vt 0.839881 0.946015
vt 0.436922 0.674916
vt 0.436918 0.684815
vt 0.433003 0.694713
vt 0.436915 0.704611
vt 0.436915 0.714509
vt 0.436915 0.724406
vt 0.436922 0.773896
vt 0.440836 0.773894
vt 0.440845 0.783865
vt 0.436932 0.783868
vt 0.436932 0.664944
vt 0.440845 0.664948
vt 0.440836 0.674918
vt 0.426894 0.672781
vt 0.804770 0.882107
vt 0.791902 0.880090
vt 0.795562 0.866953
vt 0.807336 0.871633
vt 0.815088 0.856709
vt 0.811687 0.856521
vt 0.819183 0.851025
vt 0.808477 0.862282
vt 0.799674 0.857863
vt 0.801461 0.854453
vt 0.809780 0.859185
vt 0.833244 0.834457
vt 0.826147 0.826306
vt 0.829054 0.823714
vt 0.836430 0.831986
vt 0.826818 0.842784
vt 0.818359 0.832838
vt 0.943562 0.567913
vt 0.951824 0.563553
vt 0.964383 0.563553
vt 0.981537 0.593266
vt 0.977256 0.601637
vt 0.811912 0.873362
vt 0.809262 0.882813
vt 0.972726 0.567889
vt 0.975258 0.569832
vt 0.977240 0.572440
vt 0.981537 0.580708
vt 0.817091 0.863269
vt 0.815109 0.862124
vt 0.816515 0.858806
vt 0.822885 0.853890
vt 0.810265 0.865015
vt 0.812735 0.865142
vt 0.387305 0.773894
vt 0.300723 0.773893
vt 0.300723 0.763996
vt 0.387305 0.763996
vt 0.387306 0.734303
vt 0.300724 0.734303
vt 0.300724 0.754098
vt 0.387306 0.754099
vt 0.964650 0.820706
vt 0.953306 0.818903
vt 0.953376 0.817531
vt 0.300724 0.744201
vt 0.387306 0.744201
vt 0.387305 0.776027
vt 0.300723 0.776026
vt 0.812003 0.860450
vt 0.811076 0.862387
vt 0.806692 0.889933
vt 0.801123 0.890216
vt 0.803837 0.891517
vt 0.791460 0.890350
vt 0.403420 0.744201
vt 0.403420 0.734304
vt 0.403419 0.776028
vt 0.403420 0.773894
vt 0.403420 0.754099
vt 0.403420 0.763997
vt 0.835621 0.836097
vt 0.835634 0.839799
vt 0.833444 0.838243
vt 0.960007 0.841591
vt 0.955949 0.841004
vt 0.954490 0.869866
vt 0.938791 0.817870
vt 0.937246 0.738794
vt 0.940977 0.738784
vt 0.941312 0.814570
vt 0.957929 0.872609
vt 0.803032 0.851741
vt 0.808609 0.842799
vt 0.838372 0.834685
vt 0.813061 0.858688
vt 0.804054 0.888674
vt 0.829984 0.846758
vt 0.839311 0.838827
vt 0.433002 0.734303
vt 0.433002 0.744201
vt 0.440829 0.754098
vt 0.440828 0.744200
vt 0.444742 0.744200
vt 0.444743 0.754097
vt 0.440832 0.763995
vt 0.444745 0.763994
vt 0.433007 0.773899
vt 0.433005 0.763998
vt 0.839881 0.840878
vt 0.436918 0.763997
vt 0.433003 0.754099
vt 0.436915 0.744201
vt 0.436915 0.734303
vt 0.426910 0.664927
vt 0.433017 0.664939
vt 0.433017 0.783873
vt 0.426910 0.783885
vt 0.426894 0.776031
vt 0.444741 0.734303
vt 0.440828 0.734303
vt 0.440828 0.724406
vt 0.444741 0.724406
vt 0.444750 0.773891
vt 0.436916 0.754098
vt 0.444741 0.714509
vt 0.440828 0.714509
vt 0.444750 0.674921
vt 0.436916 0.694714
vt 0.444748 0.664951
vt 0.444748 0.783861
vt 0.949755 0.817466
vt 0.950983 0.738874
vt 0.953576 0.738884
vt 0.934625 0.738816
vt 0.944831 0.738811
vt 0.944390 0.815139
vt 0.947367 0.814917
vt 0.948685 0.738846
vt 0.944436 0.818246
vt 0.923393 0.738845
vt 0.964650 0.738847
vt 0.616859 0.438652
vt 0.614229 0.438632
vt 0.614228 0.432945
vt 0.616812 0.432945
vt 0.613752 0.461164
vt 0.616073 0.456676
vt 0.619169 0.456681
vt 0.616081 0.462383
vt 0.666888 0.460328
vt 0.669020 0.466201
vt 0.672896 0.439468
vt 0.669917 0.439447
vt 0.670018 0.432945
vt 0.672944 0.432945
vt 0.568002 0.532285
vt 0.570908 0.529594
vt 0.666034 0.538210
vt 0.668854 0.542312
vt 0.731330 0.439003
vt 0.731275 0.432946
vt 0.670549 0.460607
vt 0.671311 0.465727
vt 0.673092 0.527487
vt 0.783301 0.513118
vt 0.785123 0.526650
vt 0.731714 0.451587
vt 0.672109 0.453402
vt 0.672726 0.446045
vt 0.731463 0.445041
vt 0.669103 0.452873
vt 0.617401 0.450530
vt 0.616967 0.444474
vt 0.669694 0.446061
vt 0.614628 0.450913
vt 0.614259 0.444400
vt 0.731964 0.455961
vt 0.732914 0.459223
vt 0.669523 0.473739
vt 0.672252 0.473582
vt 0.613712 0.467687
vt 0.611573 0.466791
vt 0.607597 0.476109
vt 0.609574 0.477168
vt 0.670143 0.484212
vt 0.672674 0.484147
vt 0.734702 0.464923
vt 0.670732 0.496857
vt 0.672793 0.496799
vt 0.603383 0.486713
vt 0.601620 0.485256
vt 0.737837 0.474690
vt 0.592458 0.494106
vt 0.593960 0.495873
vt 0.670864 0.506258
vt 0.672933 0.506262
vt 0.743582 0.484204
vt 0.670661 0.518186
vt 0.673250 0.518292
vt 0.578422 0.507672
vt 0.576461 0.505533
vt 0.753826 0.493341
vt 0.565872 0.516166
vt 0.570053 0.516864
vt 0.670026 0.526857
vt 0.771255 0.504532
vt 0.616860 0.427239
vt 0.614229 0.427258
vt 0.613752 0.404726
vt 0.616081 0.403507
vt 0.619170 0.409209
vt 0.616073 0.409214
vt 0.669021 0.399690
vt 0.666888 0.405563
vt 0.672896 0.426423
vt 0.669917 0.426443
vt 0.568003 0.333605
vt 0.668855 0.323580
vt 0.666035 0.327681
vt 0.570909 0.336296
vt 0.731330 0.426888
vt 0.671311 0.400164
vt 0.670549 0.405284
vt 0.673093 0.338405
vt 0.785123 0.339242
vt 0.783301 0.352774
vt 0.731714 0.414304
vt 0.731463 0.420850
vt 0.672726 0.419846
vt 0.672110 0.412488
vt 0.669103 0.413018
vt 0.669694 0.419830
vt 0.616967 0.421416
vt 0.617401 0.415360
vt 0.614259 0.421490
vt 0.614629 0.414977
vt 0.731964 0.409931
vt 0.732914 0.406668
vt 0.669523 0.392152
vt 0.672252 0.392309
vt 0.613712 0.398204
vt 0.611574 0.399099
vt 0.607597 0.389782
vt 0.609574 0.388722
vt 0.670143 0.381679
vt 0.672674 0.381744
vt 0.734702 0.400969
vt 0.670732 0.369033
vt 0.672794 0.369092
vt 0.603383 0.379177
vt 0.601620 0.380634
vt 0.737837 0.391201
vt 0.592458 0.371784
vt 0.593960 0.370017
vt 0.670864 0.359633
vt 0.672933 0.359629
vt 0.743582 0.381687
vt 0.670662 0.347705
vt 0.673250 0.347599
vt 0.578423 0.358218
vt 0.576462 0.360357
vt 0.753826 0.372550
vt 0.565872 0.349724
vt 0.570053 0.349026
vt 0.670027 0.339034
vt 0.771255 0.361360
vt 0.559032 0.672761
vt 0.555920 0.673097
vt 0.555925 0.672047
vt 0.558693 0.671071
vt 0.556506 0.690558
vt 0.552298 0.690773
vt 0.552582 0.683389
vt 0.556688 0.683971
vt 0.558978 0.707443
vt 0.554807 0.707526
vt 0.558662 0.676469
vt 0.555168 0.675871
vt 0.555351 0.671360
vt 0.557978 0.669600
vt 0.553409 0.670533
vt 0.555382 0.667302
vt 0.547359 0.668780
vt 0.547395 0.664927
vt 0.545381 0.668606
vt 0.544453 0.665161
vt 0.544223 0.669217
vt 0.542336 0.665998
vt 0.543155 0.670612
vt 0.540046 0.667869
vt 0.541531 0.673370
vt 0.537528 0.672393
vt 0.541128 0.674937
vt 0.537242 0.675143
vt 0.541233 0.676115
vt 0.537679 0.677356
vt 0.541766 0.676770
vt 0.538282 0.678661
vt 0.543175 0.677579
vt 0.539617 0.680459
vt 0.544237 0.678443
vt 0.540623 0.681549
vt 0.545271 0.679508
vt 0.541642 0.682633
vt 0.546919 0.681215
vt 0.543063 0.684240
vt 0.548291 0.683455
vt 0.544248 0.685899
vt 0.549858 0.687981
vt 0.545867 0.689405
vt 0.553249 0.710949
vt 0.550920 0.713257
vt 0.553567 0.711475
vt 0.551644 0.713881
vt 0.554106 0.711881
vt 0.552892 0.714636
vt 0.554638 0.712082
vt 0.554094 0.715019
vt 0.555371 0.712182
vt 0.556684 0.714802
vt 0.555577 0.711777
vt 0.558096 0.713630
vt 0.555312 0.710861
vt 0.558969 0.711288
vt 0.559011 0.710440
vt 0.555136 0.710201
vt 0.559032 0.709473
vt 0.554898 0.709320
vt 0.942467 0.941839
vt 0.943625 0.942057
vt 0.937708 0.948207
vt 0.937927 0.944358
vt 0.938600 0.942460
vt 0.952277 0.914392
vt 0.951965 0.911874
vt 0.953920 0.913697
vt 0.951649 0.914843
vt 0.950828 0.912015
vt 0.951105 0.915559
vt 0.950965 0.917297
vt 0.949376 0.913567
vt 0.949739 0.912723
vt 0.946484 0.940915
vt 0.947377 0.939243
vt 0.950728 0.939196
vt 0.948121 0.935582
vt 0.950072 0.932948
vt 0.953031 0.946573
vt 0.939847 0.941417
vt 0.940924 0.941303
vt 0.944859 0.941900
vt 0.949468 0.953021
vt 0.941629 0.952574
vt 0.953997 0.950112
vt 0.952468 0.952675
vt 0.939288 0.951807
vt 0.938127 0.950413
vt 0.953997 0.912345
vt 0.953662 0.951740
vt 0.693149 0.212467
vt 0.709575 0.205644
vt 0.715698 0.213922
vt 0.695767 0.223702
vt 0.690982 0.203138
vt 0.705436 0.198204
vt 0.689162 0.195299
vt 0.702668 0.191105
vt 0.703017 0.254673
vt 0.737719 0.236515
vt 0.726713 0.201069
vt 0.719550 0.196803
vt 0.684800 0.080245
vt 0.741289 0.948439
vt 0.741289 0.897381
vt 0.742898 0.894472
vt 0.674857 0.082027
vt 0.664682 0.083869
vt 0.663912 0.079997
vt 0.676788 0.077028
vt 0.681379 0.080471
vt 0.677822 0.076761
vt 0.712093 0.187206
vt 0.714966 0.192492
vt 0.712066 0.194710
vt 0.709372 0.188688
vt 0.709028 0.196396
vt 0.706331 0.189807
vt 0.716477 0.200337
vt 0.713357 0.203008
vt 0.723583 0.205930
vt 0.720170 0.209891
vt 0.662863 0.220094
vt 0.667707 0.222140
vt 0.655647 0.250140
vt 0.649178 0.246627
vt 0.678013 0.081087
vt 0.777084 0.892086
vt 0.780797 0.892726
vt 0.783515 0.894472
vt 0.785124 0.948439
vt 0.745616 0.892726
vt 0.749329 0.892086
vt 0.280562 0.646752
vt 0.266684 0.646752
vt 0.266684 0.644131
vt 0.280562 0.644131
vt 0.954600 0.003142
vt 0.956269 0.003473
vt 0.950541 0.032345
vt 0.948866 0.032070
vt 0.950199 0.035425
vt 0.948437 0.035371
vt 0.948584 0.038353
vt 0.950254 0.038450
vt 0.950422 0.041634
vt 0.948740 0.041518
vt 0.951845 0.057441
vt 0.950201 0.057441
vt 0.186375 0.844226
vt 0.186323 0.845124
vt 0.146561 0.852133
vt 0.146032 0.848890
vt 0.186450 0.845840
vt 0.147165 0.855024
vt 0.186879 0.846370
vt 0.191386 0.849063
vt 0.201657 0.908488
vt 0.147926 0.857943
vt 0.187946 0.841733
vt 0.148050 0.816330
vt 0.669313 0.056791
vt 0.670184 0.053615
vt 0.905624 0.036177
vt 0.905011 0.032730
vt 0.905560 0.039096
vt 0.905472 0.042239
vt 0.895443 0.004326
vt 0.904141 0.057441
vt 0.903843 0.042375
vt 0.902575 0.057441
vt 0.903924 0.039246
vt 0.903870 0.036284
vt 0.903333 0.033165
vt 0.893836 0.004865
vt 0.656949 0.058287
vt 0.656785 0.055292
vt 0.668448 0.056659
vt 0.656392 0.052359
vt 0.644885 0.013854
vt 0.676804 0.034472
vt 0.668590 0.051518
vt 0.263731 0.916529
vt 0.261110 0.916529
vt 0.261110 0.800843
vt 0.263731 0.800843
vt 0.644725 0.012689
vt 0.643254 0.003142
vt 0.675182 0.020880
vt 0.263731 0.798222
vt 0.277608 0.798222
vt 0.277608 0.800843
vt 0.194134 0.845369
vt 0.254826 0.884515
vt 0.277609 0.916529
vt 0.673525 0.223777
vt 0.675372 0.213612
vt 0.675821 0.205089
vt 0.675203 0.197494
vt 0.663815 0.253849
vt 0.763207 0.892086
vt 0.763206 0.948439
vt 0.657858 0.217107
vt 0.643199 0.089614
vt 0.662454 0.210041
vt 0.741289 0.956583
vt 0.763206 0.956583
vt 0.653372 0.086852
vt 0.649029 0.082822
vt 0.647981 0.083016
vt 0.646435 0.088246
vt 0.665014 0.198085
vt 0.668112 0.198238
vt 0.668310 0.204851
vt 0.664717 0.204117
vt 0.671340 0.197921
vt 0.671791 0.205039
vt 0.666800 0.211878
vt 0.670799 0.212910
vt 0.649832 0.087357
vt 0.785124 0.897381
vt 0.785124 0.956583
vt 0.749329 0.961655
vt 0.741289 0.961655
vt 0.294439 0.644131
vt 0.294439 0.646752
vt 0.954600 0.111739
vt 0.948866 0.082812
vt 0.950541 0.082537
vt 0.956269 0.111409
vt 0.948437 0.079510
vt 0.950199 0.079457
vt 0.948584 0.076529
vt 0.948740 0.073364
vt 0.950422 0.073247
vt 0.950254 0.076431
vt 0.189905 0.839328
vt 0.176413 0.800453
vt 0.179596 0.799523
vt 0.190577 0.838966
vt 0.182496 0.798812
vt 0.191288 0.838786
vt 0.192038 0.838847
vt 0.185486 0.798222
vt 0.254826 0.825867
vt 0.196697 0.841561
vt 0.643073 0.057986
vt 0.645238 0.060651
vt 0.905011 0.082152
vt 0.905624 0.078704
vt 0.905560 0.075786
vt 0.905472 0.072643
vt 0.895443 0.110555
vt 0.903843 0.072506
vt 0.903924 0.075636
vt 0.903870 0.078597
vt 0.903333 0.081717
vt 0.893836 0.110017
vt 0.646041 0.060310
vt 0.656732 0.055296
vt 0.656337 0.052371
vt 0.643861 0.055277
vt 0.623945 0.041135
vt 0.644628 0.015443
vt 0.763206 0.961655
vt 0.777084 0.961655
vt 0.291486 0.916529
vt 0.291486 0.800843
vt 0.294106 0.800843
vt 0.294106 0.916529
vt 0.620322 0.029094
vt 0.291486 0.798222
vt 0.642863 0.242636
vt 0.785124 0.961655
vt 0.743378 0.229574
vt 0.747604 0.223561
vt 0.751478 0.217192
vt 0.751478 0.116625
vt 0.744824 0.121928
vt 0.606518 0.154721
vt 0.597896 0.153163
vt 0.621147 0.161783
vt 0.610131 0.160600
vt 0.735195 0.134578
vt 0.744281 0.128659
vt 0.935165 0.513817
vt 0.926704 0.505506
vt 0.930457 0.503112
vt 0.937396 0.509643
vt 0.948547 0.512931
vt 0.931148 0.481427
vt 0.938980 0.466141
vt 0.926061 0.479879
vt 0.931902 0.462327
vt 0.943261 0.452637
vt 0.944885 0.454801
vt 0.948076 0.517615
vt 0.928087 0.493720
vt 0.923413 0.494101
vt 0.954947 0.449414
vt 0.949845 0.443806
vt 0.942107 0.451027
vt 0.948369 0.442697
vt 0.928892 0.461241
vt 0.947859 0.519763
vt 0.934200 0.515768
vt 0.925144 0.507497
vt 0.920679 0.493772
vt 0.923543 0.479699
vt 0.038288 0.278857
vt 0.035935 0.283741
vt 0.030217 0.282705
vt 0.005671 0.273986
vt 0.006614 0.263065
vt 0.030850 0.263884
vt 0.008316 0.247087
vt 0.009327 0.235132
vt 0.034399 0.235785
vt 0.034797 0.249615
vt 0.042244 0.271582
vt 0.042157 0.257884
vt 0.043562 0.267829
vt 0.258550 0.385836
vt 0.255851 0.374199
vt 0.261086 0.374018
vt 0.264377 0.383145
vt 0.243297 0.236908
vt 0.245972 0.259120
vt 0.245072 0.272868
vt 0.243061 0.277067
vt 0.009716 0.212376
vt 0.009739 0.199744
vt 0.243939 0.199740
vt 0.243284 0.212934
vt 0.009668 0.222483
vt 0.242861 0.223807
vt 0.261944 0.396327
vt 0.272742 0.390778
vt 0.023919 0.289796
vt 0.003144 0.282727
vt 0.032512 0.287783
vt 0.026482 0.292736
vt 0.035518 0.285298
vt 0.041283 0.286588
vt 0.041082 0.287601
vt 0.037838 0.294285
vt 0.040697 0.292475
vt 0.045115 0.297371
vt 0.042597 0.299532
vt 0.049812 0.303066
vt 0.047350 0.304907
vt 0.041980 0.309946
vt 0.036939 0.304624
vt 0.031791 0.299229
vt 0.048552 0.294272
vt 0.053433 0.300053
vt 0.043898 0.289993
vt 0.055519 0.310220
vt 0.058728 0.307350
vt 0.061477 0.310975
vt 0.059247 0.314472
vt 0.048692 0.316963
vt 0.053497 0.311815
vt 0.058290 0.316922
vt 0.055026 0.322356
vt 0.114120 0.312971
vt 0.113521 0.317542
vt 0.113436 0.319993
vt 0.112296 0.326598
vt 0.122308 0.314614
vt 0.121111 0.318954
vt 0.120192 0.321550
vt 0.118557 0.327855
vt 0.152624 0.331934
vt 0.154162 0.328017
vt 0.185760 0.339824
vt 0.185291 0.344653
vt 0.149234 0.340290
vt 0.151610 0.334314
vt 0.184203 0.347542
vt 0.181564 0.353103
vt 0.241343 0.331647
vt 0.257157 0.343526
vt 0.559032 0.725834
vt 0.556854 0.727003
vt 0.553769 0.724009
vt 0.554923 0.721304
vt 0.559032 0.772011
vt 0.554149 0.776796
vt 0.553089 0.773706
vt 0.556834 0.770671
vt 0.546704 0.776122
vt 0.542567 0.771195
vt 0.544865 0.769971
vt 0.547946 0.773602
vt 0.548333 0.721552
vt 0.549363 0.723920
vt 0.546279 0.727132
vt 0.544091 0.725788
vt 0.219795 0.363786
vt 0.216529 0.371173
vt 0.219048 0.356554
vt 0.216591 0.347882
vt 0.661393 0.967548
vt 0.644635 0.967547
vt 0.645408 0.959263
vt 0.651852 0.954894
vt 0.661393 0.953601
vt 0.669680 0.951188
vt 0.669680 0.967548
vt 0.686452 0.967548
vt 0.686452 0.953208
vt 0.692502 0.959963
vt 0.692502 0.967547
vt 0.234784 0.286688
vt 0.213903 0.291548
vt 0.171875 0.292821
vt 0.168266 0.295427
vt 0.168474 0.299727
vt 0.172002 0.301806
vt 0.214582 0.298492
vt 0.249537 0.235915
vt 0.252214 0.258494
vt 0.241906 0.322396
vt 0.261102 0.324826
vt 0.248526 0.223768
vt 0.248078 0.213184
vt 0.256501 0.275058
vt 0.248526 0.199740
vt 0.224204 0.348735
vt 0.227616 0.379567
vt 0.226500 0.368799
vt 0.225694 0.388679
vt 0.263431 0.344757
vt 0.237972 0.290657
vt 0.216805 0.293184
vt 0.216999 0.296587
vt 0.255057 0.199740
vt 0.253866 0.213149
vt 0.254032 0.223163
vt 0.255548 0.235021
vt 0.263094 0.273957
vt 0.267401 0.325018
vt 0.259206 0.257211
vt 0.294439 0.328847
vt 0.638350 0.867084
vt 0.638350 0.893538
vt 0.593811 0.876099
vt 0.593819 0.876106
vt 0.581415 0.928440
vt 0.560737 0.920829
vt 0.593798 0.876060
vt 0.593794 0.876067
vt 0.615756 0.922193
vt 0.597499 0.928593
vt 0.593792 0.876075
vt 0.593795 0.876084
vt 0.629072 0.911097
vt 0.593800 0.876092
vt 0.633058 0.855163
vt 0.593827 0.876104
vt 0.542804 0.903291
vt 0.593805 0.876056
vt 0.261663 0.202106
vt 0.260613 0.211619
vt 0.261739 0.221011
vt 0.263392 0.228941
vt 0.266258 0.238006
vt 0.271324 0.245235
vt 0.280702 0.251025
vt 0.282551 0.262807
vt 0.290742 0.261930
vt 0.961484 0.516469
vt 0.960131 0.511933
vt 0.968233 0.506918
vt 0.971433 0.510012
vt 0.967256 0.468989
vt 0.971882 0.485531
vt 0.977176 0.485029
vt 0.974953 0.466665
vt 0.963731 0.456700
vt 0.965755 0.454903
vt 0.972429 0.498187
vt 0.976933 0.499493
vt 0.961064 0.444937
vt 0.962732 0.444144
vt 0.967206 0.453556
vt 0.978118 0.466201
vt 0.962041 0.518573
vt 0.979678 0.499716
vt 0.972565 0.512274
vt 0.979678 0.485354
vt 0.038285 0.120630
vt 0.030214 0.116783
vt 0.035932 0.115747
vt 0.005670 0.125502
vt 0.030848 0.135603
vt 0.006613 0.136423
vt 0.008315 0.152400
vt 0.034795 0.149871
vt 0.034398 0.163701
vt 0.009326 0.164355
vt 0.042241 0.127905
vt 0.042155 0.141602
vt 0.043559 0.131658
vt 0.258546 0.013635
vt 0.264374 0.016325
vt 0.261083 0.025453
vt 0.255847 0.025272
vt 0.245971 0.140360
vt 0.243296 0.162572
vt 0.243058 0.122412
vt 0.245070 0.126612
vt 0.009715 0.187112
vt 0.243284 0.186546
vt 0.242861 0.175673
vt 0.009667 0.177003
vt 0.261940 0.003142
vt 0.272739 0.008692
vt 0.003142 0.116762
vt 0.023917 0.109692
vt 0.026479 0.106753
vt 0.032509 0.111705
vt 0.035515 0.114190
vt 0.041079 0.111887
vt 0.041279 0.112899
vt 0.037834 0.105203
vt 0.042593 0.099956
vt 0.045111 0.102117
vt 0.040694 0.107013
vt 0.047345 0.094582
vt 0.049807 0.096422
vt 0.036935 0.094865
vt 0.041976 0.089543
vt 0.031788 0.100259
vt 0.053428 0.099435
vt 0.048548 0.105215
vt 0.043894 0.109495
vt 0.055512 0.089270
vt 0.059240 0.085018
vt 0.061469 0.088514
vt 0.058721 0.092138
vt 0.048686 0.082527
vt 0.055019 0.077135
vt 0.058283 0.082568
vt 0.053491 0.087674
vt 0.113506 0.081946
vt 0.114105 0.086516
vt 0.112279 0.072891
vt 0.113420 0.079494
vt 0.121095 0.080533
vt 0.122293 0.084873
vt 0.118540 0.071632
vt 0.120176 0.077937
vt 0.152612 0.067546
vt 0.185281 0.054823
vt 0.185752 0.059652
vt 0.154150 0.071464
vt 0.149220 0.059189
vt 0.181553 0.046372
vt 0.184193 0.051933
vt 0.151597 0.065166
vt 0.257154 0.055948
vt 0.241338 0.067829
vt 0.554857 0.728019
vt 0.553084 0.725579
vt 0.554680 0.769433
vt 0.552453 0.771832
vt 0.548928 0.771466
vt 0.546926 0.769091
vt 0.550266 0.725846
vt 0.548110 0.728090
vt 0.216522 0.028299
vt 0.219789 0.035687
vt 0.219042 0.042920
vt 0.216585 0.051593
vt 0.645408 0.975832
vt 0.651852 0.980201
vt 0.661393 0.981494
vt 0.669680 0.983907
vt 0.692502 0.975132
vt 0.686452 0.981887
vt 0.171862 0.106660
vt 0.213898 0.107932
vt 0.234781 0.112790
vt 0.168247 0.104054
vt 0.168473 0.099758
vt 0.172000 0.097674
vt 0.214577 0.100987
vt 0.252213 0.140985
vt 0.249536 0.163565
vt 0.261099 0.074649
vt 0.241903 0.077080
vt 0.248526 0.175712
vt 0.248078 0.186296
vt 0.256500 0.124421
vt 0.224198 0.050739
vt 0.227610 0.019904
vt 0.226494 0.030674
vt 0.225687 0.010792
vt 0.263429 0.054717
vt 0.237969 0.108821
vt 0.216801 0.106296
vt 0.216994 0.102892
vt 0.253866 0.186332
vt 0.255548 0.164460
vt 0.254031 0.176317
vt 0.267399 0.074458
vt 0.263093 0.125522
vt 0.259205 0.142268
vt 0.294439 0.070627
vt 0.626095 0.844136
vt 0.593833 0.876099
vt 0.593834 0.876088
vt 0.604137 0.829371
vt 0.543437 0.857216
vt 0.593820 0.876054
vt 0.593812 0.876053
vt 0.538238 0.878624
vt 0.567743 0.832172
vt 0.593833 0.876066
vt 0.593827 0.876059
vt 0.552259 0.843771
vt 0.593835 0.876076
vt 0.584378 0.827289
vt 0.260612 0.187861
vt 0.261663 0.197374
vt 0.261738 0.178469
vt 0.263391 0.170539
vt 0.266258 0.161474
vt 0.271323 0.154245
vt 0.280702 0.148455
vt 0.282551 0.136672
vt 0.290742 0.137549
vt 0.917108 0.816557
vt 0.906874 0.816557
vt 0.906873 0.743557
vt 0.917108 0.754367
vt 0.326521 0.199047
vt 0.326521 0.183252
vt 0.352459 0.183252
vt 0.352458 0.199047
vt 0.326521 0.169086
vt 0.326521 0.160204
vt 0.352459 0.160204
vt 0.352459 0.169086
vt 0.896501 0.816557
vt 0.886128 0.816557
vt 0.886128 0.738784
vt 0.896500 0.739978
vt 0.376968 0.183252
vt 0.376968 0.199047
vt 0.376968 0.169086
vt 0.376968 0.160204
vt 0.896501 0.826995
vt 0.886128 0.826995
vt 0.591612 0.183252
vt 0.591612 0.199047
vt 0.591612 0.169086
vt 0.906874 0.826995
vt 0.917108 0.826995
vt 0.917108 0.837817
vt 0.906874 0.837817
vt 0.591612 0.160204
vt 0.896501 0.837817
vt 0.886128 0.837817
vt 0.917108 0.850043
vt 0.906874 0.850043
vt 0.896501 0.850043
vt 0.886128 0.850043
vt 0.917108 0.905590
vt 0.906873 0.905590
vt 0.896500 0.905590
vt 0.886128 0.905590
vt 0.359071 0.301880
vt 0.354267 0.295343
vt 0.376968 0.267358
vt 0.376968 0.301880
vt 0.362732 0.309598
vt 0.376968 0.309598
vt 0.365523 0.317295
vt 0.376968 0.317295
vt 0.409658 0.267358
vt 0.409658 0.301880
vt 0.409658 0.309598
vt 0.409658 0.317295
vt 0.424809 0.284908
vt 0.424809 0.301880
vt 0.424809 0.309598
vt 0.424809 0.317295
vt 0.437764 0.284908
vt 0.437764 0.301880
vt 0.437764 0.309598
vt 0.437764 0.317295
vt 0.454058 0.267358
vt 0.454058 0.301880
vt 0.454058 0.309598
vt 0.454058 0.317295
vt 0.558452 0.267358
vt 0.558452 0.301880
vt 0.558452 0.309598
vt 0.558452 0.317295
vt 0.578350 0.284908
vt 0.578350 0.301880
vt 0.578350 0.309598
vt 0.578350 0.317295
vt 0.591612 0.284908
vt 0.591612 0.301880
vt 0.591612 0.309598
vt 0.591612 0.317295
vt 0.903804 0.731247
vt 0.891528 0.732499
vt 0.891528 0.563553
vt 0.903804 0.566493
vt 0.916117 0.727179
vt 0.916117 0.573011
vt 0.928385 0.714571
vt 0.928385 0.595130
vt 0.301257 0.252398
vt 0.300723 0.242202
vt 0.306742 0.261292
vt 0.314589 0.268363
vt 0.855147 0.816558
vt 0.855147 0.754367
vt 0.865382 0.743557
vt 0.865382 0.816557
vt 0.326521 0.121388
vt 0.352459 0.121388
vt 0.352459 0.137181
vt 0.326521 0.137181
vt 0.326521 0.148931
vt 0.352459 0.148931
vt 0.875755 0.816558
vt 0.875755 0.739978
vt 0.376968 0.121388
vt 0.376968 0.137181
vt 0.376968 0.148931
vt 0.875755 0.826995
vt 0.591612 0.121388
vt 0.591612 0.137181
vt 0.591612 0.148931
vt 0.865382 0.826995
vt 0.855147 0.826995
vt 0.865382 0.837817
vt 0.855147 0.837817
vt 0.875755 0.837817
vt 0.865382 0.850043
vt 0.855147 0.850043
vt 0.875755 0.850043
vt 0.865382 0.905590
vt 0.855147 0.905590
vt 0.875755 0.905590
vt 0.359062 0.018556
vt 0.376968 0.018556
vt 0.376968 0.053063
vt 0.354259 0.025099
vt 0.362722 0.010840
vt 0.376968 0.010840
vt 0.365513 0.003142
vt 0.376968 0.003142
vt 0.409658 0.018556
vt 0.409658 0.053063
vt 0.409658 0.010840
vt 0.409658 0.003142
vt 0.424809 0.018556
vt 0.424809 0.035527
vt 0.424809 0.010840
vt 0.424809 0.003142
vt 0.437764 0.018556
vt 0.437764 0.035527
vt 0.437764 0.010840
vt 0.437764 0.003142
vt 0.454058 0.018556
vt 0.454058 0.053063
vt 0.454058 0.010840
vt 0.454058 0.003142
vt 0.558452 0.018556
vt 0.558452 0.053063
vt 0.558452 0.010840
vt 0.558452 0.003142
vt 0.578350 0.018556
vt 0.578350 0.035527
vt 0.578350 0.010840
vt 0.578350 0.003142
vt 0.591612 0.018556
vt 0.591612 0.035527
vt 0.591612 0.010840
vt 0.591612 0.003142
vt 0.879289 0.730930
vt 0.879289 0.566176
vt 0.867086 0.726545
vt 0.867086 0.572378
vt 0.855147 0.713624
vt 0.855147 0.594223
vt 0.300723 0.078239
vt 0.301257 0.068044
vt 0.306740 0.059150
vt 0.314585 0.052081
vt 0.475701 0.369125
vt 0.491637 0.368186
vt 0.468218 0.408676
vt 0.899786 0.342663
vt 0.876267 0.416986
vt 0.863731 0.421601
vt 0.161490 0.763495
vt 0.151408 0.764590
vt 0.147990 0.759985
vt 0.183386 0.736204
vt 0.557029 0.437586
vt 0.547518 0.437753
vt 0.556867 0.428426
vt 0.166698 0.771007
vt 0.160588 0.766043
vt 0.168596 0.769154
vt 0.204489 0.669214
vt 0.204206 0.669557
vt 0.203408 0.669340
vt 0.203743 0.668633
vt 0.351303 0.357143
vt 0.352892 0.363738
vt 0.315008 0.360744
vt 0.315634 0.354777
vt 0.364458 0.436857
vt 0.386996 0.438195
vt 0.388869 0.441043
vt 0.362093 0.440185
vt 0.476630 0.363966
vt 0.471309 0.368640
vt 0.473012 0.364168
vt 0.353449 0.323939
vt 0.355887 0.336395
vt 0.317559 0.334877
vt 0.317835 0.324012
vt 0.466965 0.414516
vt 0.465733 0.429709
vt 0.460161 0.429956
vt 0.463388 0.415802
vt 0.300723 0.446716
vt 0.300728 0.440352
vt 0.352533 0.440542
vt 0.351346 0.446716
vt 0.461787 0.361920
vt 0.439502 0.360945
vt 0.438927 0.359981
vt 0.462471 0.361375
vt 0.475498 0.334015
vt 0.471774 0.344980
vt 0.467341 0.344525
vt 0.466317 0.332933
vt 0.163593 0.774036
vt 0.157979 0.769145
vt 0.462651 0.368170
vt 0.437138 0.366016
vt 0.480902 0.335495
vt 0.478606 0.347890
vt 0.472481 0.345199
vt 0.476209 0.334255
vt 0.452368 0.414258
vt 0.455108 0.430446
vt 0.428847 0.429340
vt 0.432722 0.414086
vt 0.463141 0.438269
vt 0.467221 0.438198
vt 0.466861 0.441470
vt 0.461461 0.441170
vt 0.426872 0.358923
vt 0.428207 0.365550
vt 0.400218 0.363356
vt 0.401903 0.358341
vt 0.465620 0.332985
vt 0.466583 0.344539
vt 0.438812 0.339646
vt 0.442313 0.328851
vt 0.421308 0.412853
vt 0.423848 0.429839
vt 0.395404 0.429453
vt 0.399178 0.413373
vt 0.432205 0.413160
vt 0.452897 0.413645
vt 0.401320 0.357696
vt 0.427758 0.357951
vt 0.403202 0.349243
vt 0.427696 0.349558
vt 0.428015 0.350267
vt 0.402802 0.349718
vt 0.398605 0.412411
vt 0.421868 0.412190
vt 0.389771 0.357877
vt 0.391358 0.363301
vt 0.363498 0.363590
vt 0.365140 0.357095
vt 0.354261 0.323781
vt 0.356776 0.336237
vt 0.386596 0.412886
vt 0.390142 0.430248
vt 0.360986 0.427079
vt 0.365253 0.412914
vt 0.432290 0.438564
vt 0.451681 0.437757
vt 0.453716 0.441203
vt 0.430413 0.441294
vt 0.440586 0.351696
vt 0.462510 0.353090
vt 0.462750 0.353533
vt 0.439938 0.352527
vt 0.364247 0.323903
vt 0.361825 0.335431
vt 0.494834 0.351824
vt 0.493201 0.349585
vt 0.398828 0.438385
vt 0.420445 0.437628
vt 0.422480 0.440940
vt 0.396815 0.441354
vt 0.392162 0.323677
vt 0.393982 0.336977
vt 0.362720 0.335635
vt 0.365004 0.324052
vt 0.177136 0.677849
vt 0.201963 0.665695
vt 0.202219 0.666219
vt 0.178443 0.679963
vt 0.549517 0.369383
vt 0.543582 0.368835
vt 0.546023 0.354342
vt 0.549037 0.354877
vt 0.202520 0.666833
vt 0.179867 0.682220
vt 0.202895 0.667595
vt 0.180942 0.683907
vt 0.452340 0.437745
vt 0.454807 0.441462
vt 0.500965 0.350244
vt 0.544590 0.352532
vt 0.498780 0.367976
vt 0.484029 0.362649
vt 0.484193 0.356078
vt 0.473347 0.354976
vt 0.462479 0.438248
vt 0.459555 0.429888
vt 0.430801 0.327103
vt 0.432092 0.339803
vt 0.400796 0.337325
vt 0.404207 0.325310
vt 0.437981 0.339370
vt 0.441636 0.328626
vt 0.387689 0.438203
vt 0.389691 0.441058
vt 0.392880 0.323580
vt 0.394830 0.336951
vt 0.398039 0.438374
vt 0.394682 0.429445
vt 0.300829 0.437663
vt 0.350362 0.436646
vt 0.498784 0.352598
vt 0.551013 0.352461
vt 0.466852 0.446716
vt 0.462319 0.446716
vt 0.452824 0.446716
vt 0.431011 0.446716
vt 0.421514 0.446716
vt 0.397510 0.446716
vt 0.363561 0.436915
vt 0.360282 0.427096
vt 0.396021 0.441339
vt 0.387882 0.446716
vt 0.362915 0.446716
vt 0.353552 0.440691
vt 0.352103 0.446716
vt 0.150608 0.766159
vt 0.203446 0.668346
vt 0.204000 0.668895
vt 0.183108 0.685270
vt 0.182140 0.684359
vt 0.387545 0.403009
vt 0.365813 0.403752
vt 0.364308 0.356052
vt 0.390407 0.357247
vt 0.473768 0.354560
vt 0.477631 0.355139
vt 0.477492 0.355936
vt 0.421624 0.404089
vt 0.399791 0.403688
vt 0.453082 0.405018
vt 0.432844 0.404414
vt 0.364824 0.412305
vt 0.387208 0.411948
vt 0.463939 0.405886
vt 0.432924 0.339790
vt 0.431554 0.327029
vt 0.316168 0.347911
vt 0.352225 0.346712
vt 0.352605 0.347321
vt 0.316183 0.348427
vt 0.460431 0.441513
vt 0.476510 0.362999
vt 0.483145 0.362010
vt 0.455730 0.430422
vt 0.362113 0.446716
vt 0.361081 0.440200
vt 0.365001 0.404440
vt 0.362751 0.363549
vt 0.398810 0.404692
vt 0.399547 0.363206
vt 0.462987 0.406258
vt 0.470709 0.368511
vt 0.467351 0.409032
vt 0.352089 0.356372
vt 0.353735 0.363594
vt 0.453734 0.405699
vt 0.431787 0.405407
vt 0.428955 0.365569
vt 0.422342 0.404766
vt 0.392065 0.363270
vt 0.466529 0.414075
vt 0.365566 0.347900
vt 0.366014 0.347195
vt 0.390559 0.349182
vt 0.399992 0.337219
vt 0.914394 0.341147
vt 0.902897 0.344436
vt 0.913664 0.338597
vt 0.483600 0.356759
vt 0.472500 0.363583
vt 0.463357 0.368229
vt 0.462920 0.415340
vt 0.390831 0.430219
vt 0.428180 0.429270
vt 0.424548 0.429943
vt 0.436457 0.365865
vt 0.355430 0.427742
vt 0.354982 0.412071
vt 0.354769 0.404236
vt 0.388427 0.404017
vt 0.390950 0.349728
vt 0.315673 0.354161
vt 0.896101 0.359449
vt 0.403571 0.325126
vt 0.558114 0.341959
vt 0.899106 0.352671
vt 0.899598 0.352793
vt 0.891246 0.376290
vt 0.877209 0.418083
vt 0.421260 0.437724
vt 0.431544 0.438491
vt 0.429443 0.441439
vt 0.423404 0.440945
vt 0.351179 0.436673
vt 0.461428 0.446716
vt 0.453695 0.446716
vt 0.396899 0.446716
vt 0.388524 0.446716
vt 0.430230 0.446716
vt 0.422186 0.446716
vt 0.354698 0.427706
vt 0.859854 0.428575
vt 0.860455 0.434225
vt 0.860113 0.434156
vt 0.861719 0.424643
vt 0.861716 0.424900
vt 0.860486 0.440426
vt 0.860147 0.440426
vt 0.855161 0.434096
vt 0.855338 0.427471
vt 0.855147 0.440426
vt 0.857223 0.422637
vt 0.863844 0.433745
vt 0.898371 0.360174
vt 0.301546 0.425028
vt 0.311500 0.418794
vt 0.864580 0.423250
vt 0.301973 0.422001
vt 0.858920 0.419310
vt 0.890036 0.334124
vt 0.906047 0.323580
vt 0.597896 0.277712
vt 0.691745 0.277712
vt 0.691745 0.294171
vt 0.597896 0.283666
vt 0.597896 0.289915
vt 0.601323 0.292900
vt 0.605154 0.294478
vt 0.557609 0.345803
vt 0.559587 0.351511
vt 0.559389 0.353186
vt 0.268619 0.664999
vt 0.271633 0.668601
vt 0.270758 0.669454
vt 0.267499 0.665728
vt 0.247535 0.692115
vt 0.244219 0.688729
vt 0.264653 0.659602
vt 0.265743 0.659084
vt 0.192218 0.746101
vt 0.148668 0.754088
vt 0.149907 0.755197
vt 0.149138 0.756913
vt 0.147517 0.755920
vt 0.148483 0.758292
vt 0.146669 0.757848
vt 0.146032 0.759916
vt 0.184680 0.686919
vt 0.204346 0.669206
vt 0.157886 0.706611
vt 0.156230 0.705177
vt 0.186041 0.688400
vt 0.160195 0.709604
vt 0.158995 0.707969
vt 0.204169 0.670265
vt 0.203348 0.670106
vt 0.203433 0.668679
vt 0.203302 0.668167
vt 0.204110 0.667990
vt 0.204675 0.669531
vt 0.205501 0.666929
vt 0.217778 0.656365
vt 0.218279 0.658495
vt 0.206409 0.667992
vt 0.264999 0.657514
vt 0.240083 0.684577
vt 0.204942 0.668835
vt 0.226056 0.694759
vt 0.154252 0.705184
vt 0.557627 0.369896
vt 0.556547 0.395788
vt 0.152703 0.703211
vt 0.151198 0.701288
vt 0.149653 0.699311
vt 0.204453 0.669477
vt 0.557776 0.367853
vt 0.547541 0.440817
vt 0.547559 0.446716
vt 0.475701 0.524307
vt 0.468218 0.484756
vt 0.491637 0.525246
vt 0.899788 0.538187
vt 0.863731 0.459250
vt 0.876268 0.463865
vt 0.174081 0.776396
vt 0.201897 0.755171
vt 0.177260 0.789979
vt 0.172740 0.786449
vt 0.557028 0.455846
vt 0.556867 0.465005
vt 0.547518 0.455679
vt 0.171511 0.777236
vt 0.269380 0.735705
vt 0.269944 0.736466
vt 0.269228 0.736784
vt 0.269031 0.735980
vt 0.351303 0.536289
vt 0.315635 0.538656
vt 0.315009 0.532688
vt 0.352892 0.529694
vt 0.364458 0.456575
vt 0.362093 0.453247
vt 0.388869 0.452390
vt 0.386996 0.455237
vt 0.476630 0.529466
vt 0.473012 0.529264
vt 0.471309 0.524791
vt 0.353450 0.569492
vt 0.317836 0.569420
vt 0.317561 0.558555
vt 0.355887 0.557037
vt 0.466965 0.478916
vt 0.463388 0.477630
vt 0.460161 0.463477
vt 0.465733 0.463723
vt 0.352533 0.452890
vt 0.300728 0.453080
vt 0.461787 0.531511
vt 0.462471 0.532057
vt 0.438927 0.533450
vt 0.439502 0.532487
vt 0.475498 0.559417
vt 0.466317 0.560499
vt 0.467341 0.548907
vt 0.471774 0.548452
vt 0.168345 0.779769
vt 0.437139 0.527415
vt 0.462651 0.525262
vt 0.480902 0.557937
vt 0.476209 0.559177
vt 0.472481 0.548233
vt 0.478606 0.545541
vt 0.452368 0.479174
vt 0.432723 0.479346
vt 0.428847 0.464092
vt 0.455108 0.462986
vt 0.463141 0.455163
vt 0.461461 0.452262
vt 0.466861 0.451962
vt 0.467221 0.455234
vt 0.426872 0.534508
vt 0.401903 0.535091
vt 0.400218 0.530075
vt 0.428207 0.527882
vt 0.465620 0.560447
vt 0.442313 0.564580
vt 0.438812 0.553785
vt 0.466583 0.548893
vt 0.421309 0.480579
vt 0.399178 0.480059
vt 0.395404 0.463980
vt 0.423849 0.463594
vt 0.452897 0.479787
vt 0.432205 0.480272
vt 0.427758 0.535481
vt 0.401320 0.535735
vt 0.403202 0.544189
vt 0.402802 0.543713
vt 0.428015 0.543165
vt 0.427696 0.543874
vt 0.421868 0.481242
vt 0.398605 0.481022
vt 0.389771 0.535555
vt 0.365140 0.536337
vt 0.363498 0.529842
vt 0.391358 0.530131
vt 0.356777 0.557195
vt 0.354261 0.569650
vt 0.386596 0.480546
vt 0.365253 0.480518
vt 0.360986 0.466353
vt 0.390143 0.463185
vt 0.432290 0.454868
vt 0.430413 0.452138
vt 0.453716 0.452229
vt 0.451681 0.455675
vt 0.440586 0.541736
vt 0.439938 0.540904
vt 0.462750 0.539899
vt 0.462510 0.540342
vt 0.364248 0.569529
vt 0.361826 0.558000
vt 0.494834 0.541608
vt 0.493201 0.543847
vt 0.398828 0.455048
vt 0.396815 0.452078
vt 0.422480 0.452493
vt 0.420445 0.455804
vt 0.392163 0.569755
vt 0.365005 0.569379
vt 0.362720 0.557797
vt 0.393982 0.556455
vt 0.260082 0.762841
vt 0.258000 0.761482
vt 0.272320 0.738048
vt 0.272837 0.738317
vt 0.549517 0.524048
vt 0.549037 0.538554
vt 0.546023 0.539090
vt 0.543582 0.524597
vt 0.255779 0.760004
vt 0.271713 0.737733
vt 0.254118 0.758888
vt 0.270960 0.737339
vt 0.454807 0.451970
vt 0.452340 0.455687
vt 0.500965 0.543188
vt 0.498780 0.525456
vt 0.544590 0.540899
vt 0.484193 0.537354
vt 0.484029 0.530783
vt 0.473347 0.538455
vt 0.459555 0.463545
vt 0.462479 0.455184
vt 0.430801 0.566328
vt 0.404208 0.568122
vt 0.400796 0.556106
vt 0.432092 0.553628
vt 0.441636 0.564805
vt 0.437981 0.554061
vt 0.389691 0.452375
vt 0.387689 0.455229
vt 0.392880 0.569852
vt 0.394831 0.556480
vt 0.394682 0.463987
vt 0.398039 0.455058
vt 0.350362 0.456786
vt 0.300829 0.455770
vt 0.498784 0.540834
vt 0.551013 0.540971
vt 0.360282 0.466336
vt 0.363561 0.456518
vt 0.396021 0.452093
vt 0.353552 0.452741
vt 0.171152 0.787211
vt 0.270223 0.736770
vt 0.253696 0.757679
vt 0.252808 0.756689
vt 0.269688 0.736202
vt 0.365813 0.489680
vt 0.387546 0.490423
vt 0.390407 0.536185
vt 0.364309 0.537380
vt 0.473768 0.538871
vt 0.477492 0.537496
vt 0.477631 0.538293
vt 0.399791 0.489744
vt 0.421624 0.489344
vt 0.432845 0.489018
vt 0.453082 0.488414
vt 0.387208 0.481484
vt 0.364824 0.481128
vt 0.463939 0.487546
vt 0.431554 0.566402
vt 0.432924 0.553641
vt 0.316169 0.545521
vt 0.316184 0.545005
vt 0.352606 0.546111
vt 0.352226 0.546720
vt 0.460431 0.451919
vt 0.483145 0.531422
vt 0.476510 0.530433
vt 0.455730 0.463010
vt 0.361081 0.453232
vt 0.362751 0.529884
vt 0.365001 0.488992
vt 0.399547 0.530226
vt 0.398810 0.488740
vt 0.470709 0.524921
vt 0.462987 0.487174
vt 0.467351 0.484400
vt 0.353735 0.529837
vt 0.352090 0.537060
vt 0.431787 0.488025
vt 0.453734 0.487733
vt 0.428955 0.527863
vt 0.422342 0.488666
vt 0.392065 0.530161
vt 0.466529 0.479357
vt 0.365566 0.545532
vt 0.366014 0.546237
vt 0.390559 0.544250
vt 0.399992 0.556213
vt 0.914394 0.539703
vt 0.913665 0.542252
vt 0.902898 0.536414
vt 0.483600 0.536673
vt 0.472500 0.529849
vt 0.463357 0.525203
vt 0.462920 0.478091
vt 0.390831 0.463213
vt 0.424548 0.463489
vt 0.428180 0.464162
vt 0.436457 0.527567
vt 0.354982 0.481362
vt 0.355430 0.465691
vt 0.354769 0.489197
vt 0.388427 0.489415
vt 0.390951 0.543704
vt 0.315674 0.539272
vt 0.896103 0.521403
vt 0.403571 0.568306
vt 0.558114 0.551473
vt 0.899108 0.528180
vt 0.899600 0.528058
vt 0.877210 0.462768
vt 0.891247 0.504562
vt 0.421260 0.455708
vt 0.423404 0.452488
vt 0.429443 0.451994
vt 0.431544 0.454941
vt 0.351179 0.456760
vt 0.354699 0.465726
vt 0.859855 0.452276
vt 0.860113 0.446695
vt 0.860455 0.446626
vt 0.861720 0.456208
vt 0.861716 0.455951
vt 0.855339 0.453380
vt 0.855161 0.446755
vt 0.857224 0.458214
vt 0.863844 0.447106
vt 0.898373 0.520678
vt 0.301546 0.468405
vt 0.311501 0.474639
vt 0.864580 0.457601
vt 0.301973 0.471432
vt 0.858920 0.461541
vt 0.906048 0.557268
vt 0.890038 0.546725
vt 0.597896 0.271759
vt 0.691745 0.261254
vt 0.597896 0.265510
vt 0.601323 0.262525
vt 0.604411 0.260957
vt 0.557609 0.547629
vt 0.559389 0.540246
vt 0.559587 0.541920
vt 0.275160 0.671703
vt 0.274403 0.672805
vt 0.250839 0.695513
vt 0.280456 0.675800
vt 0.281002 0.674724
vt 0.183173 0.789445
vt 0.181312 0.790551
vt 0.180359 0.788906
vt 0.182093 0.788178
vt 0.179365 0.791351
vt 0.178965 0.789527
vt 0.177282 0.791937
vt 0.251199 0.755079
vt 0.269385 0.735850
vt 0.232253 0.783075
vt 0.230860 0.781384
vt 0.249752 0.753682
vt 0.229529 0.780243
vt 0.227925 0.779003
vt 0.268461 0.736824
vt 0.268322 0.736001
vt 0.269889 0.736774
vt 0.270398 0.736918
vt 0.270595 0.736115
vt 0.269069 0.735512
vt 0.271689 0.734750
vt 0.270649 0.733817
vt 0.280432 0.722181
vt 0.282549 0.722734
vt 0.282549 0.675508
vt 0.254889 0.699749
vt 0.269771 0.735262
vt 0.244369 0.713524
vt 0.232198 0.785052
vt 0.556547 0.497644
vt 0.557627 0.523536
vt 0.234133 0.786649
vt 0.236019 0.788199
vt 0.237958 0.789792
vt 0.269117 0.735735
vt 0.557776 0.525579
vt 0.547541 0.452615
vt 0.075013 0.958091
vt 0.074974 0.954395
vt 0.076842 0.956168
vt 0.073564 0.973537
vt 0.072099 0.967986
vt 0.075544 0.964774
vt 0.082218 0.970138
vt 0.071399 0.953444
vt 0.074167 0.954144
vt 0.073186 0.956566
vt 0.071174 0.955892
vt 0.080812 0.959353
vt 0.082026 0.967152
vt 0.076257 0.960912
vt 0.068569 0.954165
vt 0.070632 0.953412
vt 0.069059 0.955996
vt 0.080021 0.958270
vt 0.073565 0.963446
vt 0.074303 0.961012
vt 0.411050 0.914575
vt 0.410080 0.924839
vt 0.404631 0.924949
vt 0.403155 0.915297
vt 0.399182 0.925018
vt 0.399083 0.915350
vt 0.415190 0.914465
vt 0.415512 0.924685
vt 0.072549 0.957673
vt 0.071023 0.957132
vt 0.073780 0.958939
vt 0.071760 0.965371
vt 0.094162 0.901596
vt 0.104463 0.901640
vt 0.103339 0.938633
vt 0.093810 0.936314
vt 0.069359 0.957180
vt 0.064847 0.904079
vt 0.074890 0.902373
vt 0.077307 0.933596
vt 0.070394 0.934105
vt 0.552991 0.604343
vt 0.552984 0.610963
vt 0.546731 0.610865
vt 0.546606 0.604275
vt 0.552202 0.583617
vt 0.552715 0.590731
vt 0.546114 0.591016
vt 0.545530 0.584440
vt 0.552937 0.617393
vt 0.546915 0.617393
vt 0.552921 0.597606
vt 0.546431 0.597649
vt 0.550835 0.576136
vt 0.544581 0.577988
vt 0.513087 0.597427
vt 0.513085 0.590929
vt 0.513190 0.584608
vt 0.513388 0.617397
vt 0.513178 0.610581
vt 0.513852 0.578754
vt 0.513115 0.603978
vt 0.511079 0.597380
vt 0.511115 0.590858
vt 0.511359 0.584404
vt 0.511090 0.617397
vt 0.511098 0.610553
vt 0.512208 0.578012
vt 0.511086 0.603937
vt 0.409029 0.598193
vt 0.408934 0.591635
vt 0.408672 0.584898
vt 0.409000 0.617421
vt 0.409069 0.611157
vt 0.407653 0.577743
vt 0.409068 0.604700
vt 0.406870 0.598163
vt 0.406745 0.591643
vt 0.406392 0.585064
vt 0.407138 0.617422
vt 0.406979 0.611114
vt 0.405392 0.578652
vt 0.406929 0.604657
vt 0.376674 0.604772
vt 0.376625 0.598502
vt 0.376593 0.592302
vt 0.376593 0.586220
vt 0.376817 0.617431
vt 0.376737 0.611087
vt 0.376681 0.580355
vt 0.365677 0.617435
vt 0.365725 0.611063
vt 0.365766 0.604713
vt 0.365822 0.598377
vt 0.365920 0.592047
vt 0.366098 0.585703
vt 0.366410 0.579289
vt 0.300899 0.584939
vt 0.300978 0.578428
vt 0.300833 0.591447
vt 0.300723 0.617464
vt 0.300727 0.610961
vt 0.300746 0.604457
vt 0.300781 0.597952
vt 0.709132 0.892874
vt 0.714916 0.921534
vt 0.707267 0.927271
vt 0.698442 0.891354
vt 0.718198 0.880726
vt 0.724076 0.924628
vt 0.715649 0.935883
vt 0.695767 0.928598
vt 0.690863 0.895644
vt 0.689311 0.929605
vt 0.685362 0.896588
vt 0.683144 0.930949
vt 0.679638 0.895207
vt 0.674470 0.934063
vt 0.670280 0.891247
vt 0.706179 0.933071
vt 0.713587 0.937778
vt 0.698210 0.931945
vt 0.690799 0.932772
vt 0.683707 0.934456
vt 0.677792 0.938288
vt 0.654391 0.933734
vt 0.651375 0.891009
vt 0.944438 0.305773
vt 0.945566 0.296137
vt 0.953854 0.296092
vt 0.953325 0.306449
vt 0.941378 0.303971
vt 0.941138 0.303922
vt 0.941572 0.293759
vt 0.941711 0.270844
vt 0.941637 0.259441
vt 0.945156 0.257350
vt 0.945799 0.268533
vt 0.954640 0.257350
vt 0.954640 0.268717
vt 0.937638 0.306031
vt 0.937178 0.257081
vt 0.941366 0.259502
vt 0.954380 0.276307
vt 0.954593 0.279212
vt 0.946375 0.279543
vt 0.941792 0.277434
vt 0.954504 0.285446
vt 0.954104 0.288592
vt 0.941641 0.285951
vt 0.945764 0.284379
vt 0.953784 0.293210
vt 0.954445 0.271823
vt 0.647298 0.944166
vt 0.675428 0.944903
vt 0.647572 0.933715
vt 0.644635 0.880726
vt 0.644729 0.890916
vt 0.063248 0.934676
vt 0.055468 0.905863
vt 0.069150 0.934300
vt 0.078819 0.933623
vt 0.105735 0.939387
vt 0.084384 0.901468
vt 0.092205 0.936014
vt 0.084902 0.933397
vt 0.113410 0.901766
vt 0.113410 0.938912
vt 0.068155 0.952656
vt 0.069109 0.952097
vt 0.067196 0.938633
vt 0.064275 0.938626
vt 0.085865 0.974972
vt 0.076772 0.985228
vt 0.107637 0.945487
vt 0.112667 0.945182
vt 0.079585 0.954674
vt 0.086878 0.939939
vt 0.076941 0.953266
vt 0.078077 0.954262
vt 0.080650 0.938043
vt 0.083872 0.938212
vt 0.427303 0.914095
vt 0.419260 0.914332
vt 0.418275 0.887537
vt 0.426429 0.886767
vt 0.402427 0.886959
vt 0.410504 0.887781
vt 0.420943 0.924518
vt 0.426388 0.924290
vt 0.431323 0.913889
vt 0.431831 0.924008
vt 0.406950 0.861208
vt 0.411285 0.864754
vt 0.398237 0.886198
vt 0.403959 0.857594
vt 0.416423 0.864402
vt 0.421188 0.860775
vt 0.414401 0.887718
vt 0.413865 0.865142
vt 0.430242 0.885976
vt 0.424354 0.857594
vt 0.065052 0.960943
vt 0.062439 0.960177
vt 0.063156 0.957631
vt 0.064755 0.974882
vt 0.067960 0.966996
vt 0.072033 0.968001
vt 0.065786 0.954949
vt 0.067199 0.956892
vt 0.065819 0.958553
vt 0.063726 0.956994
vt 0.060608 0.965013
vt 0.065412 0.964129
vt 0.063477 0.972247
vt 0.066424 0.954541
vt 0.060749 0.963667
vt 0.067188 0.963305
vt 0.069009 0.965071
vt 0.411050 0.800613
vt 0.403155 0.799891
vt 0.404631 0.790240
vt 0.410080 0.790349
vt 0.399083 0.799838
vt 0.399182 0.790170
vt 0.415512 0.790503
vt 0.415191 0.800723
vt 0.067921 0.957835
vt 0.066962 0.959143
vt 0.066636 0.961037
vt 0.071710 0.965355
vt 0.019745 0.921626
vt 0.037608 0.951535
vt 0.030546 0.958388
vt 0.010835 0.926887
vt 0.046452 0.908999
vt 0.056791 0.937691
vt 0.050531 0.940784
vt 0.036867 0.912557
vt 0.552991 0.630442
vt 0.546607 0.630510
vt 0.546731 0.623921
vt 0.552984 0.623823
vt 0.552207 0.651163
vt 0.545536 0.650342
vt 0.546118 0.643767
vt 0.552717 0.644050
vt 0.546433 0.637135
vt 0.552921 0.637177
vt 0.550843 0.658642
vt 0.544589 0.656793
vt 0.513094 0.643863
vt 0.513093 0.637366
vt 0.513202 0.650184
vt 0.513180 0.624213
vt 0.513865 0.656037
vt 0.513119 0.630816
vt 0.511124 0.643936
vt 0.511086 0.637414
vt 0.511371 0.650389
vt 0.511101 0.624242
vt 0.512223 0.656780
vt 0.511091 0.630857
vt 0.408948 0.643206
vt 0.409040 0.636648
vt 0.408691 0.649942
vt 0.409072 0.623685
vt 0.407675 0.657097
vt 0.409075 0.630142
vt 0.406760 0.643199
vt 0.406881 0.636680
vt 0.406410 0.649778
vt 0.406982 0.623729
vt 0.405414 0.656189
vt 0.406936 0.630186
vt 0.376639 0.636360
vt 0.376683 0.630091
vt 0.376611 0.642559
vt 0.376615 0.648641
vt 0.376742 0.623775
vt 0.376707 0.654504
vt 0.365730 0.623807
vt 0.365837 0.636493
vt 0.365776 0.630157
vt 0.365940 0.642823
vt 0.366123 0.649165
vt 0.366439 0.655578
vt 0.301015 0.656496
vt 0.300930 0.649986
vt 0.300859 0.643479
vt 0.300734 0.623966
vt 0.300802 0.636974
vt 0.300760 0.630470
vt 0.709132 0.868578
vt 0.698442 0.870099
vt 0.707267 0.834181
vt 0.714916 0.839918
vt 0.724076 0.836824
vt 0.715649 0.825569
vt 0.690863 0.865808
vt 0.695766 0.832854
vt 0.685362 0.864864
vt 0.689311 0.831847
vt 0.679638 0.866245
vt 0.683144 0.830503
vt 0.670280 0.870205
vt 0.674470 0.827389
vt 0.706179 0.828381
vt 0.713587 0.823674
vt 0.698210 0.829507
vt 0.690799 0.828680
vt 0.683707 0.826997
vt 0.677792 0.823164
vt 0.651375 0.870443
vt 0.654391 0.827718
vt 0.126955 0.902144
vt 0.135842 0.901468
vt 0.136371 0.911825
vt 0.128083 0.911780
vt 0.123895 0.903946
vt 0.124090 0.914158
vt 0.123655 0.903995
vt 0.124228 0.937073
vt 0.128316 0.939384
vt 0.127674 0.950567
vt 0.124154 0.948476
vt 0.137157 0.939200
vt 0.137157 0.950567
vt 0.120155 0.901886
vt 0.123883 0.948415
vt 0.119695 0.950836
vt 0.136898 0.931610
vt 0.124310 0.930483
vt 0.128892 0.928374
vt 0.137111 0.928705
vt 0.137021 0.922470
vt 0.128281 0.923538
vt 0.124158 0.921966
vt 0.136621 0.919325
vt 0.136301 0.914707
vt 0.136963 0.936094
vt 0.647298 0.817286
vt 0.675428 0.816549
vt 0.647572 0.827737
vt 0.644729 0.870537
vt 0.057968 0.937227
vt 0.049232 0.941577
vt 0.028854 0.960256
vt 0.028165 0.916563
vt 0.038850 0.950460
vt 0.043845 0.944476
vt 0.003142 0.931533
vt 0.021976 0.963736
vt 0.067060 0.952681
vt 0.061821 0.939952
vt 0.063984 0.980868
vt 0.030305 0.966485
vt 0.025802 0.968777
vt 0.045449 0.951159
vt 0.059262 0.960273
vt 0.060369 0.959132
vt 0.060850 0.957663
vt 0.049893 0.946343
vt 0.047183 0.948129
vt 0.427303 0.801093
vt 0.426429 0.828421
vt 0.418275 0.827651
vt 0.419260 0.800856
vt 0.410504 0.827407
vt 0.402427 0.828229
vt 0.420943 0.790671
vt 0.426388 0.790898
vt 0.431831 0.791180
vt 0.431323 0.801299
vt 0.411285 0.850434
vt 0.406950 0.853980
vt 0.398237 0.828991
vt 0.421188 0.854413
vt 0.416423 0.850786
vt 0.414401 0.827470
vt 0.413865 0.850046
vt 0.430242 0.829212
vt 0.923833 0.332965
vt 0.925969 0.333401
vt 0.922915 0.425051
vt 0.920679 0.425372
vt 0.969524 0.327009
vt 0.975401 0.333339
vt 0.951573 0.326334
vt 0.927208 0.431014
vt 0.945082 0.434276
vt 0.948477 0.325813
vt 0.930624 0.327672
vt 0.929916 0.325642
vt 0.948238 0.323580
vt 0.924862 0.329603
vt 0.926615 0.330624
vt 0.926905 0.327269
vt 0.928112 0.328768
vt 0.923453 0.427822
vt 0.921564 0.428757
vt 0.924835 0.429896
vt 0.923530 0.431356
vt 0.926364 0.433077
vt 0.281019 0.516931
vt 0.282720 0.515919
vt 0.282793 0.517091
vt 0.839499 0.307314
vt 0.845150 0.308252
vt 0.844779 0.314310
vt 0.839128 0.313372
vt 0.847194 0.316512
vt 0.837083 0.315616
vt 0.847194 0.306008
vt 0.837083 0.305112
vt 0.937829 0.382898
vt 0.937804 0.375705
vt 0.930192 0.375553
vt 0.929998 0.382722
vt 0.958569 0.385061
vt 0.975401 0.428693
vt 0.950376 0.434655
vt 0.301944 0.967120
vt 0.302203 0.954495
vt 0.312296 0.953687
vt 0.312036 0.966312
vt 0.300723 0.968852
vt 0.300723 0.953323
vt 0.313516 0.951955
vt 0.313516 0.967484
vt 0.958694 0.374046
vt 0.949903 0.366599
vt 0.950882 0.366616
vt 0.950407 0.392942
vt 0.949428 0.392925
vt 0.974528 0.330261
vt 0.972989 0.385400
vt 0.972518 0.328134
vt 0.972936 0.373559
vt 0.281777 0.513985
vt 0.283349 0.514928
vt 0.948286 0.392904
vt 0.948761 0.366578
vt 0.974240 0.431689
vt 0.969041 0.434677
vt 0.972040 0.433880
vt 0.136859 0.889670
vt 0.136859 0.890480
vt 0.129108 0.890480
vt 0.129108 0.889670
vt 0.136859 0.892098
vt 0.136859 0.892908
vt 0.129108 0.892908
vt 0.129108 0.892098
vt 0.136859 0.886433
vt 0.136859 0.887242
vt 0.129108 0.887242
vt 0.129108 0.886433
vt 0.136859 0.888861
vt 0.129108 0.888861
vt 0.136859 0.891289
vt 0.129108 0.891289
vt 0.136859 0.893717
vt 0.136859 0.894526
vt 0.129108 0.894526
vt 0.129108 0.893717
vt 0.136859 0.888052
vt 0.129108 0.888052
vt 0.267244 0.497856
vt 0.266474 0.498106
vt 0.267719 0.497201
vt 0.265228 0.496392
vt 0.267244 0.495737
vt 0.265704 0.497856
vt 0.266474 0.495487
vt 0.265228 0.497201
vt 0.265704 0.495737
vt 0.267719 0.496392
vt 0.288476 0.513970
vt 0.287069 0.514333
vt 0.286803 0.512292
vt 0.288345 0.512154
vt 0.284335 0.514352
vt 0.283819 0.512930
vt 0.293114 0.513894
vt 0.292194 0.513497
vt 0.292521 0.512364
vt 0.294439 0.513106
vt 0.289806 0.513696
vt 0.289751 0.512117
vt 0.285611 0.514253
vt 0.285325 0.512520
vt 0.944693 0.436412
vt 0.291050 0.513519
vt 0.291129 0.512151
vt 0.279730 0.477709
vt 0.281695 0.478035
vt 0.290512 0.477511
vt 0.292603 0.477072
vt 0.286264 0.478104
vt 0.287691 0.477940
vt 0.283203 0.478176
vt 0.289099 0.477757
vt 0.284706 0.478200
vt 0.290189 0.476209
vt 0.291439 0.475827
vt 0.286061 0.476294
vt 0.287460 0.476293
vt 0.281875 0.476508
vt 0.283260 0.476391
vt 0.293440 0.476221
vt 0.292595 0.475404
vt 0.288844 0.476251
vt 0.284665 0.476217
vt 0.278769 0.476849
vt 0.279476 0.475962
vt 0.280637 0.476256
vt 0.285976 0.469944
vt 0.287288 0.470057
vt 0.282081 0.470114
vt 0.283391 0.470059
vt 0.291066 0.469988
vt 0.292181 0.470080
vt 0.288611 0.469963
vt 0.284698 0.470016
vt 0.279523 0.470391
vt 0.280780 0.470243
vt 0.289860 0.469879
vt 0.282071 0.469403
vt 0.283406 0.469362
vt 0.291148 0.469320
vt 0.292440 0.469534
vt 0.287283 0.469291
vt 0.288620 0.469280
vt 0.284715 0.469339
vt 0.279217 0.469781
vt 0.280675 0.469496
vt 0.289870 0.469290
vt 0.285978 0.469333
vt 0.286961 0.448840
vt 0.288319 0.448812
vt 0.283008 0.448829
vt 0.284262 0.448846
vt 0.279083 0.448538
vt 0.280409 0.448770
vt 0.289582 0.448775
vt 0.285584 0.448846
vt 0.281755 0.448832
vt 0.290897 0.448726
vt 0.292311 0.448467
vt 0.283010 0.448200
vt 0.284287 0.448125
vt 0.279366 0.447939
vt 0.280503 0.448031
vt 0.288292 0.448073
vt 0.289554 0.448134
vt 0.285604 0.448081
vt 0.281754 0.448119
vt 0.290794 0.447978
vt 0.286956 0.447993
vt 0.292002 0.447847
vt 0.279071 0.443323
vt 0.280319 0.442948
vt 0.288587 0.442661
vt 0.289932 0.442663
vt 0.284396 0.442814
vt 0.285800 0.442698
vt 0.281610 0.442622
vt 0.291123 0.442977
vt 0.287203 0.442658
vt 0.283001 0.442684
vt 0.292172 0.443326
vt 0.288820 0.441112
vt 0.290236 0.441350
vt 0.284396 0.440754
vt 0.285967 0.440817
vt 0.279245 0.441386
vt 0.281368 0.440977
vt 0.292185 0.441742
vt 0.287399 0.440951
vt 0.282887 0.440812
vt 0.292976 0.442533
vt 0.278237 0.442371
vt 0.285598 0.406426
vt 0.287146 0.406534
vt 0.280727 0.404858
vt 0.282623 0.405820
vt 0.291379 0.406254
vt 0.293473 0.405419
vt 0.288571 0.406542
vt 0.284118 0.406220
vt 0.289960 0.406483
vt 0.282167 0.403936
vt 0.283102 0.404456
vt 0.291013 0.405061
vt 0.291994 0.404604
vt 0.287230 0.404711
vt 0.288578 0.404941
vt 0.284364 0.404516
vt 0.292704 0.402612
vt 0.294439 0.402706
vt 0.292673 0.403723
vt 0.289844 0.405078
vt 0.285813 0.404395
vt 0.556735 0.812649
vt 0.556727 0.813416
vt 0.549127 0.813257
vt 0.549245 0.812442
vt 0.556727 0.814954
vt 0.556736 0.815722
vt 0.549132 0.815839
vt 0.549201 0.814959
vt 0.556769 0.817257
vt 0.556796 0.818022
vt 0.549200 0.818337
vt 0.549106 0.817516
vt 0.556749 0.811884
vt 0.549207 0.811623
vt 0.556724 0.814184
vt 0.549155 0.814083
vt 0.556749 0.816490
vt 0.549107 0.816692
vt 0.556770 0.811121
vt 0.549178 0.810833
vt 0.556796 0.810289
vt 0.549227 0.810046
vt 0.548608 0.815853
vt 0.548624 0.814946
vt 0.548738 0.818566
vt 0.548637 0.817570
vt 0.548717 0.812418
vt 0.548732 0.811605
vt 0.548651 0.814056
vt 0.548610 0.816724
vt 0.548730 0.810800
vt 0.548690 0.813232
vt 0.548770 0.809856
vt 0.548269 0.818591
vt 0.548268 0.817597
vt 0.548373 0.812419
vt 0.548391 0.811619
vt 0.548241 0.814952
vt 0.548282 0.814055
vt 0.548242 0.816748
vt 0.548380 0.810820
vt 0.548336 0.813225
vt 0.548227 0.815867
vt 0.548314 0.809859
vt 0.547853 0.810869
vt 0.547783 0.810049
vt 0.547810 0.811618
vt 0.547801 0.812413
vt 0.547781 0.813220
vt 0.547765 0.814041
vt 0.547710 0.814942
vt 0.547772 0.815861
vt 0.547811 0.816737
vt 0.547815 0.817594
vt 0.547694 0.818326
vt 0.538475 0.814680
vt 0.538491 0.813889
vt 0.538390 0.817085
vt 0.538426 0.816281
vt 0.538508 0.811679
vt 0.538504 0.810973
vt 0.538501 0.813144
vt 0.538454 0.815487
vt 0.538495 0.810209
vt 0.538507 0.812401
vt 0.538352 0.817860
vt 0.265827 0.506789
vt 0.265279 0.506164
vt 0.266597 0.506940
vt 0.266499 0.504390
vt 0.267706 0.505992
vt 0.265692 0.504621
vt 0.265228 0.505320
vt 0.267706 0.505258
vt 0.267204 0.504623
vt 0.267313 0.506643
vt 0.441441 0.890076
vt 0.515734 0.887737
vt 0.518145 0.900281
vt 0.441243 0.899784
vt 0.440982 0.924869
vt 0.517635 0.924743
vt 0.517598 0.929804
vt 0.441137 0.931269
vt 0.442141 0.955877
vt 0.514315 0.957360
vt 0.515487 0.963315
vt 0.442310 0.962062
vt 0.517522 0.906743
vt 0.441082 0.905636
vt 0.442119 0.874880
vt 0.515338 0.873280
vt 0.514202 0.879344
vt 0.441978 0.881033
vt 0.440921 0.918452
vt 0.517700 0.918265
vt 0.441564 0.946837
vt 0.515852 0.948871
vt 0.442057 0.868523
vt 0.518669 0.866421
vt 0.440954 0.912035
vt 0.517592 0.911792
vt 0.518251 0.936287
vt 0.441324 0.937128
vt 0.518840 0.970155
vt 0.442277 0.968401
vt 0.521921 0.935717
vt 0.522045 0.929885
vt 0.530958 0.949186
vt 0.530958 0.887348
vt 0.526354 0.890476
vt 0.521631 0.923907
vt 0.523450 0.895450
vt 0.521938 0.900865
vt 0.523419 0.941113
vt 0.526343 0.946069
vt 0.935836 0.664244
vt 0.935206 0.659035
vt 0.951846 0.657228
vt 0.952110 0.661536
vt 0.522077 0.906711
vt 0.521649 0.912724
vt 0.521154 0.918328
vt 0.934690 0.643272
vt 0.934859 0.637986
vt 0.951794 0.639318
vt 0.952064 0.643770
vt 0.934670 0.648538
vt 0.952320 0.648350
vt 0.936021 0.627454
vt 0.936938 0.622264
vt 0.955050 0.625996
vt 0.953134 0.630523
vt 0.936753 0.669385
vt 0.953533 0.665783
vt 0.937846 0.674450
vt 0.955554 0.670172
vt 0.934853 0.653793
vt 0.952050 0.652881
vt 0.935293 0.632702
vt 0.951888 0.634904
vt 0.939119 0.679852
vt 0.957663 0.675316
vt 0.938035 0.616705
vt 0.957117 0.620649
vt 0.953173 0.657185
vt 0.953556 0.661242
vt 0.953375 0.635136
vt 0.953163 0.639325
vt 0.953483 0.643718
vt 0.959075 0.620836
vt 0.956513 0.626604
vt 0.956978 0.669544
vt 0.959540 0.675080
vt 0.954857 0.665280
vt 0.953658 0.648354
vt 0.953435 0.652930
vt 0.954492 0.630981
vt 0.960331 0.628885
vt 0.957694 0.632232
vt 0.957218 0.653610
vt 0.956316 0.657446
vt 0.956550 0.660755
vt 0.958030 0.663878
vt 0.960728 0.667260
vt 0.956451 0.635468
vt 0.956478 0.638947
vt 0.957449 0.643058
vt 0.958657 0.648399
vt 0.964734 0.624441
vt 0.964890 0.671564
vt 0.959876 0.642445
vt 0.962586 0.648502
vt 0.961874 0.630793
vt 0.959063 0.633327
vt 0.959439 0.654279
vt 0.957974 0.657503
vt 0.957954 0.660194
vt 0.959395 0.662681
vt 0.962336 0.665379
vt 0.957934 0.635916
vt 0.958287 0.638780
vt 0.967308 0.627481
vt 0.967308 0.668729
vt 0.930814 0.542291
vt 0.930848 0.540457
vt 0.972270 0.540474
vt 0.972277 0.542340
vt 0.929878 0.533128
vt 0.929857 0.531071
vt 0.972293 0.531136
vt 0.972279 0.533006
vt 0.930648 0.536852
vt 0.930348 0.535037
vt 0.972270 0.534875
vt 0.972267 0.536742
vt 0.929667 0.550326
vt 0.929846 0.548142
vt 0.972315 0.547946
vt 0.972336 0.549819
vt 0.930715 0.544197
vt 0.972286 0.544207
vt 0.930799 0.538653
vt 0.972267 0.538608
vt 0.929789 0.528926
vt 0.929625 0.526744
vt 0.972336 0.527235
vt 0.972312 0.529262
vt 0.930078 0.546090
vt 0.972298 0.546075
vt 0.928516 0.541938
vt 0.928638 0.540254
vt 0.928026 0.533428
vt 0.927457 0.531423
vt 0.928533 0.536949
vt 0.928302 0.535353
vt 0.925958 0.550466
vt 0.927108 0.547479
vt 0.928233 0.543669
vt 0.928634 0.538596
vt 0.926891 0.529282
vt 0.926136 0.526048
vt 0.927789 0.545486
vt 0.927963 0.538639
vt 0.927855 0.537021
vt 0.925917 0.529629
vt 0.924605 0.526549
vt 0.927026 0.545257
vt 0.927522 0.543533
vt 0.927962 0.540249
vt 0.926675 0.531697
vt 0.927628 0.535433
vt 0.927144 0.533646
vt 0.926231 0.547141
vt 0.927825 0.541873
vt 0.924686 0.549731
vt 0.926422 0.543235
vt 0.926735 0.541705
vt 0.926867 0.538670
vt 0.926718 0.537145
vt 0.924432 0.530398
vt 0.922635 0.528165
vt 0.925888 0.544784
vt 0.926875 0.540186
vt 0.925473 0.532227
vt 0.926545 0.535594
vt 0.926201 0.533929
vt 0.925009 0.546385
vt 0.923383 0.548075
vt 0.923926 0.542362
vt 0.924089 0.541153
vt 0.924039 0.538628
vt 0.923862 0.537344
vt 0.921786 0.532521
vt 0.920679 0.531625
vt 0.923590 0.543500
vt 0.924119 0.539903
vt 0.922603 0.533616
vt 0.923594 0.536073
vt 0.923197 0.534824
vt 0.923017 0.544514
vt 0.922097 0.545264
vt 0.265744 0.488687
vt 0.265228 0.486763
vt 0.268560 0.485870
vt 0.269076 0.486763
vt 0.269076 0.487794
vt 0.267667 0.485355
vt 0.267667 0.489202
vt 0.268560 0.488687
vt 0.265744 0.485870
vt 0.266637 0.489202
vt 0.265228 0.487794
vt 0.266637 0.485355
vt 0.737072 0.860787
vt 0.735444 0.866863
vt 0.731936 0.865923
vt 0.730996 0.864295
vt 0.731936 0.860787
vt 0.730996 0.862415
vt 0.738012 0.864295
vt 0.733564 0.866863
vt 0.733564 0.859847
vt 0.738012 0.862415
vt 0.735444 0.859847
vt 0.737072 0.865923
vt 0.624721 0.304672
vt 0.627730 0.303735
vt 0.627729 0.305919
vt 0.626003 0.306446
vt 0.632580 0.307243
vt 0.632549 0.310389
vt 0.630497 0.309718
vt 0.630509 0.307930
vt 0.627686 0.313893
vt 0.624687 0.312911
vt 0.625977 0.311151
vt 0.627700 0.311694
vt 0.622896 0.307226
vt 0.624940 0.307894
vt 0.630742 0.304673
vt 0.629456 0.306453
vt 0.630717 0.312950
vt 0.629431 0.311171
vt 0.622865 0.310359
vt 0.624928 0.309676
vt 0.624000 0.313891
vt 0.621734 0.310742
vt 0.633683 0.310757
vt 0.631428 0.313932
vt 0.627730 0.302541
vt 0.631451 0.303691
vt 0.621766 0.306859
vt 0.627702 0.315098
vt 0.633718 0.306858
vt 0.624013 0.303695
vt 0.632440 0.302208
vt 0.635395 0.306256
vt 0.632529 0.315335
vt 0.627758 0.316879
vt 0.623005 0.315362
vt 0.620066 0.311343
vt 0.627666 0.300763
vt 0.635395 0.311247
vt 0.620061 0.306372
vt 0.622917 0.302298
vt 0.601039 0.302226
vt 0.605897 0.300763
vt 0.605973 0.303227
vt 0.602483 0.304214
vt 0.613777 0.306320
vt 0.613777 0.311334
vt 0.611457 0.310632
vt 0.611513 0.307201
vt 0.605783 0.316640
vt 0.600960 0.315178
vt 0.602257 0.313109
vt 0.605714 0.314179
vt 0.597905 0.306168
vt 0.600229 0.306875
vt 0.610727 0.302325
vt 0.609401 0.304388
vt 0.610650 0.315268
vt 0.609226 0.313280
vt 0.597896 0.311191
vt 0.600162 0.310311
vt 0.286308 0.622103
vt 0.284330 0.621433
vt 0.286866 0.615278
vt 0.290242 0.617166
vt 0.287482 0.623483
vt 0.292967 0.620175
vt 0.287858 0.625249
vt 0.294439 0.624068
vt 0.279066 0.630663
vt 0.285202 0.629700
vt 0.289896 0.635606
vt 0.276912 0.637846
vt 0.275316 0.625059
vt 0.275283 0.626929
vt 0.267965 0.628352
vt 0.267902 0.623578
vt 0.287858 0.627057
vt 0.294439 0.628297
vt 0.278138 0.622408
vt 0.273254 0.615198
vt 0.276267 0.623427
vt 0.269709 0.618958
vt 0.286988 0.628652
vt 0.292867 0.632336
vt 0.277010 0.630038
vt 0.272957 0.635926
vt 0.275704 0.628728
vt 0.269749 0.632679
vt 0.538238 0.954133
vt 0.541439 0.957476
vt 0.542121 0.964065
vt 0.539147 0.965494
vt 0.580929 0.975349
vt 0.582649 0.976129
vt 0.581391 0.977956
vt 0.580289 0.976888
vt 0.951476 0.229053
vt 0.951476 0.239140
vt 0.937178 0.239140
vt 0.937178 0.229053
vt 0.587486 0.969130
vt 0.584182 0.968828
vt 0.584448 0.958441
vt 0.587611 0.955074
vt 0.573249 0.964022
vt 0.571045 0.963562
vt 0.571622 0.958226
vt 0.574088 0.958278
vt 0.581864 0.968691
vt 0.582154 0.958415
vt 0.937272 0.246670
vt 0.945399 0.246670
vt 0.944271 0.249139
vt 0.937902 0.249139
vt 0.963217 0.229053
vt 0.963217 0.237588
vt 0.550349 0.969843
vt 0.551265 0.966667
vt 0.564607 0.969848
vt 0.563315 0.973105
vt 0.942413 0.250796
vt 0.940179 0.250796
vt 0.574780 0.981245
vt 0.576023 0.978555
vt 0.577883 0.979276
vt 0.577580 0.982164
vt 0.735107 0.783017
vt 0.738012 0.783017
vt 0.738012 0.785565
vt 0.735107 0.785565
vt 0.574084 0.977124
vt 0.575475 0.975703
vt 0.576922 0.977129
vt 0.572242 0.979533
vt 0.569134 0.976646
vt 0.571302 0.974098
vt 0.573327 0.972781
vt 0.581598 0.972297
vt 0.735107 0.779251
vt 0.738012 0.779251
vt 0.937225 0.242905
vt 0.946549 0.242905
vt 0.583693 0.972697
vt 0.579565 0.979053
vt 0.580320 0.981994
vt 0.578118 0.977902
vt 0.579174 0.977790
vt 0.738012 0.788381
vt 0.735107 0.788381
vt 0.581769 0.970551
vt 0.583994 0.970793
vt 0.937201 0.241022
vt 0.948011 0.241022
vt 0.735107 0.777369
vt 0.738012 0.777369
vt 0.572033 0.970092
vt 0.569521 0.970572
vt 0.569411 0.968734
vt 0.571887 0.968754
vt 0.567044 0.975013
vt 0.569012 0.971977
vt 0.735107 0.775486
vt 0.738012 0.775486
vt 0.552073 0.957722
vt 0.564560 0.958071
vt 0.569045 0.971926
vt 0.731038 0.775486
vt 0.731038 0.777369
vt 0.738012 0.806083
vt 0.735106 0.806083
vt 0.735106 0.802140
vt 0.738012 0.802140
vt 0.735106 0.799756
vt 0.738012 0.799756
vt 0.731038 0.779251
vt 0.731038 0.785565
vt 0.731038 0.788381
vt 0.738012 0.790615
vt 0.735107 0.790615
vt 0.731038 0.783017
vt 0.735107 0.795820
vt 0.738012 0.795820
vt 0.735107 0.793105
vt 0.738012 0.793105
vt 0.738012 0.817926
vt 0.735107 0.817927
vt 0.735107 0.762130
vt 0.738012 0.765399
vt 0.730689 0.845198
vt 0.733944 0.841929
vt 0.733944 0.853563
vt 0.730689 0.853563
vt 0.585474 0.977833
vt 0.583438 0.980360
vt 0.586944 0.973449
vt 0.587289 0.971271
vt 0.731038 0.806083
vt 0.731038 0.802140
vt 0.731038 0.799756
vt 0.731038 0.790615
vt 0.731038 0.795820
vt 0.731038 0.793105
vt 0.731038 0.817927
vt 0.731038 0.762130
vt 0.738012 0.841929
vt 0.738012 0.853563
vt 0.539834 0.948999
vt 0.542355 0.950667
vt 0.581275 0.941579
vt 0.580673 0.940060
vt 0.581766 0.939033
vt 0.582972 0.940841
vt 0.937178 0.218966
vt 0.951476 0.218966
vt 0.587611 0.947805
vt 0.584362 0.948036
vt 0.573480 0.952526
vt 0.571278 0.952893
vt 0.582067 0.948130
vt 0.937272 0.211436
vt 0.937902 0.208967
vt 0.944271 0.208967
vt 0.945399 0.211436
vt 0.963217 0.220518
vt 0.551005 0.945542
vt 0.564055 0.943045
vt 0.565064 0.946342
vt 0.551717 0.948744
vt 0.940179 0.207309
vt 0.942413 0.207309
vt 0.575373 0.935741
vt 0.578105 0.934877
vt 0.578361 0.937691
vt 0.576540 0.938365
vt 0.633212 0.940166
vt 0.632596 0.938394
vt 0.634541 0.936609
vt 0.635877 0.939181
vt 0.574631 0.939722
vt 0.577389 0.939766
vt 0.575955 0.941127
vt 0.572897 0.937373
vt 0.569867 0.940113
vt 0.571851 0.942598
vt 0.573806 0.943915
vt 0.581879 0.944582
vt 0.633609 0.943359
vt 0.636433 0.943111
vt 0.937225 0.215201
vt 0.946549 0.215201
vt 0.583943 0.944225
vt 0.580774 0.935074
vt 0.579998 0.937933
vt 0.579597 0.939160
vt 0.578567 0.939033
vt 0.631300 0.937286
vt 0.631919 0.934889
vt 0.582013 0.946299
vt 0.584208 0.946100
vt 0.937201 0.217083
vt 0.948011 0.217083
vt 0.633668 0.945075
vt 0.636485 0.944980
vt 0.572515 0.946488
vt 0.572327 0.947797
vt 0.569905 0.947724
vt 0.570125 0.945923
vt 0.567945 0.941500
vt 0.569739 0.944573
vt 0.633686 0.946840
vt 0.636489 0.946800
vt 0.633859 0.957361
vt 0.607226 0.963346
vt 0.594145 0.958216
vt 0.618147 0.943497
vt 0.621376 0.941905
vt 0.623027 0.944361
vt 0.619153 0.946351
vt 0.623011 0.940562
vt 0.624923 0.942630
vt 0.633769 0.953181
vt 0.594055 0.954036
vt 0.629473 0.934877
vt 0.630024 0.937112
vt 0.595193 0.946027
vt 0.606428 0.945342
vt 0.606751 0.948299
vt 0.593895 0.948994
vt 0.625396 0.937862
vt 0.627217 0.939628
vt 0.627255 0.936075
vt 0.628670 0.938043
vt 0.636489 0.956241
vt 0.730689 0.836833
vt 0.733944 0.836833
vt 0.583803 0.936708
vt 0.585768 0.939210
vt 0.587153 0.943539
vt 0.587457 0.945691
vt 0.974372 0.229053
vt 0.974372 0.237418
vt 0.974372 0.220688
vt 0.735106 0.830549
vt 0.731038 0.830549
vt 0.738012 0.829083
vt 0.619322 0.964681
vt 0.631184 0.976405
vt 0.626944 0.974793
vt 0.633487 0.974652
vt 0.622923 0.966538
vt 0.634010 0.964364
vt 0.625731 0.972282
vt 0.634045 0.968233
vt 0.634079 0.972102
vt 0.624466 0.968439
vt 0.628889 0.976454
vt 0.634027 0.966299
vt 0.594258 0.963450
vt 0.546688 0.803572
vt 0.541429 0.800820
vt 0.543478 0.798658
vt 0.547327 0.801022
vt 0.538940 0.788855
vt 0.543340 0.784076
vt 0.544933 0.786786
vt 0.541852 0.790004
vt 0.555637 0.786023
vt 0.559032 0.791503
vt 0.556070 0.792493
vt 0.553594 0.788449
vt 0.551888 0.803502
vt 0.551751 0.800831
vt 0.538352 0.795275
vt 0.541368 0.794530
vt 0.549790 0.783080
vt 0.549407 0.786228
vt 0.555758 0.797378
vt 0.555540 0.800842
vt 0.555179 0.801020
vt 0.559032 0.797848
vt 0.556952 0.802749
vt 0.556405 0.803116
vt 0.138134 0.877444
vt 0.136478 0.878856
vt 0.135839 0.876415
vt 0.136856 0.875262
vt 0.134404 0.852301
vt 0.136434 0.852771
vt 0.135798 0.855225
vt 0.134408 0.854799
vt 0.139050 0.875370
vt 0.137229 0.873632
vt 0.138106 0.854184
vt 0.136821 0.856380
vt 0.137201 0.858010
vt 0.139039 0.856280
vt 0.129805 0.856272
vt 0.131628 0.858015
vt 0.131663 0.873638
vt 0.129828 0.875363
vt 0.130759 0.877455
vt 0.132041 0.875262
vt 0.132429 0.878867
vt 0.133064 0.876415
vt 0.130723 0.854196
vt 0.132004 0.856380
vt 0.134457 0.879336
vt 0.134453 0.876841
vt 0.132381 0.852781
vt 0.133021 0.855225
vt 0.131916 0.852172
vt 0.134402 0.851488
vt 0.136943 0.879466
vt 0.134459 0.880148
vt 0.130031 0.853877
vt 0.131966 0.879480
vt 0.129108 0.856199
vt 0.130063 0.877779
vt 0.129119 0.875440
vt 0.138803 0.853860
vt 0.139748 0.856203
vt 0.139748 0.875443
vt 0.136898 0.852157
vt 0.138825 0.877762
vt 0.127301 0.829574
vt 0.127101 0.832102
vt 0.125544 0.832093
vt 0.125762 0.829182
vt 0.129029 0.826830
vt 0.127136 0.826268
vt 0.136322 0.817038
vt 0.134792 0.817247
vt 0.134439 0.808805
vt 0.135734 0.808541
vt 0.138174 0.838960
vt 0.138164 0.831274
vt 0.139748 0.831027
vt 0.139748 0.839223
vt 0.130814 0.843235
vt 0.133365 0.843524
vt 0.133528 0.845204
vt 0.130179 0.844876
vt 0.137383 0.825703
vt 0.135590 0.826395
vt 0.127895 0.839645
vt 0.126295 0.840154
vt 0.128854 0.841895
vt 0.127676 0.842865
vt 0.137661 0.828876
vt 0.138973 0.828242
vt 0.137486 0.841317
vt 0.138846 0.842074
vt 0.135814 0.842948
vt 0.136670 0.844305
vt 0.132243 0.825458
vt 0.128840 0.817560
vt 0.127287 0.817506
vt 0.127037 0.808906
vt 0.128381 0.809049
vt 0.130274 0.806425
vt 0.132299 0.806420
vt 0.130366 0.804576
vt 0.132094 0.804556
vt 0.129952 0.803176
vt 0.132341 0.803242
vt 0.129446 0.802169
vt 0.132910 0.802007
vt 0.133288 0.804131
vt 0.129130 0.804237
vt 0.134336 0.803468
vt 0.127966 0.803548
vt 0.391191 0.813579
vt 0.376612 0.813086
vt 0.376710 0.810191
vt 0.391289 0.810683
vt 0.922733 0.312153
vt 0.922733 0.314616
vt 0.903354 0.314616
vt 0.903354 0.312153
vt 0.801269 0.323715
vt 0.820530 0.323679
vt 0.820598 0.360235
vt 0.801337 0.360269
vt 0.365811 0.790170
vt 0.391952 0.791053
vt 0.075581 0.793053
vt 0.055327 0.795723
vt 0.052952 0.779435
vt 0.074387 0.776248
vt 0.793227 0.467414
vt 0.793310 0.370945
vt 0.795029 0.368723
vt 0.794933 0.468694
vt 0.820616 0.369461
vt 0.820800 0.466235
vt 0.800385 0.466266
vt 0.800205 0.369501
vt 0.799785 0.362539
vt 0.820603 0.362505
vt 0.820606 0.364181
vt 0.798637 0.364214
vt 0.798842 0.367022
vt 0.820611 0.366984
vt 0.797530 0.468568
vt 0.797767 0.368062
vt 0.820806 0.469635
vt 0.799032 0.469674
vt 0.820814 0.473697
vt 0.799991 0.473739
vt 0.798837 0.472267
vt 0.820811 0.472221
vt 0.061350 0.698536
vt 0.058999 0.723031
vt 0.022397 0.658383
vt 0.074252 0.771055
vt 0.052098 0.773472
vt 0.076727 0.726125
vt 0.003796 0.755375
vt 0.064462 0.663505
vt 0.078525 0.703653
vt 0.063349 0.703372
vt 0.078919 0.698181
vt 0.050641 0.774985
vt 0.003142 0.757112
vt 0.062450 0.718268
vt 0.077109 0.721422
vt 0.873666 0.243384
vt 0.861180 0.239514
vt 0.864807 0.232177
vt 0.875596 0.236096
vt 0.873094 0.251082
vt 0.857485 0.247664
vt 0.873533 0.257620
vt 0.854578 0.254792
vt 0.850696 0.233164
vt 0.856003 0.226432
vt 0.845078 0.240460
vt 0.840303 0.246585
vt 0.841949 0.224345
vt 0.848185 0.218353
vt 0.835400 0.230084
vt 0.829716 0.234338
vt 0.830720 0.209729
vt 0.833766 0.202683
vt 0.827333 0.214230
vt 0.824202 0.216705
vt 0.826982 0.235247
vt 0.822145 0.216937
vt 0.803769 0.758319
vt 0.821354 0.758286
vt 0.821367 0.765062
vt 0.803781 0.765095
vt 0.803220 0.771590
vt 0.821379 0.771555
vt 0.821392 0.778440
vt 0.802659 0.778476
vt 0.821404 0.784325
vt 0.801264 0.784363
vt 0.821413 0.789358
vt 0.799598 0.789400
vt 0.802911 0.808280
vt 0.821448 0.807844
vt 0.821459 0.813227
vt 0.808147 0.813252
vt 0.799105 0.793759
vt 0.821421 0.793717
vt 0.821430 0.798075
vt 0.799404 0.798117
vt 0.800324 0.802999
vt 0.821439 0.802959
vt 0.812467 0.815546
vt 0.821462 0.815328
vt 0.821466 0.817429
vt 0.817922 0.817155
vt 0.769693 0.229278
vt 0.763459 0.221762
vt 0.766566 0.219766
vt 0.772287 0.226735
vt 0.760226 0.215670
vt 0.763760 0.214289
vt 0.781177 0.237706
vt 0.775601 0.234328
vt 0.777668 0.231437
vt 0.782853 0.234575
vt 0.808063 0.256528
vt 0.802416 0.250117
vt 0.804733 0.248616
vt 0.810210 0.254924
vt 0.786306 0.240022
vt 0.788089 0.237154
vt 0.797283 0.244849
vt 0.791556 0.241811
vt 0.793502 0.239229
vt 0.799211 0.242887
vt 0.758069 0.207864
vt 0.761946 0.207309
vt 0.757763 0.202683
vt 0.761654 0.202683
vt 0.784170 0.232676
vt 0.788912 0.234798
vt 0.768376 0.218783
vt 0.773731 0.225608
vt 0.794342 0.236885
vt 0.800470 0.240510
vt 0.806783 0.246262
vt 0.812318 0.252574
vt 0.778924 0.229766
vt 0.765907 0.213639
vt 0.763705 0.202683
vt 0.764243 0.207761
vt 0.817099 0.257577
vt 0.816732 0.260802
vt 0.813857 0.261801
vt 0.823522 0.256949
vt 0.823860 0.258519
vt 0.811049 0.224036
vt 0.816401 0.223195
vt 0.815775 0.270307
vt 0.822216 0.222607
vt 0.831229 0.256876
vt 0.811105 0.223178
vt 0.831876 0.257182
vt 0.822726 0.222306
vt 0.810753 0.217973
vt 0.821419 0.216892
vt 0.775295 0.205998
vt 0.776168 0.209916
vt 0.777710 0.213411
vt 0.781087 0.217895
vt 0.796269 0.224198
vt 0.800687 0.224410
vt 0.804798 0.224372
vt 0.808164 0.224295
vt 0.784731 0.220680
vt 0.792128 0.223608
vt 0.788493 0.222554
vt 0.775100 0.202683
vt 0.778035 0.213176
vt 0.781370 0.217560
vt 0.796424 0.223589
vt 0.800745 0.223684
vt 0.804861 0.223526
vt 0.808217 0.223367
vt 0.785002 0.220294
vt 0.792330 0.223008
vt 0.788787 0.221988
vt 0.776591 0.209781
vt 0.775580 0.202683
vt 0.775734 0.205930
vt 0.779671 0.205449
vt 0.780290 0.208611
vt 0.781353 0.211341
vt 0.783967 0.214820
vt 0.796701 0.218905
vt 0.800666 0.218700
vt 0.804491 0.218365
vt 0.807918 0.218111
vt 0.786887 0.216904
vt 0.793122 0.218705
vt 0.790081 0.218078
vt 0.779759 0.202683
vt 0.909724 0.120984
vt 0.909724 0.118521
vt 0.926422 0.118521
vt 0.926422 0.120984
vt 0.820945 0.542975
vt 0.804137 0.543007
vt 0.804095 0.520815
vt 0.820818 0.475696
vt 0.801551 0.475734
vt 0.801637 0.520819
vt 0.803571 0.654418
vt 0.801627 0.654421
vt 0.801679 0.543012
vt 0.068963 0.659980
vt 0.075244 0.657123
vt 0.082070 0.656365
vt 0.853781 0.276592
vt 0.856241 0.276592
vt 0.856241 0.288992
vt 0.853781 0.288992
vt 0.922733 0.305869
vt 0.903354 0.305869
vt 0.903354 0.303409
vt 0.922733 0.303409
vt 0.839128 0.323643
vt 0.839198 0.360198
vt 0.829829 0.323580
vt 0.872938 0.276592
vt 0.872938 0.298828
vt 0.840368 0.369424
vt 0.840556 0.466190
vt 0.840615 0.362462
vt 0.841662 0.364133
vt 0.841468 0.366942
vt 0.843308 0.468481
vt 0.842669 0.367977
vt 0.841667 0.469593
vt 0.841873 0.472185
vt 0.840832 0.473662
vt 0.845906 0.468597
vt 0.845410 0.368627
vt 0.096291 0.700996
vt 0.139748 0.667565
vt 0.095315 0.725614
vt 0.093515 0.772129
vt 0.102858 0.774038
vt 0.108495 0.771563
vt 0.098383 0.666129
vt 0.093652 0.705501
vt 0.092516 0.720335
vt 0.873666 0.161981
vt 0.875596 0.169270
vt 0.864807 0.173188
vt 0.861180 0.165852
vt 0.873094 0.154284
vt 0.857485 0.157702
vt 0.873533 0.147745
vt 0.854578 0.150574
vt 0.856003 0.178933
vt 0.850696 0.172202
vt 0.845078 0.164906
vt 0.840303 0.158781
vt 0.848185 0.187013
vt 0.841949 0.181021
vt 0.835400 0.175282
vt 0.829716 0.171028
vt 0.830720 0.195637
vt 0.827333 0.191136
vt 0.824202 0.188661
vt 0.822145 0.188429
vt 0.826982 0.170119
vt 0.838940 0.758252
vt 0.838953 0.765028
vt 0.839539 0.771521
vt 0.840126 0.778405
vt 0.841543 0.784286
vt 0.843229 0.789317
vt 0.839987 0.808210
vt 0.834770 0.813201
vt 0.843738 0.793674
vt 0.843456 0.798033
vt 0.842554 0.802919
vt 0.830459 0.815512
vt 0.825010 0.817142
vt 0.769693 0.176088
vt 0.772287 0.178630
vt 0.766566 0.185600
vt 0.763459 0.183604
vt 0.763760 0.191077
vt 0.760226 0.189696
vt 0.781177 0.167660
vt 0.782853 0.170791
vt 0.777668 0.173929
vt 0.775601 0.171038
vt 0.808063 0.148838
vt 0.810210 0.150442
vt 0.804733 0.156750
vt 0.802416 0.155249
vt 0.786306 0.165344
vt 0.788089 0.168212
vt 0.797283 0.160516
vt 0.799211 0.162479
vt 0.793502 0.166137
vt 0.791556 0.163555
vt 0.761946 0.198057
vt 0.758069 0.197502
vt 0.788912 0.170568
vt 0.784170 0.172690
vt 0.773731 0.179758
vt 0.768376 0.186582
vt 0.800470 0.164855
vt 0.794342 0.168481
vt 0.812318 0.152792
vt 0.806783 0.159104
vt 0.778924 0.175600
vt 0.765907 0.191727
vt 0.764243 0.197604
vt 0.816732 0.144564
vt 0.817099 0.147789
vt 0.813857 0.143565
vt 0.823860 0.146847
vt 0.823522 0.148417
vt 0.816401 0.182171
vt 0.811049 0.181330
vt 0.815775 0.135059
vt 0.831229 0.148490
vt 0.822216 0.182758
vt 0.811105 0.182188
vt 0.831876 0.148183
vt 0.822726 0.183060
vt 0.821419 0.188473
vt 0.810753 0.187392
vt 0.776168 0.195450
vt 0.775295 0.199368
vt 0.781087 0.187471
vt 0.777710 0.191955
vt 0.800687 0.180956
vt 0.796269 0.181168
vt 0.808164 0.181071
vt 0.804798 0.180994
vt 0.784731 0.184686
vt 0.792128 0.181757
vt 0.788493 0.182811
vt 0.781370 0.187806
vt 0.778035 0.192190
vt 0.800745 0.181682
vt 0.796424 0.181777
vt 0.808217 0.181999
vt 0.804862 0.181840
vt 0.785002 0.185072
vt 0.792330 0.182357
vt 0.788787 0.183378
vt 0.776591 0.195584
vt 0.775734 0.199436
vt 0.780290 0.196755
vt 0.779671 0.199917
vt 0.783967 0.190546
vt 0.781353 0.194025
vt 0.800666 0.186666
vt 0.796701 0.186460
vt 0.807918 0.187255
vt 0.804491 0.187001
vt 0.786887 0.188461
vt 0.793122 0.186660
vt 0.790081 0.187288
vt 0.932706 0.118521
vt 0.949404 0.118521
vt 0.949404 0.120981
vt 0.932706 0.120981
vt 0.837083 0.298828
vt 0.837083 0.276592
vt 0.837053 0.520752
vt 0.837095 0.542944
vt 0.839422 0.475662
vt 0.839508 0.520748
vt 0.838968 0.654392
vt 0.094474 0.661954
vt 0.088702 0.658164
vt 0.093954 0.792038
vt 0.093394 0.791503
vt 0.096240 0.788610
vt 0.096822 0.789036
vt 0.098068 0.784773
vt 0.098754 0.785015
vt 0.099404 0.778574
vt 0.100129 0.778913
vt 0.103350 0.774666
vt 0.108698 0.772295
vt 0.139748 0.768361
vt 0.139649 0.767586
vt 0.091757 0.777115
vt 0.006347 0.802007
vt 0.022523 0.854853
vt 0.020346 0.850930
vt 0.015939 0.847898
vt 0.009058 0.845589
vt 0.003142 0.835390
vt 0.004961 0.841532
vt 0.066363 0.885718
vt 0.064587 0.887614
vt 0.065136 0.810361
vt 0.066363 0.809437
vt 0.042129 0.841206
vt 0.042517 0.892539
vt 0.040823 0.890743
vt 0.040853 0.839803
vt 0.046004 0.807320
vt 0.044763 0.805665
vt 0.839550 0.542940
vt 0.839648 0.594632
vt 0.840353 0.606353
vt 0.840011 0.654400
vt 0.791408 0.465674
vt 0.791640 0.373111
vt 0.847162 0.467297
vt 0.847119 0.412784
vt 0.848862 0.413012
vt 0.848862 0.465537
vt 0.848122 0.372400
vt 0.848711 0.389434
vt 0.846971 0.389190
vt 0.846562 0.370230
vt 0.117869 0.831549
vt 0.117869 0.876471
vt 0.051238 0.825039
vt 0.058733 0.826101
vt 0.059523 0.828361
vt 0.049526 0.827216
vt 0.053474 0.824151
vt 0.056584 0.824571
vt 0.046741 0.828000
vt 0.048926 0.824080
vt 0.053376 0.821766
vt 0.062569 0.831139
vt 0.057259 0.822416
vt 0.061248 0.825728
vt 0.057016 0.843893
vt 0.049364 0.844497
vt 0.048251 0.842622
vt 0.058499 0.841127
vt 0.054881 0.845298
vt 0.051694 0.845533
vt 0.062458 0.839204
vt 0.059577 0.844522
vt 0.055427 0.847659
vt 0.045401 0.840902
vt 0.051431 0.847765
vt 0.047135 0.845199
vt 0.043841 0.827336
vt 0.042635 0.828500
vt 0.061373 0.831899
vt 0.061695 0.838433
vt 0.022556 0.895184
vt 0.117869 0.809437
vt 0.376217 0.830262
vt 0.378791 0.832109
vt 0.377778 0.912050
vt 0.374634 0.909048
vt 0.381875 0.939036
vt 0.379663 0.939391
vt 0.377887 0.918129
vt 0.380874 0.914962
vt 0.343143 0.916671
vt 0.344839 0.919538
vt 0.343741 0.939380
vt 0.342665 0.939156
vt 0.386983 0.939926
vt 0.386243 0.830623
vt 0.388584 0.828558
vt 0.389532 0.940948
vt 0.381127 0.832940
vt 0.383529 0.832471
vt 0.384194 0.939151
vt 0.381932 0.940348
vt 0.380331 0.940667
vt 0.375054 0.941181
vt 0.377332 0.940219
vt 0.378762 0.941664
vt 0.377403 0.942869
vt 0.386892 0.942925
vt 0.385368 0.941568
vt 0.383633 0.940588
vt 0.384167 0.944173
vt 0.383438 0.942752
vt 0.382742 0.942185
vt 0.381985 0.942009
vt 0.381240 0.942232
vt 0.380560 0.942798
vt 0.379854 0.944081
vt 0.375063 0.921165
vt 0.346955 0.922386
vt 0.373715 0.828422
vt 0.339094 0.922503
vt 0.337378 0.924142
vt 0.333917 0.923470
vt 0.334425 0.921385
vt 0.334967 0.918894
vt 0.331977 0.920534
vt 0.332534 0.918342
vt 0.335289 0.916431
vt 0.332811 0.916230
vt 0.335385 0.913923
vt 0.332838 0.914077
vt 0.335048 0.908797
vt 0.335273 0.911196
vt 0.332579 0.911728
vt 0.332135 0.909514
vt 0.331323 0.922550
vt 0.329735 0.919195
vt 0.330317 0.917609
vt 0.330113 0.912824
vt 0.329321 0.910901
vt 0.330555 0.916077
vt 0.330505 0.914516
vt 0.328750 0.920974
vt 0.327824 0.914969
vt 0.326077 0.913873
vt 0.328172 0.916452
vt 0.328309 0.915971
vt 0.328184 0.915474
vt 0.325614 0.917786
vt 0.327777 0.916892
vt 0.373042 0.923438
vt 0.348679 0.924746
vt 0.347170 0.941158
vt 0.345321 0.940180
vt 0.372252 0.906773
vt 0.341301 0.919773
vt 0.341588 0.939334
vt 0.340004 0.940041
vt 0.338142 0.940870
vt 0.343406 0.940388
vt 0.342642 0.940170
vt 0.344553 0.941326
vt 0.340663 0.941248
vt 0.339323 0.942474
vt 0.341870 0.940351
vt 0.345865 0.942657
vt 0.343317 0.942602
vt 0.342960 0.942089
vt 0.341822 0.942585
vt 0.341340 0.943507
vt 0.342599 0.941923
vt 0.342231 0.942093
vt 0.343722 0.943605
vt 0.319659 0.832265
vt 0.300723 0.922203
vt 0.365075 0.832131
vt 0.390734 0.832240
vt 0.340075 0.944300
vt 0.336653 0.926090
vt 0.337204 0.939828
vt 0.391952 0.945670
vt 0.592527 0.675358
vt 0.593982 0.678896
vt 0.588044 0.678698
vt 0.589500 0.674949
vt 0.592113 0.563189
vt 0.595400 0.562860
vt 0.603245 0.562836
vt 0.611281 0.563763
vt 0.607534 0.675650
vt 0.599639 0.675852
vt 0.618649 0.566385
vt 0.624106 0.570021
vt 0.619948 0.675068
vt 0.614642 0.674413
vt 0.591303 0.562711
vt 0.595280 0.561728
vt 0.603227 0.561230
vt 0.611135 0.562012
vt 0.619205 0.564912
vt 0.624806 0.568563
vt 0.625999 0.571513
vt 0.626957 0.570213
vt 0.594972 0.550273
vt 0.602839 0.549725
vt 0.611348 0.549573
vt 0.620038 0.549886
vt 0.625752 0.550165
vt 0.627866 0.550267
vt 0.591683 0.550348
vt 0.638350 0.550621
vt 0.637533 0.585701
vt 0.637256 0.585921
vt 0.621997 0.675580
vt 0.633627 0.680229
vt 0.582433 0.678470
vt 0.615859 0.678930
vt 0.615049 0.678899
vt 0.616890 0.678868
vt 0.618998 0.678877
vt 0.622313 0.678565
vt 0.613749 0.678733
vt 0.607832 0.678749
vt 0.603691 0.678807
vt 0.599478 0.678825
vt 0.657955 0.810264
vt 0.652866 0.782022
vt 0.661593 0.775204
vt 0.665963 0.808821
vt 0.581697 0.581179
vt 0.586647 0.549948
vt 0.774753 0.868209
vt 0.777059 0.885741
vt 0.773096 0.868477
vt 0.779774 0.868238
vt 0.781482 0.868697
vt 0.782495 0.885411
vt 0.771613 0.885802
vt 0.771425 0.869058
vt 0.771291 0.864744
vt 0.773046 0.865308
vt 0.774643 0.865582
vt 0.776427 0.868122
vt 0.776331 0.865457
vt 0.770111 0.847808
vt 0.767483 0.864993
vt 0.766377 0.848063
vt 0.775689 0.847548
vt 0.776256 0.863376
vt 0.776298 0.864537
vt 0.775204 0.834027
vt 0.769526 0.834085
vt 0.770531 0.829867
vt 0.775057 0.829944
vt 0.774801 0.822800
vt 0.770723 0.822566
vt 0.770718 0.819469
vt 0.774672 0.819191
vt 0.774423 0.812274
vt 0.770063 0.812133
vt 0.769983 0.808754
vt 0.774284 0.808400
vt 0.774014 0.800841
vt 0.769191 0.800700
vt 0.769094 0.796955
vt 0.773860 0.796559
vt 0.773561 0.788229
vt 0.768206 0.788077
vt 0.768096 0.783873
vt 0.773389 0.783435
vt 0.773055 0.774123
vt 0.767049 0.774035
vt 0.767154 0.769563
vt 0.772870 0.768948
vt 0.772505 0.758786
vt 0.765923 0.758720
vt 0.766047 0.753680
vt 0.772299 0.753057
vt 0.771902 0.741964
vt 0.764792 0.741836
vt 0.764975 0.736510
vt 0.771682 0.735850
vt 0.771257 0.723997
vt 0.763690 0.723858
vt 0.763889 0.718117
vt 0.771021 0.717422
vt 0.770573 0.704919
vt 0.762540 0.704776
vt 0.762750 0.698680
vt 0.770323 0.697941
vt 0.769847 0.684675
vt 0.761317 0.684523
vt 0.761542 0.678049
vt 0.769581 0.677270
vt 0.769081 0.663328
vt 0.760011 0.663185
vt 0.760243 0.656120
vt 0.768792 0.655286
vt 0.768255 0.640391
vt 0.758633 0.640236
vt 0.758869 0.632929
vt 0.767951 0.632020
vt 0.767361 0.616103
vt 0.757167 0.615845
vt 0.756938 0.607910
vt 0.767009 0.606982
vt 0.753688 0.642864
vt 0.752732 0.630537
vt 0.762542 0.760564
vt 0.761752 0.752020
vt 0.751782 0.618756
vt 0.750251 0.605425
vt 0.761128 0.743766
vt 0.760436 0.734739
vt 0.759796 0.725913
vt 0.759069 0.716223
vt 0.767757 0.813358
vt 0.767110 0.807660
vt 0.758404 0.706962
vt 0.757630 0.696668
vt 0.750828 0.559917
vt 0.754530 0.588381
vt 0.749292 0.591688
vt 0.744768 0.560952
vt 0.766637 0.802067
vt 0.765901 0.795745
vt 0.756925 0.686844
vt 0.756104 0.675909
vt 0.765373 0.789600
vt 0.764551 0.782523
vt 0.755361 0.665669
vt 0.754476 0.653839
vt 0.768571 0.823624
vt 0.768135 0.818435
vt 0.763993 0.775661
vt 0.763290 0.768112
vt 0.759602 0.725928
vt 0.758867 0.716237
vt 0.758198 0.706977
vt 0.757415 0.696684
vt 0.766512 0.802080
vt 0.765767 0.795758
vt 0.756706 0.686859
vt 0.768025 0.818443
vt 0.767644 0.813368
vt 0.755876 0.675925
vt 0.766990 0.807671
vt 0.765234 0.789614
vt 0.768464 0.823628
vt 0.755129 0.665686
vt 0.764403 0.782538
vt 0.754235 0.653857
vt 0.763840 0.775674
vt 0.753440 0.642882
vt 0.763138 0.768127
vt 0.752474 0.630557
vt 0.751516 0.618782
vt 0.762360 0.760581
vt 0.761573 0.752035
vt 0.749964 0.605451
vt 0.760945 0.743780
vt 0.748955 0.591729
vt 0.760245 0.734753
vt 0.744297 0.561026
vt 0.768310 0.828414
vt 0.768416 0.828429
vt 0.767243 0.832867
vt 0.767151 0.832862
vt 0.765446 0.834551
vt 0.769972 0.688175
vt 0.770210 0.694810
vt 0.768398 0.644337
vt 0.768665 0.651755
vt 0.772006 0.744883
vt 0.772206 0.750466
vt 0.766421 0.593275
vt 0.766841 0.602738
vt 0.773144 0.776584
vt 0.773310 0.781230
vt 0.770691 0.708215
vt 0.770916 0.714472
vt 0.774487 0.814060
vt 0.774612 0.817547
vt 0.769214 0.667042
vt 0.769462 0.673949
vt 0.774084 0.802811
vt 0.774220 0.806606
vt 0.767518 0.620270
vt 0.767814 0.628255
vt 0.773640 0.790414
vt 0.773789 0.794572
vt 0.771369 0.727104
vt 0.771583 0.733073
vt 0.774863 0.824519
vt 0.774993 0.828146
vt 0.772601 0.761476
vt 0.772784 0.766565
vt 0.766200 0.588504
vt 0.588117 0.682915
vt 0.593999 0.682103
vt 0.602548 0.684802
vt 0.603729 0.682369
vt 0.599409 0.682121
vt 0.675433 0.795682
vt 0.675268 0.796822
vt 0.671201 0.795683
vt 0.672086 0.795213
vt 0.691474 0.795202
vt 0.691278 0.796988
vt 0.683189 0.797569
vt 0.683247 0.795947
vt 0.704785 0.789002
vt 0.705625 0.790860
vt 0.699699 0.794216
vt 0.699146 0.792677
vt 0.706755 0.787486
vt 0.707907 0.789278
vt 0.682498 0.809301
vt 0.674601 0.808619
vt 0.699982 0.809725
vt 0.691115 0.809709
vt 0.707953 0.809693
vt 0.705766 0.809700
vt 0.671226 0.808482
vt 0.719152 0.773703
vt 0.718871 0.809750
vt 0.718878 0.773464
vt 0.704117 0.674778
vt 0.706425 0.674778
vt 0.941102 0.707009
vt 0.934670 0.707009
vt 0.934670 0.698854
vt 0.941102 0.698854
vt 0.778103 0.868089
vt 0.779597 0.865073
vt 0.781307 0.864385
vt 0.778023 0.865461
vt 0.781270 0.847408
vt 0.785013 0.847395
vt 0.785124 0.864360
vt 0.779567 0.829542
vt 0.780871 0.833678
vt 0.778634 0.819185
vt 0.778851 0.822274
vt 0.778600 0.808445
vt 0.778762 0.811821
vt 0.778642 0.796613
vt 0.778814 0.800355
vt 0.778701 0.783493
vt 0.778892 0.787694
vt 0.778614 0.769152
vt 0.779040 0.773605
vt 0.778581 0.753230
vt 0.779065 0.758249
vt 0.778420 0.736028
vt 0.778983 0.741327
vt 0.778185 0.717604
vt 0.778795 0.723316
vt 0.777929 0.698135
vt 0.778575 0.704201
vt 0.777655 0.677471
vt 0.778343 0.683912
vt 0.777380 0.655505
vt 0.778117 0.662535
vt 0.777080 0.632268
vt 0.777843 0.639543
vt 0.777155 0.607133
vt 0.777523 0.615083
vt 0.783035 0.629435
vt 0.782968 0.641809
vt 0.782745 0.751267
vt 0.782570 0.759845
vt 0.783686 0.604124
vt 0.783131 0.617594
vt 0.782820 0.733936
vt 0.782777 0.742990
vt 0.782857 0.715369
vt 0.782826 0.725088
vt 0.781387 0.807148
vt 0.781150 0.812877
vt 0.782891 0.695762
vt 0.782856 0.706085
vt 0.778336 0.558092
vt 0.784636 0.558450
vt 0.783573 0.590276
vt 0.777946 0.587419
vt 0.781740 0.795177
vt 0.781458 0.801536
vt 0.782926 0.674946
vt 0.782890 0.685912
vt 0.782139 0.781892
vt 0.781826 0.789010
vt 0.782969 0.652816
vt 0.782933 0.664680
vt 0.781137 0.817968
vt 0.781074 0.823176
vt 0.782365 0.767428
vt 0.782205 0.775008
vt 0.783060 0.715369
vt 0.783021 0.725088
vt 0.783064 0.706085
vt 0.783106 0.695762
vt 0.781874 0.795180
vt 0.781585 0.801539
vt 0.783110 0.685912
vt 0.781264 0.812880
vt 0.781247 0.817969
vt 0.783155 0.674947
vt 0.781508 0.807151
vt 0.781966 0.789014
vt 0.781181 0.823171
vt 0.783167 0.664680
vt 0.782288 0.781896
vt 0.783211 0.652816
vt 0.782358 0.775010
vt 0.783216 0.641809
vt 0.782517 0.767432
vt 0.783294 0.629436
vt 0.783399 0.617601
vt 0.782925 0.751269
vt 0.782752 0.759849
vt 0.783975 0.604128
vt 0.782960 0.742990
vt 0.783914 0.590283
vt 0.783011 0.733936
vt 0.785124 0.558470
vt 0.781678 0.827935
vt 0.783152 0.832288
vt 0.783061 0.832300
vt 0.781573 0.827957
vt 0.784973 0.833851
vt 0.613877 0.681046
vt 0.615004 0.680623
vt 0.587833 0.796845
vt 0.582628 0.804490
vt 0.608061 0.682127
vt 0.615698 0.680581
vt 0.616556 0.680889
vt 0.618411 0.681825
vt 0.621707 0.683328
vt 0.631293 0.681674
vt 0.631454 0.685047
vt 0.607884 0.685107
vt 0.604896 0.795196
vt 0.622605 0.795255
vt 0.609983 0.795055
vt 0.632487 0.793750
vt 0.616250 0.797366
vt 0.588380 0.803500
vt 0.620512 0.797564
vt 0.619155 0.797786
vt 0.632484 0.798796
vt 0.623384 0.801851
vt 0.620617 0.800386
vt 0.619216 0.800497
vt 0.617766 0.800613
vt 0.617820 0.797916
vt 0.616136 0.800998
vt 0.634763 0.800160
vt 0.624816 0.804094
vt 0.622882 0.804471
vt 0.617255 0.804844
vt 0.609686 0.803005
vt 0.590368 0.806535
vt 0.593226 0.805524
vt 0.601003 0.802928
vt 0.601809 0.820406
vt 0.594412 0.820736
vt 0.624522 0.820044
vt 0.618292 0.820641
vt 0.626803 0.819763
vt 0.610073 0.820590
vt 0.591242 0.820951
vt 0.638350 0.817353
vt 0.764267 0.549088
vt 0.764874 0.558622
vt 0.750064 0.550127
vt 0.777996 0.548596
vt 0.573975 0.605464
vt 0.571217 0.587207
vt 0.734395 0.548596
vt 0.738012 0.548597
vt 0.738012 0.755846
vt 0.734395 0.755845
vt 0.574305 0.821005
vt 0.705663 0.561143
vt 0.703212 0.561199
vt 0.703527 0.548667
vt 0.706018 0.548758
vt 0.676608 0.576506
vt 0.676807 0.548725
vt 0.681280 0.548714
vt 0.699811 0.561068
vt 0.696886 0.548596
vt 0.700123 0.548617
vt 0.715751 0.564455
vt 0.719152 0.551259
vt 0.714655 0.565346
vt 0.650085 0.768562
vt 0.652597 0.747191
vt 0.941102 0.715164
vt 0.934670 0.715164
vt 0.573605 0.574310
vt 0.580286 0.548596
vt 0.644635 0.775952
vt 0.565872 0.580263
vt 0.982729 0.707009
vt 0.964550 0.686212
vt 0.982729 0.724467
vt 0.972055 0.726008
vt 0.970044 0.726499
vt 0.972055 0.687760
vt 0.982729 0.689552
vt 0.970044 0.687270
vt 0.964550 0.727807
vt 0.956137 0.686137
vt 0.956137 0.727881
vt 0.948574 0.689606
vt 0.948574 0.724413
vt 0.943242 0.695517
vt 0.943242 0.718501
vt 0.676819 0.611136
vt 0.715174 0.618544
vt 0.716885 0.671569
vt 0.715399 0.638767
vt 0.658038 0.549261
vt 0.662891 0.577548
vt 0.662020 0.609585
vt 0.700844 0.674856
vt 0.671334 0.574485
vt 0.666233 0.579915
vt 0.671082 0.548840
vt 0.666117 0.607276
vt 0.671032 0.613173
vt 0.707159 0.618774
vt 0.715812 0.670658
vt 0.707540 0.638877
vt 0.708556 0.637252
vt 0.714017 0.637567
vt 0.708555 0.619973
vt 0.714138 0.620227
vt 0.689252 0.548655
vt 0.782165 0.553246
vt 0.782156 0.552989
vt 0.830799 0.278585
vt 0.830799 0.295762
vt 0.814905 0.295856
vt 0.814905 0.278585
vt 0.774210 0.295849
vt 0.757763 0.295849
vt 0.757763 0.287694
vt 0.774210 0.287694
vt 0.789221 0.276592
vt 0.796726 0.276625
vt 0.781716 0.279705
vt 0.774210 0.304004
vt 0.757763 0.304004
vt 0.796726 0.315074
vt 0.777843 0.308236
vt 0.799422 0.314432
vt 0.789221 0.315106
vt 0.776221 0.285058
vt 0.781716 0.311993
vt 0.746327 0.555390
vt 0.746307 0.555126
vt 0.825820 0.313127
vt 0.814905 0.313127
vt 0.974552 0.738784
vt 0.974552 0.946033
vt 0.970934 0.946034
vt 0.970934 0.738785
vt 0.804231 0.278610
vt 0.804231 0.313127
vt 0.802220 0.313765
vt 0.802220 0.277933
vt 0.898148 0.120834
vt 0.897985 0.126761
vt 0.896061 0.125049
vt 0.896175 0.122680
vt 0.894235 0.125826
vt 0.893836 0.121625
vt 0.903440 0.119661
vt 0.903440 0.128144
vt 0.901527 0.126232
vt 0.901993 0.120984
vt 0.897530 0.118521
vt 0.897124 0.128774
vt 0.857791 0.308571
vt 0.857629 0.314499
vt 0.855704 0.312786
vt 0.855818 0.310418
vt 0.853878 0.313563
vt 0.853479 0.309363
vt 0.863083 0.307399
vt 0.863083 0.315882
vt 0.861170 0.313970
vt 0.861636 0.308722
vt 0.857174 0.306259
vt 0.856767 0.316512
vt 0.665309 0.314927
vt 0.663697 0.312747
vt 0.665217 0.312236
vt 0.666285 0.313858
vt 0.665524 0.305878
vt 0.667489 0.305012
vt 0.667861 0.306234
vt 0.666334 0.306840
vt 0.667412 0.315993
vt 0.667875 0.314730
vt 0.673475 0.315322
vt 0.673921 0.316879
vt 0.677349 0.306401
vt 0.678681 0.308985
vt 0.676744 0.309178
vt 0.676125 0.307345
vt 0.678681 0.312897
vt 0.676851 0.312373
vt 0.663492 0.309752
vt 0.664135 0.307586
vt 0.665283 0.308160
vt 0.664972 0.309811
vt 0.676711 0.315692
vt 0.675494 0.314363
vt 0.673339 0.304562
vt 0.673234 0.305805
vt 0.675393 0.304957
vt 0.674843 0.306142
vt 0.675097 0.310764
vt 0.666660 0.310716
vt 0.668391 0.313293
vt 0.673010 0.313549
vt 0.666568 0.311862
vt 0.667197 0.312848
vt 0.674327 0.313197
vt 0.675053 0.312189
vt 0.883696 0.312664
vt 0.882084 0.310484
vt 0.883605 0.309973
vt 0.884673 0.311595
vt 0.883912 0.303615
vt 0.885877 0.302750
vt 0.886249 0.303971
vt 0.884722 0.304578
vt 0.885800 0.313731
vt 0.886263 0.312467
vt 0.891863 0.313059
vt 0.892309 0.314616
vt 0.895737 0.304138
vt 0.897069 0.306722
vt 0.895132 0.306915
vt 0.894513 0.305082
vt 0.897069 0.310634
vt 0.895239 0.310110
vt 0.881880 0.307490
vt 0.882523 0.305323
vt 0.883671 0.305898
vt 0.883360 0.307548
vt 0.895099 0.313429
vt 0.893882 0.312100
vt 0.891727 0.302299
vt 0.891622 0.303542
vt 0.893780 0.302694
vt 0.893231 0.303879
vt 0.893485 0.308501
vt 0.885048 0.308453
vt 0.886779 0.311030
vt 0.891398 0.311286
vt 0.884956 0.309599
vt 0.885585 0.310585
vt 0.892715 0.310934
vt 0.893441 0.309926
vt 0.016984 0.470566
vt 0.029689 0.471831
vt 0.030089 0.475139
vt 0.016879 0.474764
vt 0.227694 0.486302
vt 0.228109 0.478771
vt 0.242885 0.478723
vt 0.242591 0.486707
vt 0.226997 0.501248
vt 0.227249 0.493828
vt 0.242097 0.494527
vt 0.241695 0.502169
vt 0.226433 0.513377
vt 0.226715 0.508610
vt 0.241084 0.509828
vt 0.240121 0.514975
vt 0.225529 0.526346
vt 0.225303 0.517868
vt 0.239574 0.518612
vt 0.240213 0.526346
vt 0.030862 0.517715
vt 0.017227 0.518405
vt 0.017278 0.518103
vt 0.030843 0.517339
vt 0.225318 0.517326
vt 0.225442 0.515175
vt 0.239589 0.516407
vt 0.239435 0.518129
vt 0.030741 0.515177
vt 0.017190 0.516271
vt 0.030713 0.514437
vt 0.225496 0.514518
vt 0.033877 0.517680
vt 0.033866 0.517281
vt 0.145094 0.476731
vt 0.144699 0.473776
vt 0.145726 0.472308
vt 0.146182 0.476537
vt 0.017306 0.526346
vt 0.031363 0.526346
vt 0.016904 0.514851
vt 0.016434 0.507851
vt 0.030086 0.507496
vt 0.029945 0.513458
vt 0.016224 0.499511
vt 0.016405 0.491274
vt 0.029935 0.491366
vt 0.029943 0.499373
vt 0.016446 0.483017
vt 0.029949 0.483350
vt 0.049873 0.517609
vt 0.049866 0.517205
vt 0.033889 0.515175
vt 0.049056 0.513146
vt 0.049257 0.507339
vt 0.050151 0.507314
vt 0.049848 0.514364
vt 0.034389 0.526346
vt 0.145117 0.484581
vt 0.146018 0.484464
vt 0.145049 0.499907
vt 0.145152 0.492275
vt 0.145939 0.492123
vt 0.145897 0.499800
vt 0.144765 0.512740
vt 0.144958 0.507582
vt 0.145969 0.507591
vt 0.145516 0.513949
vt 0.052697 0.517623
vt 0.052691 0.517218
vt 0.222786 0.514408
vt 0.206590 0.514261
vt 0.207501 0.513117
vt 0.221954 0.512977
vt 0.049851 0.515072
vt 0.050350 0.526346
vt 0.034631 0.513535
vt 0.034346 0.507395
vt 0.034265 0.499338
vt 0.034257 0.491389
vt 0.049315 0.491498
vt 0.049260 0.499356
vt 0.034413 0.483448
vt 0.034685 0.475304
vt 0.049336 0.475514
vt 0.049298 0.483613
vt 0.068929 0.517587
vt 0.068922 0.517180
vt 0.052728 0.515113
vt 0.053164 0.526346
vt 0.071762 0.517601
vt 0.071756 0.517194
vt 0.202840 0.512734
vt 0.203738 0.514192
vt 0.187696 0.514205
vt 0.188591 0.513045
vt 0.068908 0.515037
vt 0.073416 0.472285
vt 0.072957 0.475894
vt 0.071901 0.475707
vt 0.072405 0.471170
vt 0.069406 0.526346
vt 0.053508 0.513436
vt 0.053389 0.507325
vt 0.068302 0.507373
vt 0.068084 0.513065
vt 0.053366 0.499359
vt 0.053387 0.491527
vt 0.068463 0.491657
vt 0.068368 0.499460
vt 0.053537 0.483684
vt 0.053782 0.475604
vt 0.068477 0.475801
vt 0.068450 0.483829
vt 0.088055 0.517572
vt 0.088047 0.517132
vt 0.071795 0.515081
vt 0.072698 0.483902
vt 0.072535 0.491694
vt 0.071759 0.491531
vt 0.071852 0.483786
vt 0.072221 0.526346
vt 0.072507 0.499477
vt 0.072523 0.507375
vt 0.071556 0.507380
vt 0.071707 0.499366
vt 0.169619 0.474201
vt 0.169158 0.477182
vt 0.168039 0.476962
vt 0.168708 0.473091
vt 0.072614 0.513374
vt 0.071814 0.514385
vt 0.091331 0.517589
vt 0.091325 0.517148
vt 0.184554 0.514159
vt 0.168137 0.514266
vt 0.168985 0.513155
vt 0.183646 0.512700
vt 0.088026 0.514974
vt 0.088541 0.526346
vt 0.087436 0.507434
vt 0.087202 0.512992
vt 0.087623 0.491832
vt 0.087516 0.499588
vt 0.087621 0.476079
vt 0.087611 0.484047
vt 0.107114 0.517552
vt 0.107105 0.517068
vt 0.091369 0.515023
vt 0.168963 0.484815
vt 0.168776 0.492403
vt 0.167989 0.492239
vt 0.168063 0.484672
vt 0.091783 0.526346
vt 0.168812 0.499977
vt 0.168875 0.507628
vt 0.167755 0.507695
vt 0.167939 0.499895
vt 0.110282 0.517569
vt 0.110275 0.517085
vt 0.150125 0.512984
vt 0.163760 0.512864
vt 0.164648 0.514253
vt 0.149409 0.513958
vt 0.107086 0.514895
vt 0.107598 0.526346
vt 0.092191 0.513305
vt 0.092074 0.507436
vt 0.106477 0.507468
vt 0.106308 0.512924
vt 0.092058 0.499609
vt 0.092076 0.491875
vt 0.106677 0.492007
vt 0.106565 0.499703
vt 0.092250 0.484131
vt 0.092522 0.476181
vt 0.106661 0.476385
vt 0.106660 0.484279
vt 0.126608 0.517491
vt 0.126600 0.517079
vt 0.110327 0.514949
vt 0.110739 0.526346
vt 0.129463 0.517498
vt 0.129455 0.517086
vt 0.130345 0.513193
vt 0.129508 0.514273
vt 0.126582 0.514918
vt 0.127095 0.526346
vt 0.111108 0.513229
vt 0.111057 0.507467
vt 0.125902 0.507540
vt 0.125723 0.512885
vt 0.111032 0.499723
vt 0.111041 0.492049
vt 0.126141 0.492194
vt 0.126023 0.499830
vt 0.111221 0.484363
vt 0.111507 0.476491
vt 0.126081 0.476759
vt 0.126109 0.484541
vt 0.145564 0.517383
vt 0.145554 0.516915
vt 0.129492 0.514956
vt 0.129928 0.526346
vt 0.106264 0.473348
vt 0.107292 0.471924
vt 0.107696 0.476220
vt 0.107532 0.484175
vt 0.149344 0.517392
vt 0.149340 0.516923
vt 0.126580 0.514240
vt 0.110350 0.514197
vt 0.145524 0.514734
vt 0.107457 0.491858
vt 0.107399 0.499625
vt 0.146046 0.526346
vt 0.130284 0.507545
vt 0.130225 0.499847
vt 0.130222 0.492228
vt 0.130393 0.484610
vt 0.130671 0.476851
vt 0.164681 0.517585
vt 0.164674 0.517065
vt 0.149386 0.514753
vt 0.203785 0.477906
vt 0.203520 0.475105
vt 0.204599 0.473665
vt 0.204942 0.477706
vt 0.149799 0.526346
vt 0.107478 0.507527
vt 0.107085 0.514146
vt 0.203753 0.485539
vt 0.204686 0.485419
vt 0.203340 0.500507
vt 0.203653 0.493075
vt 0.204450 0.492942
vt 0.204269 0.500448
vt 0.168081 0.517589
vt 0.168073 0.517070
vt 0.091388 0.514337
vt 0.164648 0.514897
vt 0.202986 0.507907
vt 0.204158 0.507957
vt 0.165180 0.526346
vt 0.149909 0.507606
vt 0.163871 0.507591
vt 0.149915 0.499935
vt 0.149936 0.492316
vt 0.164186 0.492365
vt 0.164060 0.499949
vt 0.150126 0.484670
vt 0.150444 0.476869
vt 0.164096 0.477125
vt 0.164160 0.484758
vt 0.184586 0.517547
vt 0.184575 0.516969
vt 0.168121 0.514919
vt 0.168521 0.526346
vt 0.035212 0.471648
vt 0.033682 0.475128
vt 0.034237 0.470553
vt 0.187632 0.517560
vt 0.187625 0.516983
vt 0.088026 0.514293
vt 0.184554 0.514793
vt 0.033479 0.491228
vt 0.033583 0.483341
vt 0.185065 0.526346
vt 0.183812 0.507758
vt 0.184222 0.492870
vt 0.184053 0.500322
vt 0.183970 0.477553
vt 0.184176 0.485297
vt 0.203743 0.517544
vt 0.203736 0.516995
vt 0.187677 0.514843
vt 0.188082 0.526346
vt 0.033470 0.507424
vt 0.033501 0.499231
vt 0.131065 0.473452
vt 0.129552 0.476636
vt 0.130068 0.472368
vt 0.033904 0.514486
vt 0.129444 0.492066
vt 0.129520 0.484476
vt 0.206498 0.517571
vt 0.206496 0.517025
vt 0.068906 0.514346
vt 0.052747 0.514398
vt 0.203733 0.514829
vt 0.204186 0.526346
vt 0.188573 0.507796
vt 0.188522 0.500381
vt 0.188527 0.492959
vt 0.188780 0.485385
vt 0.189104 0.477534
vt 0.222712 0.517762
vt 0.222716 0.517219
vt 0.206564 0.514899
vt 0.129232 0.507615
vt 0.129386 0.499770
vt 0.206920 0.526346
vt 0.228492 0.475914
vt 0.226908 0.478511
vt 0.227513 0.474642
vt 0.226456 0.493634
vt 0.226756 0.486113
vt 0.222770 0.515060
vt 0.225532 0.508365
vt 0.226066 0.501020
vt 0.222999 0.526346
vt 0.207606 0.507989
vt 0.222213 0.508343
vt 0.207629 0.500627
vt 0.207730 0.493228
vt 0.223240 0.493621
vt 0.222775 0.501015
vt 0.208106 0.485719
vt 0.208571 0.478081
vt 0.223441 0.478641
vt 0.223417 0.486120
vt 0.242767 0.475426
vt 0.048916 0.472297
vt 0.049965 0.470857
vt 0.208974 0.474857
vt 0.223199 0.475907
vt 0.189490 0.474146
vt 0.183664 0.474462
vt 0.184764 0.473015
vt 0.068074 0.472641
vt 0.069123 0.471204
vt 0.069469 0.475660
vt 0.150918 0.473512
vt 0.163750 0.474310
vt 0.125723 0.473771
vt 0.111971 0.473006
vt 0.110977 0.471884
vt 0.126766 0.472346
vt 0.069302 0.483736
vt 0.054259 0.471934
vt 0.053248 0.470818
vt 0.069240 0.491508
vt 0.069172 0.499356
vt 0.093007 0.472642
vt 0.242683 0.469800
vt 0.245193 0.469890
vt 0.244768 0.474270
vt 0.242424 0.473973
vt 0.087200 0.472989
vt 0.164753 0.472919
vt 0.165176 0.476927
vt 0.188420 0.472944
vt 0.069242 0.507386
vt 0.165062 0.484634
vt 0.017167 0.465543
vt 0.030781 0.465718
vt 0.030673 0.470712
vt 0.017266 0.469493
vt 0.092019 0.471527
vt 0.149948 0.472388
vt 0.207954 0.473680
vt 0.224272 0.474486
vt 0.088225 0.471562
vt 0.030949 0.507495
vt 0.030711 0.499253
vt 0.030717 0.491211
vt 0.030788 0.483274
vt 0.031046 0.475024
vt 0.052470 0.507299
vt 0.050043 0.499231
vt 0.050090 0.491346
vt 0.052613 0.491365
vt 0.052587 0.499232
vt 0.050140 0.483526
vt 0.050308 0.475381
vt 0.052749 0.475428
vt 0.052700 0.483573
vt 0.088414 0.507480
vt 0.091066 0.507473
vt 0.088339 0.499500
vt 0.088402 0.491683
vt 0.091299 0.491711
vt 0.091239 0.499513
vt 0.088474 0.483948
vt 0.088635 0.475921
vt 0.091440 0.475975
vt 0.091393 0.484007
vt 0.110025 0.507519
vt 0.110263 0.491886
vt 0.110202 0.499636
vt 0.110403 0.476274
vt 0.110354 0.484233
vt 0.126922 0.507617
vt 0.126865 0.499761
vt 0.126921 0.492045
vt 0.126988 0.484430
vt 0.127133 0.476588
vt 0.148870 0.507605
vt 0.149149 0.492150
vt 0.149070 0.499817
vt 0.149288 0.476617
vt 0.149233 0.484527
vt 0.164961 0.507673
vt 0.164934 0.499878
vt 0.164975 0.492215
vt 0.184942 0.507786
vt 0.187405 0.507801
vt 0.184955 0.500238
vt 0.185011 0.492722
vt 0.187741 0.492791
vt 0.187625 0.500274
vt 0.185099 0.485160
vt 0.185158 0.477296
vt 0.187861 0.477274
vt 0.187854 0.485227
vt 0.206394 0.507991
vt 0.206944 0.493047
vt 0.206709 0.500518
vt 0.207342 0.477789
vt 0.207181 0.485538
vt 0.223388 0.508244
vt 0.223723 0.500889
vt 0.224044 0.493500
vt 0.224359 0.485999
vt 0.224609 0.478435
vt 0.033852 0.465762
vt 0.050031 0.466020
vt 0.052843 0.466068
vt 0.069195 0.466365
vt 0.072000 0.466416
vt 0.088296 0.466719
vt 0.091604 0.466779
vt 0.107357 0.467056
vt 0.110550 0.467109
vt 0.126900 0.467369
vt 0.129780 0.467412
vt 0.145862 0.467642
vt 0.149624 0.467695
vt 0.164918 0.467911
vt 0.168469 0.467964
vt 0.185324 0.468238
vt 0.188338 0.468294
vt 0.204719 0.468640
vt 0.207545 0.468708
vt 0.224476 0.469180
vt 0.227256 0.469268
vt 0.009175 0.499499
vt 0.009556 0.507953
vt 0.003184 0.507824
vt 0.003309 0.499457
vt 0.009941 0.518210
vt 0.009720 0.526346
vt 0.004277 0.526346
vt 0.003278 0.518041
vt 0.009113 0.482845
vt 0.009164 0.491186
vt 0.003306 0.491124
vt 0.003553 0.482753
vt 0.009204 0.474434
vt 0.003606 0.474473
vt 0.010363 0.514406
vt 0.003883 0.514461
vt 0.010223 0.515783
vt 0.010119 0.517538
vt 0.003180 0.517546
vt 0.003653 0.515581
vt 0.008808 0.465443
vt 0.009187 0.470096
vt 0.003406 0.470521
vt 0.003142 0.465376
vt 0.009141 0.470561
vt 0.003568 0.471076
vt 0.014031 0.516198
vt 0.013544 0.514432
vt 0.013335 0.474554
vt 0.013453 0.470647
vt 0.013632 0.469707
vt 0.013870 0.518523
vt 0.014038 0.517932
vt 0.013427 0.465497
vt 0.012838 0.507956
vt 0.012722 0.499516
vt 0.012920 0.491234
vt 0.012963 0.482924
vt 0.013798 0.526346
vt 0.011993 0.514231
vt 0.012138 0.516055
vt 0.011347 0.470783
vt 0.011321 0.474497
vt 0.011542 0.469840
vt 0.012112 0.517684
vt 0.012077 0.518385
vt 0.011263 0.465472
vt 0.011197 0.507955
vt 0.011067 0.491210
vt 0.010984 0.499509
vt 0.011083 0.482883
vt 0.011924 0.526346
vt 0.246962 0.474544
vt 0.247600 0.469976
vt 0.251068 0.470102
vt 0.250394 0.475232
vt 0.244896 0.475440
vt 0.246850 0.475491
vt 0.250227 0.475982
vt 0.255386 0.470258
vt 0.255102 0.476008
vt 0.254955 0.476658
vt 0.242299 0.514917
vt 0.242178 0.516407
vt 0.242312 0.517915
vt 0.242376 0.518548
vt 0.243131 0.526346
vt 0.244344 0.518025
vt 0.244383 0.518570
vt 0.245189 0.526346
vt 0.244662 0.514848
vt 0.243955 0.516264
vt 0.247303 0.518128
vt 0.247378 0.518670
vt 0.248136 0.526346
vt 0.247196 0.514814
vt 0.246992 0.516215
vt 0.252317 0.518194
vt 0.252273 0.518726
vt 0.251986 0.526346
vt 0.252380 0.515178
vt 0.252522 0.516314
vt 0.244888 0.486944
vt 0.244463 0.494766
vt 0.245020 0.478802
vt 0.244174 0.502284
vt 0.243005 0.510264
vt 0.246072 0.502586
vt 0.244897 0.510747
vt 0.246959 0.479033
vt 0.246484 0.494732
vt 0.246951 0.487125
vt 0.247161 0.510991
vt 0.252481 0.511379
vt 0.248335 0.502905
vt 0.252623 0.503456
vt 0.248979 0.494901
vt 0.253262 0.495397
vt 0.249562 0.487052
vt 0.253821 0.487228
vt 0.249872 0.479426
vt 0.254494 0.479914
vt 0.287231 0.933110
vt 0.291392 0.939382
vt 0.286501 0.941780
vt 0.283092 0.936619
vt 0.281722 0.927948
vt 0.278531 0.932297
vt 0.294106 0.948635
vt 0.293488 0.948736
vt 0.288216 0.946765
vt 0.293655 0.945697
vt 0.262535 0.926986
vt 0.269761 0.923561
vt 0.268720 0.927760
vt 0.288333 0.949759
vt 0.275320 0.924309
vt 0.273270 0.929229
vt 0.272098 0.923149
vt 0.270508 0.928253
vt 0.293809 0.953288
vt 0.288957 0.953288
vt 0.271486 0.923997
vt 0.262535 0.922814
vt 0.269818 0.923027
vt 0.286113 0.947080
vt 0.284547 0.942702
vt 0.286365 0.949026
vt 0.268241 0.929898
vt 0.262535 0.929162
vt 0.272386 0.931194
vt 0.269854 0.930375
vt 0.277199 0.934064
vt 0.281393 0.938004
vt 0.283969 0.951461
vt 0.282082 0.950009
vt 0.284692 0.949065
vt 0.285674 0.950990
vt 0.267715 0.932104
vt 0.262535 0.931450
vt 0.271456 0.933267
vt 0.269160 0.932548
vt 0.275834 0.935880
vt 0.279383 0.939877
vt 0.282527 0.943690
vt 0.284006 0.947709
vt 0.266899 0.935431
vt 0.262535 0.934783
vt 0.270099 0.936310
vt 0.268163 0.935664
vt 0.273836 0.938522
vt 0.277039 0.941780
vt 0.279774 0.945126
vt 0.281490 0.948768
vt 0.284032 0.953288
vt 0.281409 0.953288
vt 0.286007 0.953288
vt 0.262535 0.953288
vt 0.457709 0.809079
vt 0.456886 0.806183
vt 0.463773 0.804202
vt 0.458236 0.808929
vt 0.454992 0.799079
vt 0.461995 0.797427
vt 0.453402 0.791868
vt 0.452217 0.784690
vt 0.459237 0.783718
vt 0.460382 0.790564
vt 0.451352 0.777498
vt 0.458351 0.776983
vt 0.458204 0.771521
vt 0.452221 0.771699
vt 0.452171 0.769987
vt 0.458150 0.762538
vt 0.459592 0.812996
vt 0.465919 0.810849
vt 0.451657 0.770068
vt 0.451122 0.762538
vt 0.451036 0.771764
vt 0.465230 0.796625
vt 0.467184 0.803173
vt 0.462501 0.783205
vt 0.463870 0.789859
vt 0.460837 0.762538
vt 0.461234 0.771499
vt 0.461685 0.776478
vt 0.469078 0.809771
vt 0.483581 0.798306
vt 0.485634 0.803972
vt 0.479560 0.780929
vt 0.480563 0.786818
vt 0.477943 0.762536
vt 0.478131 0.770411
vt 0.478737 0.774947
vt 0.494284 0.794827
vt 0.496004 0.799970
vt 0.481971 0.792606
vt 0.491437 0.784450
vt 0.492772 0.789702
vt 0.498853 0.793326
vt 0.500605 0.798190
vt 0.490502 0.779095
vt 0.488781 0.762535
vt 0.489278 0.769619
vt 0.489690 0.773693
vt 0.497527 0.788435
vt 0.507178 0.790758
vt 0.508583 0.795128
vt 0.495474 0.778318
vt 0.496265 0.783432
vt 0.494051 0.762535
vt 0.494186 0.769142
vt 0.494719 0.773072
vt 0.505888 0.786343
vt 0.510303 0.789831
vt 0.511622 0.793921
vt 0.504156 0.777126
vt 0.504965 0.781746
vt 0.503112 0.762534
vt 0.503333 0.767806
vt 0.503695 0.772405
vt 0.507571 0.776704
vt 0.508279 0.781166
vt 0.506740 0.762534
vt 0.506859 0.767666
vt 0.507127 0.772133
vt 0.509160 0.785589
vt 0.017108 0.460514
vt 0.017105 0.456307
vt 0.030349 0.456268
vt 0.029858 0.459575
vt 0.228814 0.452191
vt 0.243831 0.452881
vt 0.243523 0.460899
vt 0.228730 0.459814
vt 0.229151 0.436910
vt 0.244273 0.437213
vt 0.243974 0.444980
vt 0.228879 0.444522
vt 0.229446 0.424267
vt 0.244147 0.423812
vt 0.244493 0.429310
vt 0.229395 0.429269
vt 0.229220 0.410203
vt 0.246276 0.410975
vt 0.244024 0.419829
vt 0.228572 0.419387
vt 0.032426 0.412899
vt 0.032389 0.413294
vt 0.018040 0.412063
vt 0.017987 0.411738
vt 0.228550 0.419970
vt 0.243813 0.420340
vt 0.243762 0.422226
vt 0.228534 0.422272
vt 0.017643 0.415535
vt 0.017944 0.414032
vt 0.032190 0.415552
vt 0.032133 0.416324
vt 0.228542 0.422974
vt 0.035572 0.413101
vt 0.035539 0.413513
vt 0.145350 0.458539
vt 0.146431 0.458762
vt 0.145857 0.462975
vt 0.144873 0.461479
vt 0.017748 0.402612
vt 0.033514 0.403887
vt 0.031303 0.417328
vt 0.031252 0.423482
vt 0.017185 0.422835
vt 0.016926 0.431362
vt 0.030867 0.431790
vt 0.030639 0.439919
vt 0.016984 0.439709
vt 0.016861 0.448017
vt 0.030435 0.448010
vt 0.051938 0.414111
vt 0.051907 0.414520
vt 0.035459 0.415693
vt 0.050870 0.418595
vt 0.051731 0.417399
vt 0.051697 0.424537
vt 0.050795 0.424471
vt 0.036676 0.404139
vt 0.145587 0.450699
vt 0.146485 0.450840
vt 0.145901 0.435413
vt 0.146744 0.435539
vt 0.146603 0.443193
vt 0.145821 0.443023
vt 0.145875 0.422649
vt 0.146641 0.421469
vt 0.146978 0.427786
vt 0.145972 0.427776
vt 0.054785 0.414265
vt 0.054756 0.414671
vt 0.225679 0.422909
vt 0.224715 0.424374
vt 0.209614 0.423581
vt 0.208717 0.422350
vt 0.051772 0.416680
vt 0.052971 0.405381
vt 0.036154 0.417419
vt 0.035620 0.423729
vt 0.035266 0.431957
vt 0.050456 0.432528
vt 0.050204 0.440445
vt 0.035014 0.440021
vt 0.034933 0.448039
vt 0.049900 0.448371
vt 0.049656 0.456497
vt 0.034967 0.456234
vt 0.071032 0.415165
vt 0.071004 0.415571
vt 0.054680 0.416793
vt 0.055784 0.405562
vt 0.073850 0.415293
vt 0.073825 0.415698
vt 0.204780 0.423789
vt 0.190129 0.423041
vt 0.189244 0.421824
vt 0.205762 0.422313
vt 0.070884 0.417708
vt 0.073632 0.460604
vt 0.072580 0.461681
vt 0.072245 0.457127
vt 0.073307 0.456980
vt 0.071953 0.406504
vt 0.055381 0.418518
vt 0.069968 0.419637
vt 0.069923 0.425331
vt 0.054964 0.424675
vt 0.054592 0.432695
vt 0.069646 0.433241
vt 0.069420 0.441047
vt 0.054300 0.440572
vt 0.054157 0.448453
vt 0.069101 0.448876
vt 0.068826 0.456905
vt 0.054115 0.456562
vt 0.090025 0.416061
vt 0.089998 0.416497
vt 0.073764 0.417802
vt 0.073352 0.448966
vt 0.072501 0.449050
vt 0.072711 0.441305
vt 0.073492 0.441173
vt 0.074740 0.406644
vt 0.073783 0.433398
vt 0.072979 0.433475
vt 0.073174 0.425468
vt 0.074139 0.425516
vt 0.169810 0.461761
vt 0.168864 0.462843
vt 0.168311 0.458947
vt 0.169439 0.458760
vt 0.073750 0.418495
vt 0.074501 0.419537
vt 0.093269 0.416185
vt 0.093244 0.416621
vt 0.186027 0.421792
vt 0.185064 0.423264
vt 0.170146 0.422536
vt 0.169306 0.421391
vt 0.089884 0.418636
vt 0.090884 0.407402
vt 0.088982 0.420567
vt 0.088984 0.426097
vt 0.088749 0.433903
vt 0.088554 0.441631
vt 0.088249 0.449392
vt 0.087964 0.457343
vt 0.108871 0.416853
vt 0.108844 0.417330
vt 0.093200 0.418728
vt 0.169467 0.451098
vt 0.168560 0.451216
vt 0.168693 0.443611
vt 0.169490 0.443467
vt 0.094090 0.407538
vt 0.169713 0.435841
vt 0.168831 0.435903
vt 0.168810 0.428032
vt 0.169938 0.428121
vt 0.111996 0.416955
vt 0.111972 0.417431
vt 0.151204 0.422498
vt 0.150507 0.421518
vt 0.165777 0.421356
vt 0.164860 0.422745
vt 0.108744 0.419477
vt 0.109684 0.408207
vt 0.093945 0.420462
vt 0.107902 0.421395
vt 0.107872 0.426802
vt 0.093592 0.426283
vt 0.093269 0.434060
vt 0.107684 0.434505
vt 0.107529 0.442155
vt 0.092992 0.441757
vt 0.092879 0.449481
vt 0.107246 0.449846
vt 0.106979 0.457715
vt 0.092860 0.457420
vt 0.128071 0.417573
vt 0.128050 0.417978
vt 0.111947 0.419540
vt 0.112774 0.408325
vt 0.130873 0.417641
vt 0.130856 0.418047
vt 0.131637 0.421903
vt 0.130839 0.420819
vt 0.127971 0.420105
vt 0.128795 0.408925
vt 0.112659 0.421264
vt 0.127066 0.422081
vt 0.127093 0.427368
vt 0.112409 0.426964
vt 0.112119 0.434640
vt 0.126994 0.435008
vt 0.126888 0.442594
vt 0.111869 0.442262
vt 0.111792 0.449916
vt 0.126630 0.450209
vt 0.126368 0.457966
vt 0.111816 0.457771
vt 0.146740 0.418073
vt 0.146724 0.418536
vt 0.130839 0.420145
vt 0.131560 0.409000
vt 0.108005 0.457915
vt 0.107457 0.462189
vt 0.106479 0.460732
vt 0.108112 0.449980
vt 0.150478 0.418101
vt 0.150471 0.418568
vt 0.111943 0.420284
vt 0.127949 0.420773
vt 0.146661 0.420692
vt 0.108510 0.434611
vt 0.108299 0.442330
vt 0.147291 0.409296
vt 0.131429 0.427483
vt 0.131164 0.435109
vt 0.130948 0.442678
vt 0.130900 0.450267
vt 0.130950 0.458010
vt 0.165842 0.417995
vt 0.165831 0.418520
vt 0.150494 0.420726
vt 0.204219 0.459313
vt 0.205375 0.459569
vt 0.204840 0.463608
vt 0.203823 0.462118
vt 0.150964 0.409290
vt 0.108715 0.420217
vt 0.108866 0.426780
vt 0.204547 0.451611
vt 0.205486 0.451777
vt 0.204805 0.436372
vt 0.205753 0.436472
vt 0.205599 0.444136
vt 0.204795 0.443964
vt 0.169292 0.418016
vt 0.169278 0.418544
vt 0.093191 0.419408
vt 0.165785 0.420707
vt 0.205956 0.428764
vt 0.204748 0.428769
vt 0.166365 0.409068
vt 0.164892 0.428065
vt 0.150899 0.427845
vt 0.150753 0.435492
vt 0.164927 0.435762
vt 0.164875 0.443387
vt 0.150597 0.443099
vt 0.150593 0.450742
vt 0.164646 0.451021
vt 0.164366 0.458669
vt 0.150700 0.458548
vt 0.186132 0.418326
vt 0.186109 0.418918
vt 0.169300 0.420729
vt 0.169786 0.409063
vt 0.035385 0.459917
vt 0.034375 0.460981
vt 0.033955 0.456381
vt 0.189262 0.418376
vt 0.189241 0.418970
vt 0.089854 0.419312
vt 0.186042 0.421144
vt 0.034094 0.448123
vt 0.034221 0.440160
vt 0.186797 0.409283
vt 0.185109 0.428309
vt 0.185142 0.435878
vt 0.185079 0.443434
vt 0.184778 0.451079
vt 0.184299 0.458865
vt 0.205878 0.418844
vt 0.205853 0.419413
vt 0.189241 0.421168
vt 0.189909 0.409338
vt 0.034486 0.432042
vt 0.034723 0.423668
vt 0.131243 0.461414
vt 0.130216 0.462469
vt 0.129827 0.458192
vt 0.035441 0.416403
vt 0.130026 0.450374
vt 0.130169 0.442817
vt 0.208743 0.418900
vt 0.208721 0.419470
vt 0.054661 0.417513
vt 0.070849 0.418398
vt 0.205779 0.421655
vt 0.206587 0.409742
vt 0.189964 0.428404
vt 0.189684 0.435958
vt 0.189439 0.443489
vt 0.189424 0.451153
vt 0.189458 0.459071
vt 0.225787 0.419359
vt 0.225765 0.419935
vt 0.208715 0.421684
vt 0.130329 0.435163
vt 0.130390 0.427386
vt 0.209426 0.409802
vt 0.228923 0.462708
vt 0.227858 0.463913
vt 0.227504 0.459995
vt 0.227852 0.452319
vt 0.228058 0.444664
vt 0.225698 0.422222
vt 0.228176 0.437078
vt 0.228146 0.429438
vt 0.226475 0.410157
vt 0.224689 0.429237
vt 0.209507 0.428877
vt 0.209200 0.436441
vt 0.224789 0.436856
vt 0.224779 0.444462
vt 0.208950 0.444000
vt 0.208961 0.451640
vt 0.224473 0.452093
vt 0.224024 0.459643
vt 0.209047 0.459372
vt 0.243166 0.464189
vt 0.049127 0.459706
vt 0.050129 0.461181
vt 0.223614 0.462378
vt 0.209283 0.462634
vt 0.189713 0.462488
vt 0.183885 0.461957
vt 0.184938 0.463442
vt 0.069812 0.457083
vt 0.069302 0.461525
vt 0.068306 0.460051
vt 0.163937 0.461478
vt 0.151081 0.461917
vt 0.125920 0.460936
vt 0.126916 0.462392
vt 0.111135 0.462353
vt 0.112165 0.461264
vt 0.069950 0.449001
vt 0.053411 0.461333
vt 0.054463 0.460253
vt 0.070445 0.433379
vt 0.070191 0.441227
vt 0.093217 0.460971
vt 0.242721 0.465617
vt 0.245083 0.465487
vt 0.087430 0.460414
vt 0.165442 0.458898
vt 0.164902 0.462898
vt 0.188595 0.463647
vt 0.070863 0.425360
vt 0.165548 0.451170
vt 0.017363 0.461595
vt 0.030812 0.460721
vt 0.092190 0.462050
vt 0.150080 0.463014
vt 0.224604 0.463864
vt 0.208200 0.463757
vt 0.088401 0.461876
vt 0.032137 0.423510
vt 0.031646 0.431935
vt 0.031427 0.440097
vt 0.031277 0.448110
vt 0.031307 0.456409
vt 0.054037 0.424659
vt 0.051240 0.432686
vt 0.053803 0.432790
vt 0.053516 0.440704
vt 0.050979 0.440627
vt 0.050743 0.448489
vt 0.053313 0.448533
vt 0.053073 0.456701
vt 0.050626 0.456663
vt 0.092592 0.426205
vt 0.089958 0.426092
vt 0.089565 0.434023
vt 0.092451 0.434124
vt 0.092212 0.441891
vt 0.089325 0.441809
vt 0.089106 0.449522
vt 0.092019 0.449572
vt 0.091773 0.457587
vt 0.088971 0.457538
vt 0.111388 0.426877
vt 0.111292 0.434697
vt 0.111090 0.442398
vt 0.110925 0.450016
vt 0.110708 0.457951
vt 0.128104 0.427320
vt 0.127827 0.435101
vt 0.127660 0.442766
vt 0.127502 0.450345
vt 0.127412 0.458168
vt 0.149865 0.427828
vt 0.149907 0.435591
vt 0.149808 0.443245
vt 0.149697 0.450862
vt 0.149538 0.458768
vt 0.165992 0.428002
vt 0.165805 0.435852
vt 0.165663 0.443558
vt 0.188773 0.428365
vt 0.186261 0.428310
vt 0.186055 0.435991
vt 0.188768 0.436037
vt 0.188638 0.443632
vt 0.185873 0.443610
vt 0.185703 0.451249
vt 0.188484 0.451279
vt 0.188198 0.459285
vt 0.185484 0.459165
vt 0.208260 0.428822
vt 0.208252 0.436511
vt 0.208141 0.444146
vt 0.208015 0.451777
vt 0.207794 0.459603
vt 0.225906 0.429416
vt 0.225757 0.437050
vt 0.225591 0.444638
vt 0.225419 0.452277
vt 0.225186 0.459923
vt 0.009794 0.431330
vt 0.003923 0.431357
vt 0.003783 0.423039
vt 0.010157 0.422784
vt 0.010172 0.412275
vt 0.003461 0.412933
vt 0.003392 0.404648
vt 0.009064 0.403540
vt 0.009502 0.448040
vt 0.003941 0.448024
vt 0.003848 0.439666
vt 0.009700 0.439682
vt 0.009413 0.456460
vt 0.003819 0.456296
vt 0.004291 0.416470
vt 0.010827 0.416174
vt 0.010618 0.414768
vt 0.004000 0.415362
vt 0.003398 0.413438
vt 0.010406 0.412956
vt 0.003527 0.460240
vt 0.009297 0.460799
vt 0.003702 0.459689
vt 0.009262 0.460332
vt 0.014121 0.416038
vt 0.014585 0.414167
vt 0.013577 0.460348
vt 0.013551 0.456434
vt 0.013733 0.461293
vt 0.014538 0.412317
vt 0.014334 0.411685
vt 0.013499 0.422744
vt 0.013474 0.439690
vt 0.013375 0.431330
vt 0.013362 0.448038
vt 0.013626 0.402901
vt 0.012513 0.416292
vt 0.012595 0.414391
vt 0.011472 0.460162
vt 0.011533 0.456445
vt 0.011646 0.461110
vt 0.012486 0.412678
vt 0.012408 0.411935
vt 0.011824 0.422762
vt 0.011611 0.439685
vt 0.011618 0.431328
vt 0.011477 0.448042
vt 0.011508 0.403161
vt 0.247293 0.465372
vt 0.250766 0.464936
vt 0.245295 0.464328
vt 0.247250 0.464419
vt 0.250654 0.464176
vt 0.255513 0.464506
vt 0.255414 0.463848
vt 0.246520 0.422599
vt 0.246422 0.424183
vt 0.247082 0.420337
vt 0.246904 0.421009
vt 0.249736 0.411742
vt 0.249230 0.420697
vt 0.249083 0.421262
vt 0.252039 0.412432
vt 0.248363 0.423038
vt 0.248860 0.424620
vt 0.252344 0.421210
vt 0.252158 0.421743
vt 0.255171 0.413495
vt 0.251476 0.423622
vt 0.251439 0.425072
vt 0.257189 0.422157
vt 0.257126 0.422687
vt 0.258944 0.414884
vt 0.256962 0.424548
vt 0.256622 0.425633
vt 0.246374 0.444948
vt 0.246151 0.452825
vt 0.245664 0.460979
vt 0.246522 0.429100
vt 0.246794 0.437349
vt 0.248514 0.428856
vt 0.248737 0.437243
vt 0.247619 0.460892
vt 0.248397 0.445161
vt 0.248229 0.452809
vt 0.256103 0.429312
vt 0.250827 0.428914
vt 0.255344 0.437082
vt 0.251039 0.437167
vt 0.255200 0.445107
vt 0.250904 0.445215
vt 0.255078 0.453253
vt 0.250830 0.453090
vt 0.255192 0.460574
vt 0.250555 0.460717
vt 0.287231 0.973465
vt 0.283092 0.969957
vt 0.286501 0.964796
vt 0.291392 0.967194
vt 0.281722 0.978628
vt 0.278531 0.974278
vt 0.294106 0.957940
vt 0.293655 0.960879
vt 0.288216 0.959810
vt 0.293488 0.957839
vt 0.262535 0.979590
vt 0.268720 0.978816
vt 0.269761 0.983014
vt 0.288333 0.956817
vt 0.275320 0.982266
vt 0.273270 0.977347
vt 0.272098 0.983426
vt 0.270508 0.978323
vt 0.271486 0.982579
vt 0.262535 0.983762
vt 0.269818 0.983549
vt 0.284547 0.963873
vt 0.286113 0.959496
vt 0.286365 0.957550
vt 0.262535 0.977413
vt 0.268241 0.976678
vt 0.269854 0.976201
vt 0.272386 0.975382
vt 0.277199 0.972511
vt 0.281393 0.968572
vt 0.283969 0.955115
vt 0.285674 0.955586
vt 0.284692 0.957510
vt 0.282082 0.956566
vt 0.262535 0.975126
vt 0.267715 0.974472
vt 0.269160 0.974028
vt 0.271456 0.973309
vt 0.275834 0.970696
vt 0.279383 0.966699
vt 0.282527 0.962885
vt 0.284006 0.958867
vt 0.262535 0.971793
vt 0.266899 0.971145
vt 0.268163 0.970912
vt 0.270099 0.970266
vt 0.273836 0.968054
vt 0.277039 0.964796
vt 0.279774 0.961449
vt 0.281490 0.957807
vt 0.460477 0.817250
vt 0.460989 0.817050
vt 0.468289 0.817452
vt 0.461572 0.820059
vt 0.471004 0.823993
vt 0.464344 0.826877
vt 0.467329 0.833639
vt 0.473851 0.830596
vt 0.476945 0.837045
vt 0.470458 0.840210
vt 0.480034 0.843434
vt 0.473634 0.846722
vt 0.482862 0.848478
vt 0.486718 0.857177
vt 0.478043 0.852861
vt 0.477288 0.851279
vt 0.480233 0.860136
vt 0.477538 0.853004
vt 0.476235 0.851817
vt 0.471648 0.816178
vt 0.474127 0.822662
vt 0.477176 0.829069
vt 0.480067 0.835559
vt 0.485721 0.846963
vt 0.489654 0.856394
vt 0.483315 0.842013
vt 0.487715 0.809653
vt 0.493025 0.820923
vt 0.496328 0.826615
vt 0.502947 0.837295
vt 0.510290 0.846367
vt 0.500036 0.832566
vt 0.496078 0.800159
vt 0.498271 0.805180
vt 0.490227 0.815247
vt 0.500663 0.810120
vt 0.503373 0.815123
vt 0.500676 0.798369
vt 0.502715 0.803156
vt 0.506616 0.820013
vt 0.513270 0.828601
vt 0.519338 0.834530
vt 0.510212 0.824942
vt 0.505145 0.807725
vt 0.510561 0.799271
vt 0.507795 0.812370
vt 0.511028 0.816802
vt 0.517534 0.824635
vt 0.523669 0.829820
vt 0.514609 0.821314
vt 0.512695 0.803354
vt 0.513459 0.797790
vt 0.515274 0.807295
vt 0.518075 0.811111
vt 0.524634 0.818001
vt 0.528728 0.821269
vt 0.521294 0.814684
vt 0.518013 0.805342
vt 0.520713 0.808904
vt 0.526989 0.815297
vt 0.530958 0.818538
vt 0.523767 0.812262
vt 0.515556 0.801616
vt 0.016984 0.582126
vt 0.016879 0.577928
vt 0.030089 0.577553
vt 0.029689 0.580861
vt 0.227694 0.566390
vt 0.242591 0.565985
vt 0.242885 0.573969
vt 0.228109 0.573921
vt 0.226997 0.551444
vt 0.241695 0.550523
vt 0.242097 0.558164
vt 0.227249 0.558864
vt 0.226432 0.539315
vt 0.240121 0.537717
vt 0.241084 0.542864
vt 0.226715 0.544082
vt 0.239574 0.534080
vt 0.225303 0.534824
vt 0.030862 0.534977
vt 0.030843 0.535353
vt 0.017278 0.534589
vt 0.017227 0.534287
vt 0.225318 0.535366
vt 0.239435 0.534563
vt 0.239589 0.536285
vt 0.225442 0.537516
vt 0.030741 0.537515
vt 0.030713 0.538255
vt 0.017190 0.536421
vt 0.225496 0.538174
vt 0.033877 0.535012
vt 0.033866 0.535411
vt 0.145094 0.575961
vt 0.146182 0.576155
vt 0.145726 0.580384
vt 0.144699 0.578916
vt 0.016904 0.537841
vt 0.029945 0.539234
vt 0.030086 0.545196
vt 0.016434 0.544841
vt 0.016224 0.553181
vt 0.029943 0.553319
vt 0.029935 0.561326
vt 0.016405 0.561418
vt 0.016446 0.569675
vt 0.029949 0.569342
vt 0.049873 0.535083
vt 0.049866 0.535487
vt 0.033889 0.537517
vt 0.049056 0.539546
vt 0.049848 0.538328
vt 0.050151 0.545378
vt 0.049257 0.545353
vt 0.145117 0.568111
vt 0.146018 0.568228
vt 0.145049 0.552785
vt 0.145897 0.552892
vt 0.145940 0.560569
vt 0.145152 0.560417
vt 0.144765 0.539952
vt 0.145516 0.538743
vt 0.145970 0.545101
vt 0.144958 0.545110
vt 0.052697 0.535069
vt 0.052691 0.535474
vt 0.222786 0.538284
vt 0.221954 0.539715
vt 0.207501 0.539575
vt 0.206590 0.538431
vt 0.049851 0.537620
vt 0.034631 0.539157
vt 0.034346 0.545297
vt 0.034265 0.553354
vt 0.049260 0.553336
vt 0.049315 0.561194
vt 0.034257 0.561303
vt 0.034413 0.569244
vt 0.049298 0.569079
vt 0.049336 0.577178
vt 0.034685 0.577388
vt 0.068929 0.535105
vt 0.068922 0.535512
vt 0.052728 0.537580
vt 0.071762 0.535091
vt 0.071756 0.535498
vt 0.202840 0.539957
vt 0.188591 0.539647
vt 0.187696 0.538487
vt 0.203738 0.538500
vt 0.068908 0.537655
vt 0.073416 0.580407
vt 0.072405 0.581522
vt 0.071901 0.576985
vt 0.072957 0.576798
vt 0.053508 0.539256
vt 0.068084 0.539627
vt 0.068302 0.545319
vt 0.053389 0.545368
vt 0.053366 0.553333
vt 0.068368 0.553232
vt 0.068463 0.561035
vt 0.053387 0.561165
vt 0.053537 0.569008
vt 0.068450 0.568863
vt 0.068477 0.576891
vt 0.053782 0.577088
vt 0.088055 0.535120
vt 0.088047 0.535560
vt 0.071795 0.537611
vt 0.072698 0.568790
vt 0.071852 0.568906
vt 0.071759 0.561161
vt 0.072535 0.560998
vt 0.072507 0.553215
vt 0.071707 0.553326
vt 0.071556 0.545312
vt 0.072523 0.545317
vt 0.169619 0.578491
vt 0.168708 0.579601
vt 0.168039 0.575730
vt 0.169158 0.575510
vt 0.071814 0.538307
vt 0.072614 0.539318
vt 0.091331 0.535103
vt 0.091325 0.535544
vt 0.184554 0.538533
vt 0.183646 0.539992
vt 0.168985 0.539538
vt 0.168137 0.538426
vt 0.088026 0.537718
vt 0.087202 0.539700
vt 0.087436 0.545258
vt 0.087516 0.553104
vt 0.087623 0.560860
vt 0.087611 0.568645
vt 0.087621 0.576613
vt 0.107114 0.535140
vt 0.107105 0.535624
vt 0.091369 0.537669
vt 0.168963 0.567877
vt 0.168063 0.568020
vt 0.167989 0.560453
vt 0.168777 0.560289
vt 0.168812 0.552715
vt 0.167939 0.552797
vt 0.167755 0.544997
vt 0.168875 0.545064
vt 0.110282 0.535124
vt 0.110275 0.535607
vt 0.150125 0.539708
vt 0.149409 0.538734
vt 0.164648 0.538439
vt 0.163760 0.539828
vt 0.107086 0.537797
vt 0.092191 0.539387
vt 0.106308 0.539768
vt 0.106477 0.545224
vt 0.092074 0.545256
vt 0.092058 0.553083
vt 0.106565 0.552989
vt 0.106677 0.560685
vt 0.092076 0.560818
vt 0.092250 0.568561
vt 0.106660 0.568413
vt 0.106661 0.576307
vt 0.092523 0.576511
vt 0.126608 0.535201
vt 0.126600 0.535613
vt 0.110327 0.537743
vt 0.129463 0.535194
vt 0.129455 0.535606
vt 0.130345 0.539499
vt 0.129508 0.538419
vt 0.126582 0.537774
vt 0.111108 0.539463
vt 0.125723 0.539807
vt 0.125902 0.545152
vt 0.111057 0.545225
vt 0.111032 0.552969
vt 0.126023 0.552862
vt 0.126141 0.560498
vt 0.111041 0.560643
vt 0.111221 0.568329
vt 0.126109 0.568151
vt 0.126081 0.575933
vt 0.111507 0.576201
vt 0.145564 0.535309
vt 0.145554 0.535777
vt 0.129492 0.537736
vt 0.107696 0.576472
vt 0.107292 0.580768
vt 0.106264 0.579344
vt 0.107532 0.568517
vt 0.149344 0.535299
vt 0.149340 0.535769
vt 0.110350 0.538495
vt 0.126580 0.538452
vt 0.145524 0.537958
vt 0.107399 0.553067
vt 0.107457 0.560834
vt 0.130284 0.545147
vt 0.130225 0.552845
vt 0.130222 0.560464
vt 0.130393 0.568082
vt 0.130672 0.575841
vt 0.164681 0.535107
vt 0.164674 0.535627
vt 0.149386 0.537939
vt 0.203785 0.574785
vt 0.204942 0.574985
vt 0.204599 0.579027
vt 0.203520 0.577587
vt 0.107085 0.538546
vt 0.107478 0.545165
vt 0.203753 0.567153
vt 0.204686 0.567273
vt 0.203340 0.552185
vt 0.204269 0.552244
vt 0.204450 0.559750
vt 0.203653 0.559617
vt 0.168081 0.535103
vt 0.168073 0.535622
vt 0.091388 0.538355
vt 0.164648 0.537795
vt 0.204158 0.544735
vt 0.202986 0.544785
vt 0.163871 0.545101
vt 0.149909 0.545086
vt 0.149915 0.552757
vt 0.164060 0.552743
vt 0.164186 0.560327
vt 0.149936 0.560376
vt 0.150126 0.568022
vt 0.164160 0.567934
vt 0.164096 0.575567
vt 0.150444 0.575823
vt 0.184586 0.535145
vt 0.184575 0.535723
vt 0.168121 0.537773
vt 0.035212 0.581044
vt 0.034236 0.582139
vt 0.033682 0.577564
vt 0.187632 0.535132
vt 0.187625 0.535710
vt 0.088026 0.538399
vt 0.184554 0.537899
vt 0.033583 0.569351
vt 0.033479 0.561464
vt 0.183812 0.544934
vt 0.184053 0.552370
vt 0.184222 0.559822
vt 0.184176 0.567395
vt 0.183970 0.575139
vt 0.203743 0.535148
vt 0.203736 0.535697
vt 0.187677 0.537849
vt 0.033501 0.553461
vt 0.033470 0.545268
vt 0.131065 0.579239
vt 0.130068 0.580324
vt 0.129552 0.576056
vt 0.033904 0.538206
vt 0.129520 0.568216
vt 0.129444 0.560626
vt 0.206498 0.535121
vt 0.206496 0.535667
vt 0.052747 0.538294
vt 0.068906 0.538346
vt 0.203733 0.537864
vt 0.188573 0.544896
vt 0.188522 0.552311
vt 0.188527 0.559733
vt 0.188780 0.567307
vt 0.189104 0.575158
vt 0.222711 0.534930
vt 0.222716 0.535473
vt 0.206564 0.537793
vt 0.129386 0.552922
vt 0.129232 0.545077
vt 0.228492 0.576778
vt 0.227513 0.578050
vt 0.226908 0.574181
vt 0.226756 0.566579
vt 0.226456 0.559058
vt 0.222770 0.537632
vt 0.226066 0.551672
vt 0.225532 0.544327
vt 0.222213 0.544349
vt 0.207606 0.544703
vt 0.207629 0.552065
vt 0.222775 0.551677
vt 0.223240 0.559071
vt 0.207730 0.559464
vt 0.208106 0.566973
vt 0.223417 0.566572
vt 0.223441 0.574051
vt 0.208571 0.574611
vt 0.242767 0.577266
vt 0.048916 0.580395
vt 0.049965 0.581835
vt 0.223199 0.576785
vt 0.208974 0.577835
vt 0.189490 0.578546
vt 0.183664 0.578230
vt 0.184764 0.579677
vt 0.069470 0.577032
vt 0.069123 0.581488
vt 0.068074 0.580051
vt 0.163750 0.578382
vt 0.150918 0.579180
vt 0.125723 0.578922
vt 0.126766 0.580346
vt 0.110977 0.580808
vt 0.111971 0.579686
vt 0.069302 0.568956
vt 0.053248 0.581874
vt 0.054259 0.580758
vt 0.069172 0.553336
vt 0.069240 0.561184
vt 0.093007 0.580050
vt 0.242683 0.582892
vt 0.242424 0.578719
vt 0.244768 0.578421
vt 0.245193 0.582802
vt 0.087200 0.579704
vt 0.165176 0.575765
vt 0.164754 0.579773
vt 0.188420 0.579748
vt 0.069242 0.545306
vt 0.165062 0.568058
vt 0.017167 0.587149
vt 0.017265 0.583199
vt 0.030673 0.581980
vt 0.030781 0.586974
vt 0.092019 0.581165
vt 0.149948 0.580304
vt 0.224272 0.578206
vt 0.207954 0.579012
vt 0.088225 0.581130
vt 0.030949 0.545197
vt 0.030711 0.553439
vt 0.030717 0.561481
vt 0.030788 0.569418
vt 0.031046 0.577668
vt 0.052470 0.545394
vt 0.050043 0.553461
vt 0.052587 0.553460
vt 0.052613 0.561327
vt 0.050090 0.561346
vt 0.050140 0.569167
vt 0.052700 0.569119
vt 0.052749 0.577264
vt 0.050308 0.577311
vt 0.091066 0.545219
vt 0.088414 0.545212
vt 0.088339 0.553192
vt 0.091239 0.553180
vt 0.091299 0.560981
vt 0.088402 0.561009
vt 0.088474 0.568744
vt 0.091393 0.568685
vt 0.091440 0.576717
vt 0.088636 0.576771
vt 0.110025 0.545173
vt 0.110202 0.553056
vt 0.110263 0.560806
vt 0.110354 0.568458
vt 0.110403 0.576418
vt 0.126922 0.545075
vt 0.126865 0.552931
vt 0.126921 0.560647
vt 0.126988 0.568262
vt 0.127133 0.576104
vt 0.148870 0.545087
vt 0.149070 0.552875
vt 0.149149 0.560542
vt 0.149233 0.568165
vt 0.149288 0.576075
vt 0.164961 0.545019
vt 0.164934 0.552814
vt 0.164975 0.560477
vt 0.187405 0.544891
vt 0.184942 0.544906
vt 0.184955 0.552454
vt 0.187625 0.552418
vt 0.187742 0.559901
vt 0.185011 0.559970
vt 0.185099 0.567532
vt 0.187854 0.567465
vt 0.187861 0.575418
vt 0.185158 0.575396
vt 0.206394 0.544701
vt 0.206709 0.552174
vt 0.206944 0.559645
vt 0.207181 0.567154
vt 0.207342 0.574903
vt 0.223388 0.544448
vt 0.223723 0.551803
vt 0.224044 0.559192
vt 0.224359 0.566693
vt 0.224609 0.574257
vt 0.033852 0.586930
vt 0.050031 0.586672
vt 0.052843 0.586624
vt 0.069195 0.586327
vt 0.072000 0.586276
vt 0.088296 0.585973
vt 0.091604 0.585913
vt 0.107357 0.585637
vt 0.110550 0.585583
vt 0.126900 0.585323
vt 0.129781 0.585280
vt 0.145862 0.585050
vt 0.149624 0.584997
vt 0.164918 0.584781
vt 0.168469 0.584728
vt 0.185324 0.584454
vt 0.188338 0.584398
vt 0.204719 0.584052
vt 0.207545 0.583984
vt 0.224476 0.583512
vt 0.227256 0.583424
vt 0.009175 0.553193
vt 0.003309 0.553235
vt 0.003184 0.544868
vt 0.009556 0.544739
vt 0.009941 0.534482
vt 0.003278 0.534651
vt 0.009113 0.569847
vt 0.003553 0.569939
vt 0.003306 0.561568
vt 0.009164 0.561506
vt 0.009204 0.578258
vt 0.003606 0.578219
vt 0.003883 0.538231
vt 0.010363 0.538286
vt 0.010223 0.536909
vt 0.003653 0.537111
vt 0.003180 0.535146
vt 0.010119 0.535154
vt 0.008808 0.587250
vt 0.003142 0.587316
vt 0.003406 0.582171
vt 0.009187 0.582596
vt 0.003568 0.581616
vt 0.009141 0.582131
vt 0.013544 0.538260
vt 0.014031 0.536494
vt 0.013453 0.582045
vt 0.013335 0.578138
vt 0.013632 0.582986
vt 0.014038 0.534760
vt 0.013870 0.534170
vt 0.013427 0.587195
vt 0.012838 0.544736
vt 0.012920 0.561458
vt 0.012722 0.553176
vt 0.012963 0.569768
vt 0.011993 0.538461
vt 0.012138 0.536637
vt 0.011347 0.581909
vt 0.011321 0.578195
vt 0.011542 0.582852
vt 0.012112 0.535008
vt 0.012077 0.534307
vt 0.011263 0.587221
vt 0.011197 0.544737
vt 0.011067 0.561481
vt 0.010984 0.553183
vt 0.011083 0.569809
vt 0.246962 0.578147
vt 0.250394 0.577460
vt 0.251068 0.582590
vt 0.247600 0.582716
vt 0.244896 0.577252
vt 0.246850 0.577201
vt 0.250227 0.576709
vt 0.255102 0.576684
vt 0.255386 0.582434
vt 0.254955 0.576034
vt 0.242178 0.536285
vt 0.242299 0.537775
vt 0.242376 0.534144
vt 0.242312 0.534777
vt 0.244383 0.534122
vt 0.244344 0.534667
vt 0.243955 0.536428
vt 0.244662 0.537844
vt 0.247378 0.534022
vt 0.247303 0.534564
vt 0.246992 0.536477
vt 0.247196 0.537878
vt 0.252273 0.533966
vt 0.252317 0.534498
vt 0.252522 0.536378
vt 0.252380 0.537514
vt 0.244463 0.557926
vt 0.244888 0.565748
vt 0.245020 0.573890
vt 0.243005 0.542428
vt 0.244174 0.550407
vt 0.244897 0.541945
vt 0.246072 0.550106
vt 0.246959 0.573659
vt 0.246484 0.557960
vt 0.246951 0.565567
vt 0.252481 0.541313
vt 0.247161 0.541701
vt 0.252623 0.549236
vt 0.248335 0.549787
vt 0.253262 0.557295
vt 0.248979 0.557791
vt 0.253821 0.565464
vt 0.249562 0.565640
vt 0.254494 0.572778
vt 0.249872 0.573266
vt 0.237839 0.933110
vt 0.241978 0.936619
vt 0.238569 0.941780
vt 0.233678 0.939382
vt 0.243348 0.927948
vt 0.246539 0.932297
vt 0.230963 0.948635
vt 0.231415 0.945697
vt 0.236854 0.946765
vt 0.231582 0.948736
vt 0.256349 0.927760
vt 0.255309 0.923561
vt 0.236737 0.949759
vt 0.249750 0.924309
vt 0.251800 0.929229
vt 0.252972 0.923149
vt 0.254562 0.928253
vt 0.236113 0.953288
vt 0.231261 0.953288
vt 0.253584 0.923997
vt 0.255252 0.923027
vt 0.240523 0.942702
vt 0.238956 0.947080
vt 0.238705 0.949026
vt 0.256829 0.929898
vt 0.255216 0.930375
vt 0.252683 0.931194
vt 0.247870 0.934064
vt 0.243677 0.938004
vt 0.241101 0.951461
vt 0.239396 0.950990
vt 0.240377 0.949065
vt 0.242988 0.950009
vt 0.257355 0.932104
vt 0.255909 0.932548
vt 0.253614 0.933267
vt 0.249236 0.935880
vt 0.245687 0.939877
vt 0.242543 0.943690
vt 0.241063 0.947709
vt 0.258171 0.935431
vt 0.256907 0.935664
vt 0.254971 0.936310
vt 0.251234 0.938522
vt 0.248031 0.941780
vt 0.245296 0.945126
vt 0.243580 0.948768
vt 0.243661 0.953288
vt 0.241038 0.953288
vt 0.239063 0.953288
vt 0.457700 0.715995
vt 0.458228 0.716145
vt 0.463766 0.720871
vt 0.456878 0.718891
vt 0.461989 0.727647
vt 0.454985 0.725996
vt 0.453397 0.733208
vt 0.460377 0.734511
vt 0.459233 0.741358
vt 0.452213 0.740386
vt 0.458348 0.748093
vt 0.451349 0.747579
vt 0.458202 0.753555
vt 0.452169 0.755089
vt 0.452219 0.753378
vt 0.459583 0.712078
vt 0.465910 0.714224
vt 0.451656 0.755008
vt 0.451034 0.753313
vt 0.467177 0.721900
vt 0.465224 0.728448
vt 0.463865 0.735215
vt 0.462497 0.741870
vt 0.461232 0.753576
vt 0.461682 0.748597
vt 0.469070 0.715301
vt 0.485628 0.721098
vt 0.483576 0.726765
vt 0.480560 0.738254
vt 0.479558 0.744143
vt 0.478130 0.754661
vt 0.478735 0.750125
vt 0.496001 0.725097
vt 0.494280 0.730242
vt 0.481967 0.732465
vt 0.492769 0.735368
vt 0.491434 0.740620
vt 0.500601 0.726878
vt 0.498850 0.731743
vt 0.490500 0.745975
vt 0.489277 0.755452
vt 0.489688 0.751378
vt 0.497524 0.736634
vt 0.508581 0.729940
vt 0.507175 0.734311
vt 0.496262 0.741637
vt 0.495472 0.746752
vt 0.494186 0.755928
vt 0.494718 0.751998
vt 0.505885 0.738726
vt 0.511619 0.731148
vt 0.510300 0.735238
vt 0.504963 0.743323
vt 0.504154 0.747943
vt 0.503332 0.757263
vt 0.503694 0.752664
vt 0.508277 0.743903
vt 0.507569 0.748365
vt 0.506858 0.757402
vt 0.507126 0.752936
vt 0.509157 0.739480
vt 0.017108 0.592178
vt 0.029858 0.593117
vt 0.030349 0.596424
vt 0.017105 0.596385
vt 0.228814 0.600501
vt 0.228730 0.592878
vt 0.243523 0.591793
vt 0.243831 0.599811
vt 0.229151 0.615782
vt 0.228879 0.608170
vt 0.243974 0.607712
vt 0.244273 0.615478
vt 0.229446 0.628424
vt 0.229395 0.623423
vt 0.244493 0.623381
vt 0.244147 0.628880
vt 0.229220 0.642488
vt 0.228572 0.633305
vt 0.244024 0.632863
vt 0.246276 0.641717
vt 0.032426 0.639793
vt 0.017987 0.640955
vt 0.018040 0.640629
vt 0.032389 0.639398
vt 0.228551 0.632721
vt 0.228534 0.630420
vt 0.243762 0.630465
vt 0.243813 0.632352
vt 0.017643 0.637157
vt 0.032133 0.636368
vt 0.032190 0.637140
vt 0.017944 0.638661
vt 0.228542 0.629717
vt 0.035572 0.639591
vt 0.035539 0.639179
vt 0.145350 0.594154
vt 0.144873 0.591213
vt 0.145857 0.589717
vt 0.146431 0.593930
vt 0.017748 0.650081
vt 0.033514 0.648806
vt 0.017185 0.629858
vt 0.031252 0.629210
vt 0.031303 0.635365
vt 0.016926 0.621330
vt 0.016984 0.612984
vt 0.030639 0.612773
vt 0.030867 0.620902
vt 0.016861 0.604675
vt 0.030435 0.604682
vt 0.051938 0.638582
vt 0.051907 0.638172
vt 0.035459 0.637000
vt 0.050870 0.634097
vt 0.050795 0.628221
vt 0.051697 0.628155
vt 0.051731 0.635293
vt 0.036676 0.648553
vt 0.145587 0.601993
vt 0.146485 0.601852
vt 0.145901 0.617279
vt 0.145821 0.609669
vt 0.146604 0.609499
vt 0.146744 0.617153
vt 0.145875 0.630043
vt 0.145972 0.624916
vt 0.146978 0.624906
vt 0.146641 0.631223
vt 0.054785 0.638427
vt 0.054756 0.638021
vt 0.225679 0.629783
vt 0.208717 0.630342
vt 0.209615 0.629111
vt 0.224715 0.628318
vt 0.051772 0.636012
vt 0.052971 0.647311
vt 0.036154 0.635273
vt 0.035620 0.628963
vt 0.035266 0.620735
vt 0.035014 0.612672
vt 0.050204 0.612247
vt 0.050456 0.620164
vt 0.034933 0.604653
vt 0.034967 0.596458
vt 0.049656 0.596195
vt 0.049900 0.604321
vt 0.071033 0.637527
vt 0.071005 0.637121
vt 0.054680 0.635900
vt 0.055785 0.647131
vt 0.073850 0.637399
vt 0.073825 0.636994
vt 0.204780 0.628903
vt 0.205762 0.630379
vt 0.189244 0.630868
vt 0.190129 0.629650
vt 0.070884 0.634985
vt 0.073632 0.592088
vt 0.073307 0.595712
vt 0.072245 0.595565
vt 0.072580 0.591011
vt 0.071953 0.646188
vt 0.055381 0.634174
vt 0.054964 0.628017
vt 0.069923 0.627361
vt 0.069968 0.633055
vt 0.054592 0.619997
vt 0.054300 0.612120
vt 0.069420 0.611645
vt 0.069646 0.619451
vt 0.054157 0.604239
vt 0.054115 0.596130
vt 0.068826 0.595787
vt 0.069101 0.603816
vt 0.090025 0.636631
vt 0.089998 0.636195
vt 0.073764 0.634890
vt 0.073352 0.603726
vt 0.073492 0.611519
vt 0.072711 0.611387
vt 0.072501 0.603642
vt 0.074740 0.646048
vt 0.073783 0.619294
vt 0.074139 0.627176
vt 0.073174 0.627224
vt 0.072979 0.619217
vt 0.169810 0.590930
vt 0.169439 0.593932
vt 0.168311 0.593745
vt 0.168864 0.589849
vt 0.074501 0.633155
vt 0.073750 0.634197
vt 0.093269 0.636507
vt 0.093245 0.636071
vt 0.186027 0.630900
vt 0.169306 0.631301
vt 0.170146 0.630156
vt 0.185064 0.629428
vt 0.089884 0.634056
vt 0.090885 0.645291
vt 0.088984 0.626595
vt 0.088983 0.632125
vt 0.088554 0.611061
vt 0.088749 0.618789
vt 0.087965 0.595349
vt 0.088249 0.603300
vt 0.108871 0.635839
vt 0.108844 0.635362
vt 0.093200 0.633964
vt 0.169467 0.601594
vt 0.169490 0.609225
vt 0.168693 0.609081
vt 0.168560 0.601476
vt 0.094090 0.645154
vt 0.169713 0.616851
vt 0.169938 0.624571
vt 0.168810 0.624660
vt 0.168831 0.616789
vt 0.111996 0.635737
vt 0.111972 0.635261
vt 0.151204 0.630194
vt 0.164861 0.629947
vt 0.165777 0.631336
vt 0.150507 0.631174
vt 0.108744 0.633215
vt 0.109684 0.644486
vt 0.093945 0.632230
vt 0.093592 0.626409
vt 0.107872 0.625890
vt 0.107902 0.631297
vt 0.093269 0.618632
vt 0.092992 0.610935
vt 0.107529 0.610537
vt 0.107684 0.618187
vt 0.092879 0.603211
vt 0.092860 0.595272
vt 0.106979 0.594977
vt 0.107246 0.602846
vt 0.128071 0.635119
vt 0.128050 0.634714
vt 0.111947 0.633152
vt 0.112775 0.644367
vt 0.130873 0.635051
vt 0.130856 0.634645
vt 0.131637 0.630789
vt 0.130839 0.631873
vt 0.127971 0.632587
vt 0.128796 0.643767
vt 0.112659 0.631428
vt 0.112409 0.625728
vt 0.127093 0.625324
vt 0.127066 0.630610
vt 0.112119 0.618052
vt 0.111869 0.610430
vt 0.126888 0.610098
vt 0.126994 0.617684
vt 0.111792 0.602776
vt 0.111816 0.594921
vt 0.126368 0.594726
vt 0.126630 0.602483
vt 0.146740 0.634619
vt 0.146724 0.634156
vt 0.130839 0.632547
vt 0.131560 0.643692
vt 0.106479 0.591960
vt 0.107457 0.590503
vt 0.108005 0.594777
vt 0.108112 0.602713
vt 0.150478 0.634591
vt 0.150471 0.634124
vt 0.127949 0.631919
vt 0.111943 0.632408
vt 0.146662 0.632000
vt 0.108299 0.610362
vt 0.108510 0.618081
vt 0.147291 0.643396
vt 0.131429 0.625209
vt 0.131164 0.617583
vt 0.130948 0.610014
vt 0.130900 0.602425
vt 0.130950 0.594682
vt 0.165842 0.634697
vt 0.165831 0.634172
vt 0.150494 0.631966
vt 0.204219 0.593379
vt 0.203823 0.590574
vt 0.204840 0.589084
vt 0.205375 0.593123
vt 0.150964 0.643402
vt 0.108866 0.625912
vt 0.108715 0.632475
vt 0.204547 0.601081
vt 0.205486 0.600915
vt 0.204805 0.616320
vt 0.204795 0.608728
vt 0.205599 0.608556
vt 0.205753 0.616220
vt 0.169293 0.634676
vt 0.169278 0.634148
vt 0.093191 0.633284
vt 0.165785 0.631984
vt 0.204749 0.623923
vt 0.205956 0.623928
vt 0.166365 0.643624
vt 0.150899 0.624847
vt 0.164892 0.624627
vt 0.150753 0.617200
vt 0.150597 0.609593
vt 0.164875 0.609305
vt 0.164928 0.616930
vt 0.150593 0.601950
vt 0.150700 0.594144
vt 0.164366 0.594023
vt 0.164646 0.601671
vt 0.186132 0.634366
vt 0.186109 0.633774
vt 0.169300 0.631963
vt 0.169786 0.643629
vt 0.035385 0.592776
vt 0.033955 0.596311
vt 0.034375 0.591711
vt 0.189263 0.634316
vt 0.189241 0.633722
vt 0.089854 0.633380
vt 0.186042 0.631548
vt 0.034221 0.612532
vt 0.034094 0.604569
vt 0.186797 0.643409
vt 0.185109 0.624383
vt 0.185079 0.609257
vt 0.185142 0.616814
vt 0.184299 0.593827
vt 0.184778 0.601613
vt 0.205878 0.633848
vt 0.205854 0.633279
vt 0.189242 0.631524
vt 0.189910 0.643354
vt 0.034723 0.629024
vt 0.034486 0.620650
vt 0.131243 0.591278
vt 0.129827 0.594500
vt 0.130216 0.590223
vt 0.035441 0.636289
vt 0.130169 0.609875
vt 0.130026 0.602318
vt 0.208743 0.633792
vt 0.208722 0.633222
vt 0.070849 0.634294
vt 0.054661 0.635180
vt 0.205779 0.631037
vt 0.206587 0.642950
vt 0.189964 0.624288
vt 0.189684 0.616734
vt 0.189439 0.609203
vt 0.189424 0.601539
vt 0.189458 0.593621
vt 0.225787 0.633333
vt 0.225765 0.632757
vt 0.208715 0.631008
vt 0.130390 0.625306
vt 0.130329 0.617529
vt 0.209426 0.642890
vt 0.228923 0.589984
vt 0.227504 0.592697
vt 0.227858 0.588779
vt 0.228058 0.608028
vt 0.227852 0.600372
vt 0.225699 0.630469
vt 0.228146 0.623254
vt 0.228177 0.615614
vt 0.226475 0.642534
vt 0.209507 0.623815
vt 0.224690 0.623455
vt 0.209200 0.616250
vt 0.208950 0.608692
vt 0.224779 0.608230
vt 0.224789 0.615835
vt 0.208961 0.601052
vt 0.209047 0.593320
vt 0.224024 0.593048
vt 0.224473 0.600599
vt 0.243166 0.588503
vt 0.049127 0.592986
vt 0.050129 0.591511
vt 0.209283 0.590058
vt 0.223614 0.590313
vt 0.189713 0.590204
vt 0.183885 0.590735
vt 0.184938 0.589249
vt 0.068306 0.592642
vt 0.069302 0.591167
vt 0.069813 0.595609
vt 0.151081 0.590775
vt 0.163937 0.591214
vt 0.125920 0.591756
vt 0.112165 0.591428
vt 0.111135 0.590339
vt 0.126917 0.590300
vt 0.069950 0.603691
vt 0.054463 0.592439
vt 0.053411 0.591359
vt 0.070191 0.611465
vt 0.070445 0.619314
vt 0.093217 0.591721
vt 0.245083 0.587205
vt 0.242721 0.587075
vt 0.087430 0.592278
vt 0.164902 0.589794
vt 0.165442 0.593793
vt 0.188595 0.589045
vt 0.070863 0.627333
vt 0.165548 0.601522
vt 0.030812 0.591971
vt 0.017363 0.591098
vt 0.092190 0.590642
vt 0.150080 0.589678
vt 0.208200 0.588935
vt 0.224604 0.588828
vt 0.088401 0.590816
vt 0.032137 0.629182
vt 0.031646 0.620757
vt 0.031427 0.612595
vt 0.031277 0.604582
vt 0.031307 0.596283
vt 0.054037 0.628034
vt 0.051240 0.620006
vt 0.050979 0.612065
vt 0.053516 0.611988
vt 0.053803 0.619902
vt 0.050743 0.604204
vt 0.050626 0.596029
vt 0.053073 0.595991
vt 0.053313 0.604159
vt 0.089958 0.626600
vt 0.092592 0.626487
vt 0.089565 0.618669
vt 0.089325 0.610883
vt 0.092212 0.610801
vt 0.092451 0.618568
vt 0.089106 0.603170
vt 0.088971 0.595154
vt 0.091773 0.595105
vt 0.092019 0.603120
vt 0.111388 0.625815
vt 0.111090 0.610294
vt 0.111292 0.617995
vt 0.110708 0.594741
vt 0.110925 0.602676
vt 0.128104 0.625372
vt 0.127827 0.617591
vt 0.127660 0.609926
vt 0.127503 0.602346
vt 0.127412 0.594524
vt 0.149865 0.624864
vt 0.149808 0.609447
vt 0.149907 0.617101
vt 0.149538 0.593924
vt 0.149697 0.601830
vt 0.165992 0.624690
vt 0.165805 0.616840
vt 0.165663 0.609134
vt 0.186261 0.624382
vt 0.188773 0.624326
vt 0.186055 0.616701
vt 0.185873 0.609082
vt 0.188638 0.609060
vt 0.188768 0.616655
vt 0.185703 0.601443
vt 0.185484 0.593527
vt 0.188198 0.593407
vt 0.188484 0.601413
vt 0.208260 0.623870
vt 0.208141 0.608546
vt 0.208252 0.616181
vt 0.207794 0.593089
vt 0.208015 0.600915
vt 0.225906 0.623276
vt 0.225757 0.615642
vt 0.225591 0.608054
vt 0.225419 0.600415
vt 0.225186 0.592769
vt 0.009794 0.621362
vt 0.010157 0.629908
vt 0.003783 0.629654
vt 0.003922 0.621336
vt 0.010172 0.640418
vt 0.009064 0.649153
vt 0.003391 0.648045
vt 0.003461 0.639759
vt 0.009502 0.604652
vt 0.009700 0.613010
vt 0.003848 0.613026
vt 0.003941 0.604668
vt 0.009413 0.596232
vt 0.003819 0.596396
vt 0.010827 0.636519
vt 0.004291 0.636223
vt 0.010617 0.637924
vt 0.010406 0.639737
vt 0.003397 0.639255
vt 0.004000 0.637330
vt 0.009296 0.591894
vt 0.003527 0.592452
vt 0.009261 0.592360
vt 0.003702 0.593003
vt 0.014585 0.638525
vt 0.014120 0.636654
vt 0.013551 0.596258
vt 0.013577 0.592344
vt 0.013733 0.591399
vt 0.014334 0.641007
vt 0.014538 0.640375
vt 0.013499 0.629948
vt 0.013375 0.621362
vt 0.013474 0.613002
vt 0.013362 0.604654
vt 0.013626 0.649792
vt 0.012513 0.636400
vt 0.012594 0.638302
vt 0.011472 0.592530
vt 0.011533 0.596247
vt 0.011646 0.591582
vt 0.012486 0.640015
vt 0.012408 0.640757
vt 0.011824 0.629931
vt 0.011611 0.613007
vt 0.011618 0.621364
vt 0.011477 0.604650
vt 0.011508 0.649532
vt 0.247292 0.587319
vt 0.250766 0.587756
vt 0.245295 0.588364
vt 0.247250 0.588273
vt 0.250654 0.588516
vt 0.255513 0.588186
vt 0.255414 0.588844
vt 0.246422 0.628509
vt 0.246520 0.630093
vt 0.246904 0.631683
vt 0.247082 0.632355
vt 0.249736 0.640950
vt 0.249083 0.631430
vt 0.249230 0.631994
vt 0.252039 0.640259
vt 0.248860 0.628072
vt 0.248363 0.629654
vt 0.252158 0.630949
vt 0.252344 0.631482
vt 0.255171 0.639197
vt 0.251439 0.627620
vt 0.251476 0.629069
vt 0.257126 0.630005
vt 0.257189 0.630535
vt 0.258944 0.637808
vt 0.256622 0.627059
vt 0.256962 0.628144
vt 0.246151 0.599867
vt 0.246374 0.607744
vt 0.245664 0.591713
vt 0.246794 0.615343
vt 0.246522 0.623592
vt 0.248737 0.615448
vt 0.248514 0.623836
vt 0.247619 0.591800
vt 0.248397 0.607531
vt 0.248229 0.599883
vt 0.250827 0.623778
vt 0.256103 0.623379
vt 0.251039 0.615524
vt 0.255344 0.615610
vt 0.250904 0.607476
vt 0.255200 0.607585
vt 0.250830 0.599602
vt 0.255078 0.599439
vt 0.250555 0.591974
vt 0.255192 0.592118
vt 0.237839 0.973465
vt 0.233678 0.967194
vt 0.238569 0.964796
vt 0.241978 0.969957
vt 0.243348 0.978628
vt 0.246539 0.974278
vt 0.230963 0.957940
vt 0.231582 0.957839
vt 0.236854 0.959810
vt 0.231415 0.960879
vt 0.255309 0.983014
vt 0.256349 0.978816
vt 0.236737 0.956817
vt 0.249750 0.982266
vt 0.251800 0.977347
vt 0.252972 0.983426
vt 0.254562 0.978323
vt 0.253584 0.982579
vt 0.255252 0.983549
vt 0.238956 0.959496
vt 0.240523 0.963873
vt 0.238705 0.957550
vt 0.256829 0.976678
vt 0.252683 0.975382
vt 0.255216 0.976201
vt 0.247870 0.972511
vt 0.243677 0.968572
vt 0.241101 0.955115
vt 0.242988 0.956566
vt 0.240377 0.957510
vt 0.239396 0.955586
vt 0.257355 0.974472
vt 0.253614 0.973309
vt 0.255909 0.974028
vt 0.249236 0.970696
vt 0.245687 0.966699
vt 0.242543 0.962885
vt 0.241063 0.958867
vt 0.258171 0.971145
vt 0.254971 0.970266
vt 0.256907 0.970912
vt 0.251234 0.968054
vt 0.248031 0.964796
vt 0.245296 0.961449
vt 0.243580 0.957807
vt 0.460467 0.707823
vt 0.461562 0.705014
vt 0.468280 0.707619
vt 0.460979 0.708023
vt 0.464332 0.698194
vt 0.470994 0.701077
vt 0.467316 0.691431
vt 0.470445 0.684858
vt 0.476933 0.688023
vt 0.473840 0.694473
vt 0.473620 0.678345
vt 0.480022 0.681632
vt 0.482849 0.676587
vt 0.477274 0.673786
vt 0.478029 0.672204
vt 0.486704 0.667885
vt 0.477523 0.672061
vt 0.480218 0.664927
vt 0.476221 0.673248
vt 0.474118 0.702407
vt 0.471640 0.708893
vt 0.480056 0.689508
vt 0.477165 0.695999
vt 0.489641 0.668668
vt 0.485709 0.678102
vt 0.483304 0.683052
vt 0.487709 0.715416
vt 0.496321 0.698451
vt 0.493018 0.704144
vt 0.510282 0.678693
vt 0.502939 0.687768
vt 0.500029 0.692498
vt 0.498266 0.719888
vt 0.496075 0.724909
vt 0.490220 0.709821
vt 0.503368 0.709943
vt 0.500659 0.714947
vt 0.502712 0.721912
vt 0.500672 0.726699
vt 0.506612 0.705052
vt 0.519334 0.690531
vt 0.513265 0.696462
vt 0.510207 0.700122
vt 0.505141 0.717342
vt 0.510558 0.725797
vt 0.511024 0.708263
vt 0.507792 0.712696
vt 0.523666 0.695241
vt 0.517530 0.700428
vt 0.514605 0.703750
vt 0.512693 0.721714
vt 0.513457 0.727278
vt 0.518073 0.713955
vt 0.515272 0.717772
vt 0.528727 0.703794
vt 0.524632 0.707063
vt 0.521292 0.710381
vt 0.520712 0.716162
vt 0.518011 0.719725
vt 0.530958 0.706525
vt 0.526988 0.709767
vt 0.523766 0.712803
vt 0.515554 0.723451
vt 0.290400 0.606736
vt 0.290091 0.606631
vt 0.289696 0.603913
vt 0.283939 0.570394
vt 0.284149 0.568824
vt 0.289648 0.567809
vt 0.289871 0.569342
vt 0.273641 0.569767
vt 0.276222 0.569308
vt 0.277676 0.571164
vt 0.275491 0.572716
vt 0.273492 0.567711
vt 0.275886 0.568420
vt 0.283717 0.567454
vt 0.289326 0.567056
vt 0.283726 0.566145
vt 0.289890 0.566145
vt 0.290743 0.567256
vt 0.282759 0.569248
vt 0.282613 0.568515
vt 0.282585 0.570334
vt 0.291136 0.569108
vt 0.283770 0.572057
vt 0.282337 0.572107
vt 0.279744 0.574132
vt 0.277570 0.575593
vt 0.291383 0.570673
vt 0.290128 0.570945
vt 0.290966 0.573919
vt 0.284288 0.574001
vt 0.280650 0.581077
vt 0.283138 0.579827
vt 0.282778 0.574455
vt 0.292127 0.573637
vt 0.285277 0.579967
vt 0.286752 0.579326
vt 0.293347 0.579065
vt 0.292196 0.579274
vt 0.286139 0.586738
vt 0.283560 0.587699
vt 0.293067 0.585617
vt 0.289567 0.585998
vt 0.287626 0.592024
vt 0.285086 0.592712
vt 0.288060 0.586513
vt 0.294190 0.585518
vt 0.288803 0.597039
vt 0.286266 0.597567
vt 0.290945 0.591225
vt 0.289461 0.591563
vt 0.294439 0.590683
vt 0.293338 0.590701
vt 0.287450 0.604620
vt 0.291931 0.596162
vt 0.290455 0.596390
vt 0.294356 0.595715
vt 0.293309 0.595659
vt 0.292502 0.604009
vt 0.291206 0.603921
vt 0.293537 0.604289
vt 0.291582 0.608839
vt 0.289298 0.608636
vt 0.290696 0.606723
vt 0.291020 0.606612
vt 0.290764 0.608914
vt 0.276195 0.567596
vt 0.273918 0.566144
vt 0.290098 0.608860
vt 0.290400 0.525553
vt 0.289696 0.528376
vt 0.290091 0.525658
vt 0.273492 0.564578
vt 0.273641 0.562522
vt 0.276222 0.562981
vt 0.275886 0.563869
vt 0.283939 0.561894
vt 0.289871 0.562946
vt 0.289648 0.564480
vt 0.284149 0.563465
vt 0.289326 0.565233
vt 0.283717 0.564835
vt 0.275491 0.559573
vt 0.277676 0.561125
vt 0.290743 0.565033
vt 0.282759 0.563041
vt 0.282613 0.563774
vt 0.282585 0.561955
vt 0.291136 0.563181
vt 0.282336 0.560182
vt 0.283770 0.560232
vt 0.277570 0.556696
vt 0.279744 0.558157
vt 0.290128 0.561344
vt 0.291383 0.561616
vt 0.284288 0.558288
vt 0.290966 0.558370
vt 0.280650 0.551212
vt 0.283138 0.552462
vt 0.282778 0.557833
vt 0.292127 0.558652
vt 0.285277 0.552322
vt 0.286752 0.552963
vt 0.292196 0.553015
vt 0.293347 0.553224
vt 0.283560 0.544590
vt 0.286139 0.545551
vt 0.289567 0.546291
vt 0.293067 0.546672
vt 0.285086 0.539577
vt 0.287626 0.540265
vt 0.288060 0.545776
vt 0.294190 0.546771
vt 0.286266 0.534721
vt 0.288803 0.535250
vt 0.289461 0.540726
vt 0.290945 0.541063
vt 0.293338 0.541588
vt 0.294439 0.541606
vt 0.287450 0.527669
vt 0.290455 0.535899
vt 0.291931 0.536127
vt 0.293309 0.536630
vt 0.294356 0.536574
vt 0.291206 0.528368
vt 0.292502 0.528280
vt 0.293537 0.528000
vt 0.291582 0.523450
vt 0.289298 0.523653
vt 0.290696 0.525565
vt 0.291020 0.525677
vt 0.290764 0.523375
vt 0.276195 0.564693
vt 0.290098 0.523429
vt 0.160541 0.962520
vt 0.161588 0.962388
vt 0.161742 0.963642
vt 0.160686 0.963757
vt 0.204269 0.970926
vt 0.160350 0.972201
vt 0.182451 0.961679
vt 0.197286 0.962228
vt 0.194480 0.962085
vt 0.195602 0.950451
vt 0.189052 0.952569
vt 0.194271 0.948772
vt 0.201274 0.949701
vt 0.203869 0.949803
vt 0.205301 0.951230
vt 0.188612 0.960383
vt 0.189003 0.954709
vt 0.194562 0.960724
vt 0.165087 0.951277
vt 0.165774 0.943469
vt 0.169429 0.943456
vt 0.168759 0.952387
vt 0.200065 0.961126
vt 0.197370 0.960927
vt 0.195577 0.952374
vt 0.198838 0.950511
vt 0.188173 0.943393
vt 0.193828 0.943374
vt 0.188553 0.961817
vt 0.204524 0.961356
vt 0.204463 0.962596
vt 0.199999 0.962378
vt 0.162307 0.950692
vt 0.160000 0.950632
vt 0.159934 0.943489
vt 0.162522 0.943480
vt 0.164333 0.962015
vt 0.165380 0.953017
vt 0.168960 0.954481
vt 0.167300 0.962972
vt 0.170199 0.962662
vt 0.182364 0.955655
vt 0.158661 0.950642
vt 0.158408 0.943494
vt 0.164498 0.963305
vt 0.175539 0.953325
vt 0.175891 0.943434
vt 0.176295 0.962088
vt 0.159066 0.952267
vt 0.158069 0.952557
vt 0.157840 0.950869
vt 0.206101 0.946652
vt 0.205547 0.948767
vt 0.204302 0.948238
vt 0.204695 0.946283
vt 0.434297 0.950929
vt 0.428652 0.953810
vt 0.434297 0.948953
vt 0.147574 0.951500
vt 0.146768 0.944141
vt 0.156460 0.943544
vt 0.156770 0.950586
vt 0.182323 0.953367
vt 0.175689 0.955562
vt 0.162522 0.952239
vt 0.160055 0.952258
vt 0.198882 0.948836
vt 0.201322 0.948152
vt 0.182423 0.960223
vt 0.182127 0.943413
vt 0.176172 0.960622
vt 0.167133 0.961629
vt 0.170045 0.961258
vt 0.207709 0.948771
vt 0.209084 0.950122
vt 0.206923 0.950732
vt 0.208172 0.947221
vt 0.216951 0.953170
vt 0.217372 0.952987
vt 0.218278 0.954061
vt 0.216961 0.954615
vt 0.221120 0.945551
vt 0.222332 0.946166
vt 0.156092 0.951522
vt 0.156960 0.952175
vt 0.157516 0.943497
vt 0.148033 0.951965
vt 0.147780 0.952684
vt 0.146895 0.951872
vt 0.146039 0.944221
vt 0.422733 0.948953
vt 0.422733 0.942556
vt 0.434297 0.942556
vt 0.201041 0.946286
vt 0.198250 0.947091
vt 0.210107 0.947843
vt 0.212769 0.941845
vt 0.433393 0.952813
vt 0.432396 0.953810
vt 0.425829 0.952565
vt 0.159502 0.962649
vt 0.159643 0.963868
vt 0.965496 0.198932
vt 0.963403 0.198932
vt 0.963403 0.137152
vt 0.965496 0.137152
vt 0.931423 0.977085
vt 0.931423 0.977899
vt 0.923714 0.977836
vt 0.923787 0.977102
vt 0.893286 0.973594
vt 0.902044 0.973174
vt 0.902227 0.996650
vt 0.893282 0.996858
vt 0.919325 0.944308
vt 0.920866 0.944192
vt 0.919984 0.954152
vt 0.918452 0.954156
vt 0.919586 0.933480
vt 0.917236 0.944870
vt 0.903626 0.934448
vt 0.920571 0.929982
vt 0.921655 0.929131
vt 0.922992 0.931742
vt 0.921520 0.932443
vt 0.920480 0.969537
vt 0.919011 0.964007
vt 0.920597 0.963994
vt 0.921944 0.969540
vt 0.917983 0.930305
vt 0.929350 0.962980
vt 0.930183 0.968235
vt 0.919900 0.927656
vt 0.920302 0.926201
vt 0.923102 0.927761
vt 0.928882 0.954266
vt 0.924916 0.931234
vt 0.923712 0.975258
vt 0.922493 0.976763
vt 0.922454 0.975094
vt 0.929535 0.945215
vt 0.931338 0.974929
vt 0.903742 0.971310
vt 0.916295 0.954196
vt 0.916765 0.963690
vt 0.918203 0.968893
vt 0.918736 0.931153
vt 0.931415 0.978741
vt 0.922583 0.978679
vt 0.921214 0.976251
vt 0.920752 0.974490
vt 0.919171 0.928817
vt 0.902322 0.971404
vt 0.902353 0.933509
vt 0.953641 0.901449
vt 0.962633 0.901449
vt 0.959428 0.905226
vt 0.900956 0.971410
vt 0.901076 0.932691
vt 0.903019 0.972234
vt 0.921705 0.977330
vt 0.901035 0.972260
vt 0.893286 0.972623
vt 0.902131 0.972233
vt 0.922622 0.977670
vt 0.956354 0.905590
vt 0.953641 0.905226
vt 0.962633 0.895385
vt 0.953641 0.895385
vt 0.924220 0.936701
vt 0.930559 0.937548
vt 0.893349 0.911874
vt 0.899330 0.911891
vt 0.893292 0.932670
vt 0.917007 0.926781
vt 0.893286 0.971776
vt 0.949244 0.135059
vt 0.949244 0.137152
vt 0.937178 0.137152
vt 0.937178 0.135059
vt 0.949244 0.198932
vt 0.937178 0.198932
vt 0.951337 0.198932
vt 0.951337 0.137152
vt 0.160412 0.924452
vt 0.160549 0.923214
vt 0.161605 0.923322
vt 0.161460 0.924577
vt 0.204084 0.915750
vt 0.182328 0.925145
vt 0.160155 0.914773
vt 0.197160 0.924496
vt 0.194355 0.924658
vt 0.195555 0.936285
vt 0.194235 0.937972
vt 0.188991 0.934211
vt 0.201233 0.936997
vt 0.205250 0.935441
vt 0.203828 0.936878
vt 0.188498 0.926400
vt 0.194446 0.926018
vt 0.188927 0.932071
vt 0.165034 0.935664
vt 0.168699 0.934530
vt 0.199946 0.925579
vt 0.195517 0.934362
vt 0.197253 0.925796
vt 0.198791 0.936203
vt 0.188429 0.924966
vt 0.199872 0.924327
vt 0.204334 0.924079
vt 0.204404 0.925319
vt 0.162258 0.936269
vt 0.159951 0.936345
vt 0.164207 0.924932
vt 0.168885 0.932435
vt 0.165315 0.933923
vt 0.167167 0.923954
vt 0.170068 0.924245
vt 0.182281 0.931170
vt 0.158612 0.936344
vt 0.164364 0.923640
vt 0.175473 0.933545
vt 0.176169 0.924777
vt 0.159006 0.934715
vt 0.157789 0.936122
vt 0.158007 0.934432
vt 0.206083 0.940014
vt 0.204678 0.940392
vt 0.204272 0.938440
vt 0.205513 0.937902
vt 0.434297 0.934184
vt 0.434297 0.936159
vt 0.428652 0.931303
vt 0.147517 0.935562
vt 0.156721 0.936412
vt 0.146762 0.942928
vt 0.175607 0.931307
vt 0.182256 0.933459
vt 0.159995 0.934718
vt 0.162462 0.934720
vt 0.198846 0.937878
vt 0.201292 0.938546
vt 0.182310 0.926602
vt 0.176056 0.926245
vt 0.167010 0.925299
vt 0.169925 0.925650
vt 0.207677 0.937882
vt 0.206876 0.935925
vt 0.209043 0.936520
vt 0.208151 0.939430
vt 0.216895 0.933412
vt 0.216894 0.931965
vt 0.218216 0.932509
vt 0.217317 0.933591
vt 0.222332 0.940382
vt 0.221124 0.941006
vt 0.156037 0.935481
vt 0.156900 0.934822
vt 0.146836 0.935195
vt 0.147716 0.934376
vt 0.147974 0.935094
vt 0.146032 0.942852
vt 0.422733 0.936159
vt 0.201022 0.940414
vt 0.198226 0.939628
vt 0.212792 0.944778
vt 0.210083 0.938794
vt 0.433393 0.932300
vt 0.432396 0.931303
vt 0.425829 0.932547
vt 0.159372 0.924330
vt 0.159505 0.923110
vt 0.855147 0.977073
vt 0.862783 0.977092
vt 0.862856 0.977826
vt 0.855147 0.977887
vt 0.884337 0.996647
vt 0.884528 0.973171
vt 0.867256 0.944299
vt 0.868125 0.954148
vt 0.866593 0.954143
vt 0.865715 0.944183
vt 0.866998 0.933472
vt 0.882958 0.934444
vt 0.869344 0.944862
vt 0.866014 0.929973
vt 0.865065 0.932434
vt 0.863592 0.931732
vt 0.864931 0.929122
vt 0.866092 0.969529
vt 0.864628 0.969531
vt 0.865978 0.963985
vt 0.867564 0.963999
vt 0.868603 0.930297
vt 0.857224 0.962968
vt 0.856390 0.968223
vt 0.863484 0.927751
vt 0.866284 0.926193
vt 0.866686 0.927648
vt 0.857696 0.954255
vt 0.861669 0.931224
vt 0.862858 0.975248
vt 0.864116 0.975085
vt 0.864077 0.976753
vt 0.857046 0.945203
vt 0.855233 0.974917
vt 0.882831 0.971307
vt 0.869810 0.963683
vt 0.870283 0.954189
vt 0.868370 0.968885
vt 0.867849 0.931145
vt 0.863986 0.978670
vt 0.855154 0.978728
vt 0.865819 0.974481
vt 0.865357 0.976242
vt 0.867415 0.928809
vt 0.884231 0.933506
vt 0.884250 0.971401
vt 0.953641 0.889322
vt 0.959428 0.885544
vt 0.962633 0.889322
vt 0.885616 0.971407
vt 0.885508 0.932688
vt 0.883552 0.972231
vt 0.864865 0.977321
vt 0.885537 0.972257
vt 0.884441 0.972230
vt 0.863948 0.977660
vt 0.956354 0.885181
vt 0.953641 0.885544
vt 0.856023 0.937536
vt 0.862364 0.936690
vt 0.893242 0.911874
vt 0.887261 0.911889
vt 0.869579 0.926773
vt 0.949244 0.201025
vt 0.937178 0.201025
vt 0.938703 0.905590
vt 0.932287 0.905586
vt 0.932789 0.903464
vt 0.938092 0.903497
vt 0.947356 0.896778
vt 0.944253 0.902377
vt 0.942664 0.900890
vt 0.945236 0.896277
vt 0.923502 0.896905
vt 0.923393 0.890508
vt 0.925512 0.890999
vt 0.925590 0.896281
vt 0.932105 0.881726
vt 0.938505 0.881704
vt 0.937993 0.883819
vt 0.932723 0.883811
vt 0.947356 0.890371
vt 0.945276 0.891003
vt 0.926693 0.902469
vt 0.928186 0.900884
vt 0.926578 0.884951
vt 0.928156 0.886449
vt 0.944056 0.884899
vt 0.942568 0.886486
vt 0.933582 0.886686
vt 0.930345 0.888521
vt 0.942384 0.891791
vt 0.940452 0.888628
vt 0.930308 0.898757
vt 0.933559 0.900552
vt 0.937248 0.900610
vt 0.940521 0.898771
vt 0.928430 0.891760
vt 0.937289 0.886732
vt 0.942319 0.895502
vt 0.928509 0.895494
vt 0.932873 0.894328
vt 0.933535 0.895507
vt 0.934725 0.891113
vt 0.933540 0.891791
vt 0.937938 0.892996
vt 0.937256 0.891818
vt 0.934704 0.896196
vt 0.936058 0.896207
vt 0.937244 0.895536
vt 0.932864 0.892974
vt 0.936090 0.891127
vt 0.937936 0.894358
vt 0.707893 0.272037
vt 0.737918 0.268581
vt 0.729076 0.289395
vt 0.717606 0.290887
vt 0.728399 0.292019
vt 0.718752 0.293508
vt 0.706426 0.306891
vt 0.736363 0.299959
vt 0.739540 0.308251
vt 0.707003 0.315761
vt 0.744238 0.267727
vt 0.744238 0.300500
vt 0.698030 0.274676
vt 0.699049 0.310029
vt 0.709236 0.260957
vt 0.741696 0.262600
s 1
usemtl Material.001
f 1/1/1 2/2/2 3/3/3 4/4/4
f 5/5/5 6/6/6 7/7/7 8/8/8
f 8/8/8 7/7/7 2/2/2 1/1/1
f 4/4/4 3/3/3 9/9/9 10/10/10
f 6/6/6 5/5/5 11/11/11 12/12/11
f 6/6/6 12/12/11 13/13/11 14/14/12
f 14/14/12 13/15/13 15/16/14 16/17/15
f 16/17/15 15/16/14 17/18/16 18/19/17
f 18/19/17 17/18/16 19/20/18 20/21/19
f 20/21/19 19/20/18 21/22/20 22/23/21
f 22/23/21 21/22/20 23/24/22 24/25/23
f 24/25/23 23/24/22 25/26/24 26/27/25
f 26/27/25 25/26/24 27/28/26 28/29/27
f 28/29/27 27/28/26 29/30/28 30/31/29
f 30/31/29 29/30/28 31/32/30 32/33/31
f 32/33/31 31/34/32 33/35/33 9/9/9
f 34/36/34 10/10/10 9/9/9 33/35/33
f 18/19/17 20/21/19 16/17/15
f 3/3/3 2/2/2 30/31/29
f 32/33/31 3/3/3 30/31/29
f 2/2/2 28/29/27 30/31/29
f 12/37/35 11/38/36 35/39/37 36/40/38
f 14/14/12 20/21/19 6/6/6
f 16/17/15 20/21/19 14/14/12
f 6/6/6 20/21/19 22/23/21
f 2/2/2 7/7/7 24/25/23
f 26/27/25 28/29/27 2/2/2
f 7/7/7 6/6/6 22/23/21
f 26/27/25 2/2/2 24/25/23
f 24/25/23 7/7/7 22/23/21
f 32/33/31 9/9/9 3/3/3
f 36/40/38 35/39/37 37/41/39 38/42/40
f 38/42/40 37/41/39 39/43/41 40/44/42
f 40/44/42 39/43/41 41/45/43 42/46/44
f 34/47/45 33/48/46 42/46/44 41/45/43
f 42/46/44 33/48/46 31/32/30
f 31/32/30 29/30/28 42/46/44
f 36/40/38 38/42/40 23/24/22
f 40/44/42 29/30/28 27/28/26
f 27/28/26 25/26/24 40/44/42
f 19/20/18 15/16/14 13/15/13
f 12/37/35 19/20/18 13/15/13
f 29/30/28 40/44/42 42/46/44
f 38/42/40 25/26/24 23/24/22
f 36/40/38 23/24/22 21/22/20
f 12/37/35 36/40/38 21/22/20
f 19/20/18 17/18/16 15/16/14
f 19/20/18 12/37/35 21/22/20
f 25/26/24 38/42/40 40/44/42
f 43/49/47 44/50/48 45/51/49 46/52/50
f 47/53/51 48/54/52 49/55/53 50/56/54
f 44/50/48 51/57/55 52/58/56 45/51/49
f 48/54/52 53/59/57 54/60/58 49/55/53
f 49/55/53 54/60/58 50/56/59
f 46/61/60 52/62/60 50/63/60
f 52/58/56 46/52/50 45/51/49
f 54/64/60 46/61/60 50/63/60
f 44/50/48 43/49/47 55/65/61 56/66/62
f 48/54/52 47/53/51 57/67/63 58/68/64
f 43/49/47 59/69/65 60/70/66 55/65/61
f 59/69/65 53/59/57 61/71/67 60/70/66
f 51/57/55 44/50/48 56/66/62 62/72/68
f 53/59/57 48/54/52 58/68/64 61/71/67
f 61/71/67 58/68/64 63/73/69 64/74/70
f 58/68/64 57/67/63 65/75/71 63/73/69
f 55/65/61 60/70/66 66/76/72 67/77/73
f 60/70/66 61/71/67 64/74/70 66/76/72
f 59/69/65 68/78/74 54/60/58 53/59/57
f 43/49/47 46/52/50 68/78/74 59/69/65
f 52/79/60 50/80/60 54/81/60
f 46/52/50 54/60/58 68/78/74
f 52/79/60 54/81/60 46/82/60
f 55/65/61 67/77/73 69/83/75 56/66/62
f 56/66/62 69/83/75 70/84/76 62/72/68
f 71/85/77 72/86/78 73/87/79 74/88/60
f 75/89/80 76/90/81 77/91/82 78/92/83
f 79/93/84 80/94/85 81/95/86 82/96/87
f 83/97/88 84/98/89 85/99/90 86/100/91
f 87/101/92 88/102/93 72/86/78 71/85/77
f 89/103/94 90/104/95 76/90/81 75/89/80
f 86/105/96 85/106/97 80/94/85 79/93/84
f 91/107/98 92/108/99 84/98/89 83/97/88
f 93/109/11 94/110/100 88/102/93 87/101/92
f 74/88/60 73/87/79 90/104/95 89/103/94
f 78/92/83 77/91/82 92/108/99 91/107/98
f 82/96/87 81/95/86 94/110/100 93/109/11
f 76/90/81 90/104/95 95/111/101 96/112/102
f 80/94/85 85/106/97 97/113/103 98/114/104
f 84/98/89 92/108/99 99/115/105 100/116/106
f 88/102/93 94/110/100 101/117/107 102/118/108
f 90/104/95 73/87/79 103/119/109 95/111/101
f 92/108/99 77/91/82 104/120/110 99/115/105
f 94/110/100 81/95/86 105/121/111 101/117/107
f 73/87/79 72/86/78 106/122/112 103/119/109
f 77/91/82 76/90/81 96/112/102 104/120/110
f 81/95/86 80/94/85 98/114/104 105/121/111
f 85/99/90 84/98/89 100/116/106 97/123/113
f 72/86/78 88/102/93 102/118/108 106/122/112
f 96/112/102 95/111/101 107/124/114 108/125/115
f 98/114/104 97/113/103 109/126/116 110/127/117
f 100/116/106 99/115/105 111/128/118 112/129/119
f 102/118/108 101/117/107 113/130/120 114/131/121
f 95/111/101 103/119/109 115/132/122 107/124/114
f 99/115/105 104/120/110 116/133/123 111/128/118
f 101/117/107 105/121/111 117/134/124 113/130/120
f 103/119/109 106/122/112 118/135/125 115/132/122
f 104/120/110 96/112/102 108/125/115 116/133/123
f 105/121/111 98/114/104 110/127/117 117/134/124
f 97/123/113 100/116/106 112/129/119 109/136/126
f 106/122/112 102/118/108 114/131/121 118/135/125
f 118/135/125 114/131/121 119/137/127 120/138/128
f 108/125/115 107/124/114 121/139/129 122/140/130
f 110/127/117 109/126/116 123/141/131 124/142/132
f 112/129/119 111/128/118 125/143/133 126/144/134
f 114/131/121 113/130/120 127/145/135 119/137/127
f 107/124/114 115/132/122 128/146/136 121/139/129
f 111/128/118 116/133/123 129/147/137 125/143/133
f 113/130/120 117/134/124 130/148/138 127/145/135
f 115/132/122 118/135/125 120/138/128 128/146/136
f 116/133/123 108/125/115 122/140/130 129/147/137
f 117/134/124 110/127/117 124/142/132 130/148/138
f 109/136/126 112/129/119 126/144/134 123/149/139
f 123/149/139 126/144/134 131/150/140 132/151/141
f 120/138/128 119/137/127 133/152/142 134/153/143
f 122/140/130 121/139/129 135/154/144 136/155/145
f 124/142/132 123/141/131 132/156/146 137/157/147
f 126/144/134 125/143/133 138/158/148 131/150/140
f 119/137/127 127/145/135 139/159/149 133/152/142
f 121/139/129 128/146/136 140/160/150 135/154/144
f 125/143/133 129/147/137 141/161/151 138/158/148
f 127/145/135 130/148/138 142/162/152 139/159/149
f 128/146/136 120/138/128 134/153/143 140/160/150
f 129/147/137 122/140/130 136/155/145 141/161/151
f 130/148/138 124/142/132 137/157/147 142/162/152
f 142/162/152 137/157/147 143/163/153 144/164/154
f 132/151/141 131/150/140 145/165/155 146/166/156
f 134/153/143 133/152/142 147/167/157 148/168/158
f 136/155/145 135/154/144 149/169/159 150/170/160
f 137/157/147 132/156/146 146/171/161 143/163/153
f 131/150/140 138/158/148 151/172/162 145/165/155
f 133/152/142 139/159/149 152/173/163 147/167/157
f 135/154/144 140/160/150 153/174/164 149/169/159
f 138/158/148 141/161/151 154/175/165 151/172/162
f 139/159/149 142/162/152 144/164/154 152/173/163
f 140/160/150 134/153/143 148/168/158 153/174/164
f 141/161/151 136/155/145 150/170/160 154/175/165
f 154/175/165 150/170/160 155/176/166 156/177/167
f 144/164/154 143/163/153 157/178/168 158/179/169
f 146/166/156 145/165/155 159/180/170 160/181/171
f 148/168/158 147/167/157 161/182/172 162/183/173
f 150/170/160 149/169/159 163/184/174 155/176/166
f 143/163/153 146/171/161 160/185/175 157/178/168
f 145/165/155 151/172/162 164/186/176 159/180/170
f 147/167/157 152/173/163 165/187/177 161/182/172
f 149/169/159 153/174/164 166/188/178 163/184/174
f 151/172/162 154/175/165 156/177/167 164/186/176
f 152/173/163 144/164/154 158/179/169 165/187/177
f 153/174/164 148/168/158 162/183/173 166/188/178
f 156/177/167 155/176/166 167/189/179 168/190/180
f 158/179/169 157/178/168 169/191/181 170/192/182
f 160/181/171 159/180/170 171/193/183 172/194/184
f 162/183/173 161/182/172 173/195/185 174/196/186
f 155/176/166 163/184/174 175/197/187 167/189/179
f 157/178/168 160/185/175 172/198/188 169/191/181
f 159/180/170 164/186/176 176/199/189 171/193/183
f 161/182/172 165/187/177 177/200/190 173/195/185
f 163/184/174 166/188/178 178/201/191 175/197/187
f 164/186/176 156/177/167 168/190/180 176/199/189
f 165/187/177 158/179/169 170/192/182 177/200/190
f 166/188/178 162/183/173 174/196/186 178/201/191
f 179/202/192 180/203/193 181/204/194 182/205/195
f 171/193/183 176/199/189 183/206/196 184/207/197
f 170/192/182 169/191/181 185/208/198 186/209/199
f 176/199/189 168/190/180 187/210/200 183/206/196
f 169/191/181 172/198/188 188/211/201 185/208/198
f 172/194/184 171/193/183 184/207/197 188/212/202
f 174/196/186 173/195/185 189/213/203 190/214/204
f 175/197/187 178/201/191 191/215/205 192/216/206
f 173/195/185 177/200/190 193/217/207 189/213/203
f 178/201/191 174/196/186 190/214/204 191/215/205
f 167/189/179 175/197/187 192/216/206 179/202/192
f 190/214/204 189/213/203 194/218/208 195/219/209
f 192/216/206 191/215/205 196/220/210 197/221/211
f 189/213/203 193/217/207 198/222/212 194/218/208
f 191/215/205 190/214/204 195/219/209 196/220/210
f 179/202/192 192/216/206 197/221/211 180/203/193
f 195/219/209 194/218/208 199/223/213 200/224/214
f 197/221/211 196/220/210 201/225/215 202/226/216
f 194/218/208 198/222/212 203/227/217 199/223/213
f 196/220/210 195/219/209 200/224/214 201/225/215
f 180/203/193 197/221/211 202/226/216 204/228/218
f 200/224/214 199/223/213 205/229/219 206/230/220
f 202/226/216 201/225/215 207/231/221 208/232/222
f 199/223/213 203/227/217 209/233/223 205/229/219
f 201/225/215 200/224/214 206/230/220 207/231/221
f 204/228/218 202/226/216 208/232/222 210/234/224
f 206/230/220 205/229/219 211/235/225 212/236/226
f 208/232/222 207/231/221 213/237/227 214/238/228
f 205/229/219 209/233/223 215/239/229 211/235/225
f 207/231/221 206/230/220 212/236/226 213/237/227
f 210/234/224 208/232/222 214/238/228 216/240/230
f 212/236/226 211/235/225 217/241/231 218/242/232
f 214/238/228 213/237/227 219/243/233 220/244/234
f 211/235/225 215/239/229 221/245/235 217/241/231
f 213/237/227 212/236/226 218/242/232 219/243/233
f 216/240/230 214/238/228 220/244/234 222/246/236
f 218/242/232 217/241/231 223/247/237 224/248/238
f 220/244/234 219/243/233 225/249/239 226/250/240
f 217/241/231 221/245/235 227/251/241 223/247/237
f 219/243/233 218/242/232 224/248/238 225/249/239
f 222/246/236 220/244/234 226/250/240 228/252/242
f 224/248/238 223/247/237 229/253/243 230/254/244
f 226/250/240 225/249/239 231/255/245 232/256/246
f 223/247/237 227/251/241 233/257/247 229/253/243
f 225/249/239 224/248/238 230/254/244 231/255/245
f 228/252/242 226/250/240 232/256/246 234/258/248
f 235/259/249 236/260/60 237/261/60 238/262/249
f 209/233/223 203/227/217 239/263/11 240/264/11
f 241/265/250 242/266/251 240/267/251 239/268/250
f 233/257/247 227/251/241 238/269/11 237/270/11
f 243/271/252 235/259/249 238/262/249 244/272/252
f 215/239/229 209/233/223 240/264/11 245/273/11
f 246/274/253 241/265/250 239/268/250 247/275/253
f 248/276/254 243/271/252 244/272/252 245/277/254
f 221/245/235 215/239/229 245/273/11 244/278/11
f 239/263/11 203/227/217 249/279/255 247/280/11
f 242/266/251 248/276/254 245/277/254 240/267/251
f 227/251/241 221/245/235 244/278/11 238/269/11
f 180/203/193 204/228/218 250/281/256 181/204/194
f 168/190/180 167/189/179 251/282/257 187/210/200
f 167/189/179 179/202/192 182/205/195 251/282/257
f 203/227/217 198/222/212 252/283/258 249/279/255
f 177/200/190 170/192/182 186/209/199 253/284/259
f 193/217/207 254/285/260 252/283/258 198/222/212
f 193/217/207 177/200/190 253/284/259 254/285/260
f 246/286/83 250/281/256 204/228/218 241/287/83
f 210/234/224 242/288/83 241/287/83 204/228/218
f 234/258/248 236/289/83 235/290/83 228/252/242
f 228/252/242 235/290/83 243/291/83 222/246/236
f 222/246/236 243/291/83 248/292/83 216/240/230
f 216/240/230 248/292/83 242/288/83 210/234/224
f 1/1/1 4/4/4 255/293/261 256/294/262
f 5/5/5 8/8/8 257/295/263 258/296/264
f 8/8/8 1/1/1 256/294/262 257/295/263
f 4/4/4 10/10/10 259/297/265 255/293/261
f 258/296/264 260/298/11 11/11/11 5/5/5
f 258/296/264 261/299/266 262/300/11 260/298/11
f 261/299/266 263/301/14 264/302/15 262/303/267
f 263/301/14 265/304/16 266/305/17 264/302/15
f 265/304/16 267/306/268 268/307/269 266/305/17
f 267/306/268 269/308/20 270/309/21 268/307/269
f 269/308/20 271/310/22 272/311/23 270/309/21
f 271/310/22 273/312/24 274/313/25 272/311/23
f 273/312/24 275/314/26 276/315/27 274/313/25
f 275/314/26 277/316/28 278/317/29 276/315/27
f 277/316/28 279/318/270 280/319/271 278/317/29
f 279/318/270 259/297/265 281/320/272 280/321/273
f 34/36/34 281/320/272 259/297/265 10/10/10
f 265/304/16 263/301/14 267/306/268
f 255/293/261 277/316/28 256/294/262
f 279/318/270 277/316/28 255/293/261
f 256/294/262 277/316/28 275/314/26
f 260/322/274 282/323/275 35/324/37 11/325/36
f 261/299/266 258/296/264 267/306/268
f 263/301/14 261/299/266 267/306/268
f 258/296/264 269/308/20 267/306/268
f 256/294/262 271/310/22 257/295/263
f 273/312/24 256/294/262 275/314/26
f 257/295/263 269/308/20 258/296/264
f 273/312/24 271/310/22 256/294/262
f 271/310/22 269/308/20 257/295/263
f 279/318/270 255/293/261 259/297/265
f 282/323/275 283/326/276 37/327/39 35/324/37
f 283/326/276 284/328/277 39/329/41 37/327/39
f 284/328/277 285/330/278 41/331/43 39/329/41
f 34/332/45 41/331/43 285/330/278 281/333/279
f 285/330/278 280/319/271 281/333/279
f 280/319/271 285/330/278 278/317/29
f 282/323/275 272/311/23 283/326/276
f 284/328/277 276/315/27 278/317/29
f 276/315/27 284/328/277 274/313/25
f 268/307/269 262/303/267 264/302/15
f 260/322/274 262/303/267 268/307/269
f 278/317/29 285/330/278 284/328/277
f 283/326/276 272/311/23 274/313/25
f 282/323/275 270/309/21 272/311/23
f 260/322/274 270/309/21 282/323/275
f 268/307/269 264/302/15 266/305/17
f 268/307/269 270/309/21 260/322/274
f 274/313/25 284/328/277 283/326/276
f 286/334/280 287/335/281 288/336/282 289/337/283
f 47/338/284 50/339/285 290/340/286 291/341/287
f 292/342/288 293/343/289 287/335/281 286/334/280
f 294/344/290 295/345/291 293/343/289 292/342/288
f 289/337/283 288/336/282 52/346/292 51/347/293
f 291/341/287 290/340/286 295/345/291 294/344/290
f 290/340/286 50/339/285 295/345/291
f 293/343/289 295/345/291 287/335/281
f 287/348/60 50/349/60 52/350/60
f 52/346/294 288/336/282 287/335/281
f 295/351/60 50/349/60 287/348/60
f 289/337/283 296/352/295 297/353/296 286/334/280
f 291/341/287 298/354/297 57/355/298 47/338/284
f 286/334/280 297/353/296 299/356/299 292/342/288
f 292/342/288 299/356/299 300/357/300 294/344/290
f 51/347/293 62/358/301 296/352/295 289/337/283
f 294/344/290 300/357/300 298/354/297 291/341/287
f 62/358/301 70/359/302 301/360/303 296/352/295
f 300/357/300 302/361/304 303/362/305 298/354/297
f 296/352/295 301/360/303 304/363/306 297/353/296
f 298/354/297 303/362/305 65/364/307 57/355/298
f 297/353/296 304/363/306 305/365/254 299/356/299
f 299/356/299 305/365/254 302/361/304 300/357/300
f 52/366/60 295/367/60 50/368/60
f 52/366/60 287/369/60 295/367/60
f 71/85/77 74/88/60 306/370/308 307/371/309
f 75/89/80 78/92/83 308/372/310 309/373/311
f 79/93/84 82/96/87 310/374/312 311/375/313
f 83/97/88 86/100/91 312/376/314 313/377/315
f 87/101/92 71/85/77 307/371/309 314/378/316
f 89/103/94 75/89/80 309/373/311 315/379/317
f 86/105/96 79/93/84 311/375/313 312/380/318
f 91/107/98 83/97/88 313/377/315 316/381/319
f 93/109/11 87/101/92 314/378/316 317/382/320
f 74/88/60 89/103/94 315/379/317 306/370/308
f 78/92/83 91/107/98 316/381/319 308/372/310
f 82/96/87 93/109/11 317/382/320 310/374/312
f 309/373/311 318/383/321 319/384/322 315/379/317
f 311/375/313 320/385/323 321/386/324 312/380/318
f 313/377/315 322/387/325 323/388/326 316/381/319
f 314/378/316 324/389/327 325/390/328 317/382/320
f 315/379/317 319/384/322 326/391/329 306/370/308
f 316/381/319 323/388/326 327/392/330 308/372/310
f 317/382/320 325/390/328 328/393/331 310/374/312
f 306/370/308 326/391/329 329/394/332 307/371/309
f 308/372/310 327/392/330 318/383/321 309/373/311
f 310/374/312 328/393/331 320/385/323 311/375/313
f 312/376/314 321/395/333 322/387/325 313/377/315
f 307/371/309 329/394/332 324/389/327 314/378/316
f 318/383/321 330/396/334 331/397/335 319/384/322
f 320/385/323 332/398/336 333/399/337 321/386/324
f 322/387/325 334/400/338 335/401/339 323/388/326
f 324/389/327 336/402/340 337/403/341 325/390/328
f 319/384/322 331/397/335 338/404/342 326/391/329
f 323/388/326 335/401/339 339/405/343 327/392/330
f 325/390/328 337/403/341 340/406/344 328/393/331
f 326/391/329 338/404/342 341/407/345 329/394/332
f 327/392/330 339/405/343 330/396/334 318/383/321
f 328/393/331 340/406/344 332/398/336 320/385/323
f 321/395/333 333/408/346 334/400/338 322/387/325
f 329/394/332 341/407/345 336/402/340 324/389/327
f 341/407/345 342/409/347 343/410/348 336/402/340
f 330/396/334 344/411/349 345/412/350 331/397/335
f 332/398/336 346/413/351 347/414/352 333/399/337
f 334/400/338 348/415/353 349/416/354 335/401/339
f 336/402/340 343/410/348 350/417/355 337/403/341
f 331/397/335 345/412/350 351/418/356 338/404/342
f 335/401/339 349/416/354 352/419/357 339/405/343
f 337/403/341 350/417/355 353/420/358 340/406/344
f 338/404/342 351/418/356 342/409/347 341/407/345
f 339/405/343 352/419/357 344/411/349 330/396/334
f 340/406/344 353/420/358 346/413/351 332/398/336
f 333/408/346 347/421/359 348/415/353 334/400/338
f 347/421/359 354/422/360 355/423/361 348/415/353
f 342/409/347 356/424/362 357/425/363 343/410/348
f 344/411/349 358/426/364 359/427/365 345/412/350
f 346/413/351 360/428/366 354/429/367 347/414/352
f 348/415/353 355/423/361 361/430/368 349/416/354
f 343/410/348 357/425/363 362/431/369 350/417/355
f 345/412/350 359/427/365 363/432/370 351/418/356
f 349/416/354 361/430/368 364/433/371 352/419/357
f 350/417/355 362/431/369 365/434/372 353/420/358
f 351/418/356 363/432/370 356/424/362 342/409/347
f 352/419/357 364/433/371 358/426/364 344/411/349
f 353/420/358 365/434/372 360/428/366 346/413/351
f 365/434/372 366/435/373 367/436/374 360/428/366
f 354/422/360 368/437/375 369/438/376 355/423/361
f 356/424/362 370/439/377 371/440/378 357/425/363
f 358/426/364 372/441/379 373/442/380 359/427/365
f 360/428/366 367/436/374 368/443/381 354/429/367
f 355/423/361 369/438/376 374/444/382 361/430/368
f 357/425/363 371/440/378 375/445/383 362/431/369
f 359/427/365 373/442/380 376/446/384 363/432/370
f 361/430/368 374/444/382 377/447/385 364/433/371
f 362/431/369 375/445/383 366/435/373 365/434/372
f 363/432/370 376/446/384 370/439/377 356/424/362
f 364/433/371 377/447/385 372/441/379 358/426/364
f 377/447/385 378/448/386 379/449/387 372/441/379
f 366/435/373 380/450/388 381/451/389 367/436/374
f 368/437/375 382/452/390 383/453/391 369/438/376
f 370/439/377 384/454/392 385/455/393 371/440/378
f 372/441/379 379/449/387 386/456/394 373/442/380
f 367/436/374 381/451/389 382/457/395 368/443/381
f 369/438/376 383/453/391 387/458/396 374/444/382
f 371/440/378 385/455/393 388/459/397 375/445/383
f 373/442/380 386/456/394 389/460/398 376/446/384
f 374/444/382 387/458/396 378/448/386 377/447/385
f 375/445/383 388/459/397 380/450/388 366/435/373
f 376/446/384 389/460/398 384/454/392 370/439/377
f 378/448/386 390/461/399 391/462/400 379/449/387
f 380/450/388 392/463/401 393/464/402 381/451/389
f 382/452/390 394/465/403 395/466/404 383/453/391
f 384/454/392 396/467/405 397/468/406 385/455/393
f 379/449/387 391/462/400 398/469/407 386/456/394
f 381/451/389 393/464/402 394/470/408 382/457/395
f 383/453/391 395/466/404 399/471/409 387/458/396
f 385/455/393 397/468/406 400/472/410 388/459/397
f 386/456/394 398/469/407 401/473/411 389/460/398
f 387/458/396 399/471/409 390/461/399 378/448/386
f 388/459/397 400/472/410 392/463/401 380/450/388
f 389/460/398 401/473/411 396/467/405 384/454/392
f 402/474/412 182/475/195 181/476/194 403/477/413
f 395/466/404 184/478/197 183/479/196 399/471/409
f 392/463/401 186/480/199 185/481/198 393/464/402
f 399/471/409 183/479/196 187/482/200 390/461/399
f 393/464/402 185/481/198 188/483/201 394/470/408
f 394/465/403 188/484/202 184/478/197 395/466/404
f 396/467/405 404/485/414 405/486/415 397/468/406
f 398/469/407 406/487/416 407/488/417 401/473/411
f 397/468/406 405/486/415 408/489/418 400/472/410
f 401/473/411 407/488/417 404/485/414 396/467/405
f 391/462/400 402/474/412 406/487/416 398/469/407
f 404/485/414 409/490/419 410/491/420 405/486/415
f 406/487/416 411/492/421 412/493/422 407/488/417
f 405/486/415 410/491/420 413/494/423 408/489/418
f 407/488/417 412/493/422 409/490/419 404/485/414
f 402/474/412 403/477/413 411/492/421 406/487/416
f 409/490/419 414/495/424 415/496/425 410/491/420
f 411/492/421 416/497/426 417/498/427 412/493/422
f 410/491/420 415/496/425 418/499/428 413/494/423
f 412/493/422 417/498/427 414/495/424 409/490/419
f 403/477/413 419/500/429 416/497/426 411/492/421
f 414/495/424 420/501/430 421/502/431 415/496/425
f 416/497/426 422/503/432 423/504/433 417/498/427
f 415/496/425 421/502/431 424/505/434 418/499/428
f 417/498/427 423/504/433 420/501/430 414/495/424
f 419/500/429 425/506/435 422/503/432 416/497/426
f 420/501/430 426/507/436 427/508/437 421/502/431
f 422/503/432 428/509/438 429/510/439 423/504/433
f 421/502/431 427/508/437 430/511/440 424/505/434
f 423/504/433 429/510/439 426/507/436 420/501/430
f 425/506/435 431/512/441 428/509/438 422/503/432
f 426/507/436 432/513/442 433/514/443 427/508/437
f 428/509/438 434/515/444 435/516/445 429/510/439
f 427/508/437 433/514/443 436/517/446 430/511/440
f 429/510/439 435/516/445 432/513/442 426/507/436
f 431/512/441 437/518/447 434/515/444 428/509/438
f 432/513/442 438/519/448 439/520/449 433/514/443
f 434/515/444 440/521/450 441/522/451 435/516/445
f 433/514/443 439/520/449 442/523/452 436/517/446
f 435/516/445 441/522/451 438/519/448 432/513/442
f 437/518/447 443/524/453 440/521/450 434/515/444
f 438/519/448 230/525/454 229/526/455 439/520/449
f 440/521/450 232/527/456 231/528/457 441/522/451
f 439/520/449 229/526/455 233/529/458 442/523/452
f 441/522/451 231/528/457 230/525/454 438/519/448
f 443/524/453 234/530/459 232/527/456 440/521/450
f 444/531/460 445/532/460 237/261/60 236/260/60
f 424/505/434 446/533/11 447/534/11 418/499/428
f 448/535/461 447/536/461 446/537/462 449/538/462
f 233/529/458 237/539/11 445/540/11 442/523/452
f 450/541/463 451/542/463 445/532/460 444/531/460
f 430/511/440 452/543/11 446/533/11 424/505/434
f 246/274/253 247/275/253 447/536/461 448/535/461
f 453/544/72 452/545/72 451/542/463 450/541/463
f 436/517/446 451/546/11 452/543/11 430/511/440
f 447/534/11 247/547/11 249/548/255 418/499/428
f 449/538/462 446/537/462 452/545/72 453/544/72
f 442/523/452 445/540/11 451/546/11 436/517/446
f 403/477/413 181/476/194 250/549/256 419/500/429
f 390/461/399 187/482/200 251/550/257 391/462/400
f 391/462/400 251/550/257 182/475/195 402/474/412
f 418/499/428 249/548/255 252/551/258 413/494/423
f 400/472/410 253/552/259 186/480/199 392/463/401
f 408/489/418 413/494/423 252/551/258 254/553/260
f 408/489/418 254/553/260 253/552/259 400/472/410
f 246/554/83 448/555/83 419/500/429 250/549/256
f 425/506/435 419/500/429 448/555/83 449/556/83
f 234/530/459 443/524/453 444/557/83 236/558/83
f 443/524/453 437/518/447 450/559/83 444/557/83
f 437/518/447 431/512/441 453/560/83 450/559/83
f 431/512/441 425/506/435 449/556/83 453/560/83
f 454/561/464 455/562/465 456/563/466 457/564/467
f 458/565/468 459/566/469 460/567/470
f 461/568/471 462/569/472 463/570/473 464/571/474
f 465/572/475 466/573/476 467/574/477 468/575/478
f 461/568/471 464/571/474 456/563/466 455/562/465
f 465/572/475 468/575/478 469/576/479 470/577/480
f 471/578/11 469/579/11 468/580/11 467/581/11
f 471/578/11 472/582/11 469/579/11
f 471/578/11 473/583/11 457/584/11 472/582/11
f 455/562/465 454/561/464 474/585/83 475/586/83
f 457/584/11 463/587/11 476/588/11 472/582/11
f 457/584/11 456/589/11 464/590/11 463/587/11
f 477/591/83 478/592/83 479/593/481 480/594/482
f 481/595/483 455/562/465 475/586/83 482/596/484
f 475/586/83 477/591/83 480/594/482 482/596/484
f 483/597/485 484/598/463 485/599/463 486/600/485
f 487/601/461 488/602/253 489/603/253 490/604/461
f 484/598/463 491/605/72 492/606/72 485/599/463
f 493/607/72 494/608/486 495/609/487
f 491/605/72 496/610/462 497/611/462 492/606/72
f 493/612/488 483/597/485 486/600/485 498/613/488
f 462/569/472 461/568/471 499/614/489 500/615/482
f 501/616/83 474/585/83 502/617/490 503/618/491
f 504/619/492 505/620/493 506/621/491 507/622/494
f 505/620/493 504/619/492 473/623/495 471/624/253
f 508/625/462 509/626/461 487/601/461 496/610/462
f 510/627/488 511/628/485 483/597/485 493/612/488
f 512/629/72 508/625/462 496/610/462 491/605/72
f 513/630/463 512/629/72 491/605/72 484/598/463
f 509/626/461 514/631/253 488/602/253 487/601/461
f 511/628/485 513/630/463 484/598/463 483/597/485
f 503/618/491 502/617/490 507/622/494 506/621/491
f 465/572/475 515/632/496 516/633/497 517/634/498
f 493/607/72 495/609/487 518/635/499 510/636/72
f 519/637/500 518/635/499 520/638/501 521/639/5
f 518/635/499 495/609/487 522/640/501 520/638/501
f 519/637/500 523/641/502 510/636/72 518/635/499
f 459/566/469 472/642/503 476/643/504 460/567/470
f 466/573/476 465/572/475 517/634/498 524/644/505
f 525/645/506 500/615/482 480/594/482 479/593/481
f 459/566/469 470/577/480 469/576/479 472/642/503
f 507/622/494 502/617/490 526/646/507 504/619/492
f 481/595/483 461/568/471 455/562/465
f 458/565/468 460/567/470 525/645/506 479/593/481
f 454/561/464 457/564/467 473/623/495 504/619/492
f 526/646/507 454/561/464 504/619/492
f 460/567/470 462/569/472 500/615/482 525/645/506
f 470/577/480 459/566/469 478/592/83 527/647/508
f 462/569/472 460/567/470 476/643/504 463/570/473
f 499/614/489 461/568/471 481/595/483 482/596/484
f 482/596/484 480/594/482 500/615/482 499/614/489
f 470/577/480 515/632/496 465/572/475
f 458/565/468 479/593/481 478/592/83 459/566/469
f 470/577/480 527/647/508 516/633/497 515/632/496
f 516/633/497 528/648/509 524/644/505 517/634/498
f 454/561/464 526/646/507 502/617/490 474/585/83
f 529/649/461 530/650/253 514/631/253 509/626/461
f 531/651/462 529/649/461 509/626/461 508/625/462
f 532/652/72 477/653/72 475/654/462 533/655/462
f 534/656/463 478/657/463 477/653/72 532/652/72
f 535/658/510 536/659/463 513/630/463 511/628/485
f 521/639/5 537/660/11 523/641/502 519/637/500
f 516/633/497 527/647/508 538/661/511 528/648/509
f 539/662/512 540/663/463 536/659/463 535/658/510
f 513/630/463 536/659/463 541/664/72 512/629/72
f 512/629/72 541/664/72 531/651/462 508/625/462
f 542/665/462 543/666/461 529/649/461 531/651/462
f 543/666/461 544/667/253 530/650/253 529/649/461
f 545/668/513 546/669/513 547/670/514 548/671/514
f 548/672/515 547/673/515 549/674/512 539/662/512
f 511/628/485 510/627/488 523/675/516 535/658/510
f 550/676/517 551/677/518 552/678/519 553/679/520
f 554/680/521 555/681/522 556/682/523
f 557/683/524 558/684/525 559/685/526 560/686/527
f 561/687/528 562/688/529 467/689/530 466/690/531
f 557/683/524 553/679/520 552/678/519 558/684/525
f 561/687/528 563/691/532 564/692/533 562/688/529
f 471/578/11 467/581/11 562/693/11 564/694/11
f 471/578/11 564/694/11 565/695/11
f 471/578/11 565/695/11 551/696/11 566/697/11
f 553/679/520 567/698/83 568/699/83 550/676/517
f 551/696/11 565/695/11 569/700/11 559/701/11
f 551/696/11 559/701/11 558/702/11 552/703/11
f 570/704/83 571/705/534 572/706/490 573/707/83
f 574/708/535 575/709/536 567/698/83 553/679/520
f 567/698/83 575/709/536 571/705/534 570/704/83
f 496/610/462 487/601/461 490/604/461 497/611/462
f 576/710/537 577/711/537 578/712/252 579/713/252
f 580/714/250 581/715/250 489/603/253 488/602/253
f 579/713/252 578/712/252 582/716/254 583/717/254
f 584/718/254 585/719/538 586/720/539
f 583/717/254 582/716/254 587/721/251 588/722/251
f 584/723/540 589/724/540 577/711/537 576/710/537
f 560/686/527 590/725/534 591/726/541 557/683/524
f 501/616/83 503/618/491 592/727/481 568/699/83
f 593/728/542 594/729/506 506/621/491 505/620/493
f 505/620/493 471/624/253 566/730/543 593/728/542
f 595/731/251 588/722/251 580/714/250 596/732/250
f 597/733/540 584/723/540 576/710/537 598/734/537
f 599/735/254 583/717/254 588/722/251 595/731/251
f 600/736/252 579/713/252 583/717/254 599/735/254
f 596/732/250 580/714/250 488/602/253 514/631/253
f 598/734/537 576/710/537 579/713/252 600/736/252
f 503/618/491 506/621/491 594/729/506 592/727/481
f 561/687/528 601/737/544 602/738/545 603/739/546
f 584/718/254 597/740/254 604/741/547 585/719/538
f 605/742/548 521/639/5 520/638/501 604/741/547
f 606/743/549 607/744/539 608/745/539 609/746/541
f 604/741/547 520/638/501 522/640/501 585/719/538
f 605/742/548 604/741/547 597/740/254 610/747/550
f 556/682/523 555/681/522 569/748/551 565/749/552
f 466/690/531 524/750/505 601/737/544 561/687/528
f 611/751/494 572/706/490 571/705/534 590/725/534
f 556/682/523 565/749/552 564/692/533 563/691/532
f 594/729/506 593/728/542 612/752/553 592/727/481
f 574/708/535 553/679/520 557/683/524
f 554/680/521 572/706/490 611/751/494 555/681/522
f 550/676/517 593/728/542 566/730/543 551/677/518
f 612/752/553 593/728/542 550/676/517
f 555/681/522 611/751/494 590/725/534 560/686/527
f 563/691/532 613/753/554 573/707/83 556/682/523
f 560/686/527 559/685/526 569/748/551 555/681/522
f 591/726/541 575/709/536 574/708/535 557/683/524
f 575/709/536 591/726/541 590/725/534 571/705/534
f 563/691/532 561/687/528 603/739/546
f 554/680/521 556/682/523 573/707/83 572/706/490
f 563/691/532 603/739/546 602/738/545 613/753/554
f 602/738/545 601/737/544 524/750/505 528/754/509
f 550/676/517 568/699/83 592/727/481 612/752/553
f 614/755/250 596/732/250 514/631/253 530/650/253
f 615/756/251 595/731/251 596/732/250 614/755/250
f 616/757/254 617/758/251 567/759/251 570/760/254
f 618/761/252 616/757/254 570/760/254 573/762/252
f 619/763/555 598/734/537 600/736/252 620/764/252
f 521/639/5 605/742/548 610/747/550 537/660/11
f 602/738/545 528/754/509 538/765/511 613/753/554
f 545/668/513 619/763/555 620/764/252 621/766/252
f 600/736/252 599/735/254 622/767/254 620/764/252
f 599/735/254 595/731/251 615/756/251 622/767/254
f 623/768/251 615/756/251 614/755/250 624/769/250
f 624/769/250 614/755/250 530/650/253 544/667/253
f 537/770/556 625/771/557 535/658/510 523/675/516
f 548/672/515 539/662/512 535/658/510 625/771/557
f 545/668/513 548/671/514 625/772/558 619/763/555
f 625/772/558 537/773/559 610/774/560 619/763/555
f 598/734/537 619/763/555 610/774/560 597/733/540
f 568/775/250 626/776/250 627/777/253 501/778/253
f 626/776/250 624/769/250 544/667/253 627/777/253
f 567/759/251 617/758/251 626/776/250 568/775/250
f 617/758/251 623/768/251 624/769/250 626/776/250
f 613/779/561 546/669/513 618/761/252 573/762/252
f 546/669/513 545/668/513 621/766/252 618/761/252
f 620/764/252 622/767/254 628/780/254 621/766/252
f 621/766/252 628/780/254 616/757/254 618/761/252
f 622/767/254 615/756/251 623/768/251 628/780/254
f 628/780/254 623/768/251 617/758/251 616/757/254
f 474/781/461 501/778/253 627/777/253 629/782/461
f 629/782/461 627/777/253 544/667/253 543/666/461
f 475/654/462 474/781/461 629/782/461 533/655/462
f 533/655/462 629/782/461 543/666/461 542/665/462
f 527/783/562 478/657/463 534/656/463 549/674/512
f 549/674/512 534/656/463 540/663/463 539/662/512
f 536/659/463 540/663/463 630/784/72 541/664/72
f 540/663/463 534/656/463 532/652/72 630/784/72
f 541/664/72 630/784/72 542/665/462 531/651/462
f 630/784/72 532/652/72 533/655/462 542/665/462
f 547/673/515 538/785/515 527/783/562 549/674/512
f 547/670/514 546/669/513 613/779/561 538/786/514
f 586/720/539 631/787/563 632/788/486 633/789/539
f 494/608/486 634/790/486 607/744/539 606/743/549
f 609/746/541 608/745/539 635/791/60 636/792/505
f 637/793/489 636/792/505 635/791/60 638/794/486
f 639/795/505 606/743/549 609/746/541 636/792/505
f 631/787/563 639/795/505 636/792/505 637/793/489
f 632/788/486 631/787/563 637/793/489 638/794/486
f 588/722/251 587/721/251 581/715/250 580/714/250
f 498/796/72 634/790/486 494/608/486 493/607/72
f 589/797/254 584/718/254 586/720/539 633/789/539
f 585/719/538 522/640/501 639/795/505 631/787/563
f 586/720/539 585/719/538 631/787/563
f 522/640/501 495/609/487 606/743/549 639/795/505
f 494/608/486 606/743/549 495/609/487
f 640/798/564 641/799/11 642/800/11 643/801/565
f 644/802/566 645/803/567 646/804/568 647/805/569
f 647/805/569 646/804/568 648/806/570 649/807/571
f 650/808/572 651/809/573 652/810/574 653/811/575
f 654/812/5 655/813/500 656/814/489 657/815/541
f 651/809/573 640/798/564 643/801/565 652/810/574
f 641/816/576 650/808/572 653/811/575 642/817/60
f 649/807/571 648/806/570 658/818/577 659/819/578
f 660/820/579 661/821/580 654/822/254 657/815/541
f 662/823/581 663/824/582 664/825/583 665/826/584
f 666/827/585 667/828/586 668/829/587 669/830/588
f 663/824/582 666/827/585 669/830/588 664/825/583
f 667/828/586 662/831/11 665/832/11 668/829/587
f 665/826/584 664/825/583 650/808/572 641/816/576
f 669/830/588 668/829/587 640/798/564 651/809/573
f 664/825/583 669/830/588 651/809/573 650/808/572
f 668/829/587 665/832/11 641/799/11 640/798/564
f 646/804/568 645/803/567 662/831/11 667/828/586
f 658/818/577 648/806/570 666/827/585 663/824/582
f 648/806/570 646/804/568 667/828/586 666/827/585
f 645/833/589 658/818/577 663/824/582 662/823/581
f 658/818/577 645/833/589 644/834/254 659/819/578
f 670/835/590 649/807/571 659/819/578 671/836/591
f 672/837/592 647/805/569 649/807/571 670/835/590
f 673/838/593 644/802/566 647/805/569 672/837/592
f 674/839/594 673/838/593 672/837/592 675/840/595
f 675/840/595 672/837/592 670/835/590 676/841/596
f 676/841/596 670/835/590 671/836/591 677/842/597
f 659/819/578 644/834/254 673/843/254 671/836/591
f 678/844/598 676/841/596 677/842/597 679/845/599
f 680/846/600 675/840/595 676/841/596 678/844/598
f 681/847/601 674/839/594 675/840/595 680/846/600
f 671/836/591 673/843/254 674/848/254 677/842/597
f 682/849/602 681/847/601 680/846/600 683/850/603
f 683/850/603 680/846/600 678/844/598 684/851/604
f 684/851/604 678/844/598 679/845/599 685/852/605
f 677/842/597 674/848/254 681/853/254 679/845/599
f 686/854/606 684/851/604 685/852/605 687/855/607
f 688/856/608 683/850/603 684/851/604 686/854/606
f 689/857/609 682/849/602 683/850/603 688/856/608
f 679/845/599 681/853/254 682/858/610 685/852/605
f 661/859/611 689/857/609 688/856/608 690/860/612
f 690/860/612 688/856/608 686/854/606 691/861/613
f 691/861/613 686/854/606 687/855/607 660/820/579
f 685/852/605 682/858/610 689/862/614 687/855/607
f 656/814/489 691/861/613 660/820/579 657/815/541
f 655/813/500 690/860/612 691/861/613 656/814/489
f 654/812/5 661/859/611 690/860/612 655/813/500
f 687/855/607 689/862/614 661/821/580 660/820/579
f 692/863/615 643/801/565 642/800/11 693/864/11
f 694/865/616 695/866/617 696/867/618 697/868/619
f 695/866/617 698/869/620 699/870/621 696/867/618
f 700/871/622 653/811/575 652/810/574 701/872/623
f 702/873/5 703/874/489 704/875/541 705/876/624
f 701/872/623 652/810/574 643/801/565 692/863/615
f 693/877/625 642/817/60 653/811/575 700/871/622
f 698/869/620 706/878/626 707/879/627 699/870/621
f 708/880/628 703/874/489 702/881/72 709/882/629
f 710/883/630 711/884/631 712/885/632 713/886/633
f 714/887/634 715/888/635 716/889/636 717/890/637
f 713/886/633 712/885/632 715/888/635 714/887/634
f 717/890/637 716/889/636 711/891/11 710/892/11
f 711/884/631 693/877/625 700/871/622 712/885/632
f 715/888/635 701/872/623 692/863/615 716/889/636
f 712/885/632 700/871/622 701/872/623 715/888/635
f 716/889/636 692/863/615 693/864/11 711/891/11
f 696/867/618 717/890/637 710/892/11 697/868/619
f 707/879/627 713/886/633 714/887/634 699/870/621
f 699/870/621 714/887/634 717/890/637 696/867/618
f 697/893/638 710/883/630 713/886/633 707/879/627
f 707/879/627 706/878/626 694/894/72 697/893/638
f 718/895/591 719/896/590 706/878/626 698/869/620
f 720/897/639 718/895/591 698/869/620 695/866/617
f 721/898/593 720/897/639 695/866/617 694/865/616
f 722/899/594 723/900/640 720/897/639 721/898/593
f 723/900/640 724/901/597 718/895/591 720/897/639
f 724/901/597 725/902/596 719/896/590 718/895/591
f 706/878/626 719/896/590 721/903/72 694/894/72
f 726/904/599 727/905/598 725/902/596 724/901/597
f 728/906/641 726/904/599 724/901/597 723/900/640
f 729/907/601 728/906/641 723/900/640 722/899/594
f 719/896/590 725/902/596 722/908/72 721/903/72
f 730/909/602 731/910/642 728/906/641 729/907/601
f 731/910/642 732/911/643 726/904/599 728/906/641
f 732/911/643 733/912/644 727/905/598 726/904/599
f 725/902/596 727/905/598 729/913/72 722/908/72
f 734/914/645 735/915/646 733/912/644 732/911/643
f 736/916/647 734/914/645 732/911/643 731/910/642
f 737/917/609 736/916/647 731/910/642 730/909/602
f 727/905/598 733/912/644 730/918/648 729/913/72
f 709/919/611 738/920/649 736/916/647 737/917/609
f 738/920/649 739/921/650 734/914/645 736/916/647
f 739/921/650 708/880/628 735/915/646 734/914/645
f 733/912/644 735/915/646 737/922/651 730/918/648
f 704/875/541 703/874/489 708/880/628 739/921/650
f 705/876/624 704/875/541 739/921/650 738/920/649
f 702/873/5 705/876/624 738/920/649 709/919/611
f 735/915/646 708/880/628 709/882/629 737/922/651
f 740/923/652 741/924/653 742/925/654 743/926/655
f 744/927/656 745/928/657 746/929/658 747/930/659
f 748/931/660 749/932/661 745/928/657 744/927/656
f 750/933/662 751/934/663 741/924/653 740/923/652
f 743/926/655 742/925/654 752/935/664 753/936/665
f 747/930/659 746/929/658 751/934/663 750/933/662
f 753/936/665 752/935/664 754/937/666 755/938/667
f 755/938/667 754/937/666 756/939/668 757/940/669
f 757/940/669 756/939/668 758/941/670 759/942/671
f 759/942/671 758/941/670 760/943/672 761/944/673
f 761/944/673 760/943/672 762/945/674 763/946/675
f 763/946/675 762/945/674 764/947/676 765/948/677
f 765/948/677 764/947/676 766/949/678 767/950/679
f 767/950/679 766/949/678 768/951/680 769/952/681
f 769/952/681 768/951/680 770/953/682 771/954/683
f 771/954/683 770/953/682 772/955/684 773/956/685
f 773/956/685 772/955/684 774/957/686 775/958/687
f 775/958/687 774/957/686 776/959/688 777/960/689
f 777/960/689 776/959/688 778/961/690 779/962/691
f 779/962/691 778/961/690 780/963/692 781/964/693
f 781/964/693 780/963/692 782/965/694 783/966/695
f 783/966/695 782/965/694 784/967/696 785/968/697
f 785/968/697 784/967/696 786/969/698 787/970/699
f 787/970/699 786/969/698 788/971/700 789/972/701
f 789/972/701 788/971/700 790/973/702 791/974/703
f 791/974/703 790/973/702 792/975/704 793/976/705
f 793/976/705 792/975/704 794/977/706 795/978/707
f 795/978/707 794/977/706 796/979/708 797/980/709
f 798/981/710 797/980/709 796/979/708 799/982/711
f 748/931/660 800/983/712 801/984/713 749/932/661
f 800/983/712 798/981/710 799/982/711 801/984/713
f 788/971/700 796/979/708 790/973/702
f 786/969/698 799/982/711 788/971/700
f 786/969/698 784/967/696 799/982/711
f 766/949/678 772/955/684 770/953/682
f 792/975/704 790/973/702 794/977/706
f 782/965/694 749/932/661 784/967/696
f 801/984/713 799/982/711 784/967/696
f 772/955/684 764/947/676 762/945/674
f 778/961/690 751/934/663 746/929/658
f 782/965/694 745/928/657 749/932/661
f 782/965/694 746/929/658 745/928/657
f 780/963/692 746/929/658 782/965/694
f 780/963/692 778/961/690 746/929/658
f 773/985/60 775/986/60 763/987/60
f 776/959/688 751/934/663 778/961/690
f 768/951/680 766/949/678 770/953/682
f 799/982/711 796/979/708 788/971/700
f 790/973/702 796/979/708 794/977/706
f 766/949/678 764/947/676 772/955/684
f 756/939/668 774/957/686 762/945/674
f 774/957/686 772/955/684 762/945/674
f 760/943/672 756/939/668 762/945/674
f 752/935/664 742/925/654 741/924/653
f 758/941/670 756/939/668 760/943/672
f 776/959/688 774/957/686 756/939/668
f 754/937/666 751/934/663 776/959/688
f 741/924/653 751/934/663 754/937/666
f 754/937/666 776/959/688 756/939/668
f 752/935/664 741/924/653 754/937/666
f 749/932/661 801/984/713 784/967/696
f 765/988/60 767/989/60 773/985/60
f 797/990/60 791/991/60 795/992/60
f 797/990/60 798/993/60 789/994/60
f 797/990/60 789/994/60 791/991/60
f 800/995/60 748/996/60 785/997/60
f 800/995/60 785/997/60 798/993/60
f 785/997/60 787/998/60 798/993/60
f 779/999/60 781/1000/60 747/1001/60
f 783/1002/60 748/996/60 744/1003/60
f 783/1002/60 744/1003/60 747/1001/60
f 781/1000/60 783/1002/60 747/1001/60
f 750/1004/60 779/999/60 747/1001/60
f 767/989/60 769/1005/60 771/1006/60
f 777/1007/60 779/999/60 750/1004/60
f 773/985/60 767/989/60 771/1006/60
f 798/993/60 787/998/60 789/994/60
f 750/1004/60 755/1008/60 777/1007/60
f 748/996/60 783/1002/60 785/997/60
f 777/1007/60 755/1008/60 757/1009/60
f 765/988/60 773/985/60 763/987/60
f 740/1010/60 753/1011/60 755/1008/60
f 775/986/60 757/1009/60 763/987/60
f 757/1009/60 759/1012/60 761/1013/60
f 791/991/60 793/1014/60 795/992/60
f 750/1004/60 740/1010/60 755/1008/60
f 757/1009/60 761/1013/60 763/987/60
f 775/986/60 777/1007/60 757/1009/60
f 743/1015/60 753/1011/60 740/1010/60
f 802/1016/714 803/1017/715 804/1018/716 805/1019/717
f 806/1020/718 807/1021/719 803/1017/715 802/1016/714
f 808/1022/720 809/1023/721 807/1021/719 806/1020/718
f 810/1024/11 805/1019/717 804/1018/716 811/1025/722
f 812/1026/723 813/1027/724 814/1028/725
f 815/1029/726 816/1030/60 817/1031/60
f 818/1032/727 819/1033/728 820/1034/729 821/1035/730
f 814/1028/725 822/1036/731 821/1035/730 823/1037/732
f 824/1038/733 825/1039/734 826/1040/735 827/1041/736
f 827/1041/736 826/1040/735 828/1042/737 829/1043/738
f 829/1043/738 828/1042/737 807/1021/719 809/1023/721
f 825/1039/734 813/1027/724 830/1044/739 826/1040/735
f 826/1040/735 830/1044/739 831/1045/740 828/1042/737
f 828/1042/737 831/1045/740 803/1017/715 807/1021/719
f 813/1027/724 812/1026/723 832/1046/741 830/1044/739
f 830/1044/739 832/1046/741 833/1047/742 831/1045/740
f 831/1045/740 833/1047/742 804/1018/716 803/1017/715
f 813/1027/724 825/1039/734 814/1028/725
f 834/1048/743 835/1049/744 836/1050/745 817/1051/746
f 837/1052/747 829/1043/738 809/1023/721 818/1032/727
f 811/1053/60 838/1054/60 839/1055/60 840/1056/726
f 817/1031/60 836/1057/60 841/1058/60 815/1029/726
f 842/1059/11 843/1060/11 844/1061/11 845/1062/11
f 823/1063/748 821/1064/749 846/1065/750 847/1066/751
f 847/1066/751 846/1065/750 848/1067/11 849/1068/752
f 850/1069/753 851/1070/11 852/1071/11 853/1072/754
f 853/1072/754 852/1071/11 854/1073/11 855/1074/755
f 849/1068/752 848/1067/11 851/1070/11 850/1069/753
f 852/1075/756 851/1076/757 856/1077/757 857/1078/756
f 851/1076/757 848/1079/758 858/1080/758 856/1077/757
f 846/1081/759 821/1082/760 859/1083/761 860/1084/762
f 854/1085/60 852/1075/756 857/1078/756 861/1086/60
f 821/1035/730 822/1036/731 837/1052/747
f 848/1079/758 846/1081/759 860/1084/762 858/1080/758
f 814/1028/725 823/1037/732 862/1087/763 863/1088/764
f 847/1066/751 849/1068/752 864/1089/765 865/1090/766
f 849/1068/752 850/1069/753 866/1091/767 864/1089/765
f 850/1069/753 853/1072/754 867/1092/768 866/1091/767
f 823/1063/748 847/1066/751 865/1090/766 862/1093/769
f 853/1072/754 855/1074/755 868/1094/491 867/1092/768
f 857/1095/83 867/1092/768 868/1094/491 861/1096/83
f 856/1097/83 866/1091/767 867/1092/768 857/1095/83
f 858/1098/83 864/1089/765 866/1091/767 856/1097/83
f 860/1099/770 865/1090/766 864/1089/765 858/1098/83
f 859/1100/771 862/1093/769 865/1090/766 860/1099/770
f 869/1101/772 870/1102/773 863/1088/764 859/1103/772
f 862/1087/763 859/1103/772 863/1088/764
f 871/1104/491 872/1105/83 873/1106/774 874/1107/506
f 819/1033/728 818/1032/727 809/1023/721 808/1022/720
f 814/1028/725 863/1088/764 873/1106/774
f 824/1038/733 814/1028/725 825/1039/734
f 827/1041/736 822/1036/731 814/1028/725 824/1038/733
f 844/1108/486 843/1109/72 875/1110/72 876/1111/489
f 873/1106/774 872/1112/60 877/1113/60 875/1114/60
f 875/1115/83 877/1116/83 878/1117/505 876/1111/489
f 859/1083/761 821/1082/760 820/1118/253 869/1119/253
f 878/1117/505 845/1120/60 844/1108/486 876/1111/489
f 863/1088/764 874/1107/506 873/1106/774
f 871/1104/491 874/1107/506 863/1088/764 870/1102/773
f 818/1032/727 821/1035/730 837/1052/747
f 827/1041/736 829/1043/738 837/1052/747 822/1036/731
f 802/1016/714 805/1019/717 879/1121/775 880/1122/776
f 806/1020/718 802/1016/714 880/1122/776 881/1123/777
f 808/1022/720 806/1020/718 881/1123/777 882/1124/778
f 810/1024/11 841/1125/779 879/1121/775 805/1019/717
f 810/1126/60 811/1053/60 840/1056/726 883/1127/726
f 884/1128/780 885/1129/781 886/1130/782
f 887/1131/783 815/1029/726 883/1127/726 888/1132/783
f 889/1133/784 890/1134/785 820/1034/729 819/1033/728
f 885/1129/781 891/1135/786 890/1134/785 892/1136/787
f 893/1137/788 894/1138/789 895/1139/790 896/1140/791
f 894/1138/789 897/1141/792 898/1142/793 895/1139/790
f 897/1141/792 882/1124/778 881/1123/777 898/1142/793
f 896/1140/791 895/1139/790 899/1143/794 886/1130/782
f 895/1139/790 898/1142/793 900/1144/795 899/1143/794
f 898/1142/793 881/1123/777 880/1122/776 900/1144/795
f 886/1130/782 899/1143/794 834/1048/743 884/1128/780
f 899/1143/794 900/1144/795 835/1049/744 834/1048/743
f 900/1144/795 880/1122/776 879/1121/775 835/1049/744
f 886/1130/782 885/1129/781 896/1140/791
f 835/1049/744 879/1121/775 841/1125/779 836/1050/745
f 901/1145/796 889/1133/784 882/1124/778 897/1141/792
f 839/1055/60 902/1146/60 840/1056/726
f 888/1132/783 883/1127/726 840/1056/726 903/1147/783
f 904/1148/11 905/1149/11 887/1131/783
f 842/1059/11 845/1062/11 906/1150/11 904/1151/11
f 891/1152/797 907/1153/798 908/1154/799 890/1155/800
f 907/1153/798 909/1156/801 910/1157/11 908/1154/799
f 911/1158/802 912/1159/803 913/1160/11 914/1161/11
f 912/1159/803 855/1074/755 854/1073/11 913/1160/11
f 909/1156/801 911/1158/802 914/1161/11 910/1157/11
f 913/1162/804 915/1163/804 916/1164/805 914/1165/805
f 914/1165/805 916/1164/805 917/1166/806 910/1167/806
f 908/1168/807 918/1169/808 919/1170/809 890/1171/810
f 854/1085/60 861/1086/60 915/1163/804 913/1162/804
f 890/1134/785 901/1145/796 892/1136/787
f 910/1167/806 917/1166/806 918/1169/808 908/1168/807
f 885/1129/781 920/1172/811 921/1173/812 891/1135/786
f 907/1153/798 922/1174/813 923/1175/814 909/1156/801
f 909/1156/801 923/1175/814 924/1176/815 911/1158/802
f 911/1158/802 924/1176/815 925/1177/816 912/1159/803
f 891/1152/797 921/1178/817 922/1174/813 907/1153/798
f 912/1159/803 925/1177/816 868/1094/491 855/1074/755
f 915/1179/83 861/1096/83 868/1094/491 925/1177/816
f 916/1180/83 915/1179/83 925/1177/816 924/1176/815
f 917/1181/83 916/1180/83 924/1176/815 923/1175/814
f 918/1182/818 917/1181/83 923/1175/814 922/1174/813
f 919/1183/819 918/1182/818 922/1174/813 921/1178/817
f 869/1101/772 919/1184/772 920/1172/811 870/1185/773
f 921/1173/812 920/1172/811 919/1184/772
f 871/1186/491 926/1187/494 927/1188/820 872/1189/83
f 819/1033/728 808/1022/720 882/1124/778 889/1133/784
f 885/1129/781 927/1188/820 920/1172/811
f 893/1137/788 896/1140/791 885/1129/781
f 894/1138/789 893/1137/788 885/1129/781 892/1136/787
f 842/1190/11 888/1132/783 903/1147/783 843/1191/11
f 888/1132/783 842/1190/11 904/1148/11 887/1131/783
f 906/1192/539 928/1193/541 929/1194/254 904/1195/254
f 927/1188/820 929/1196/60 877/1113/60 872/1112/60
f 929/1197/83 928/1193/541 878/1117/505 877/1116/83
f 919/1170/809 869/1119/253 820/1118/253 890/1171/810
f 878/1117/505 928/1193/541 906/1192/539 845/1120/60
f 920/1172/811 927/1188/820 926/1187/494
f 871/1186/491 870/1185/773 920/1172/811 926/1187/494
f 889/1133/784 901/1145/796 890/1134/785
f 894/1138/789 892/1136/787 901/1145/796 897/1141/792
f 884/1128/780 834/1048/743 817/1051/746 816/1198/821
f 843/1191/11 903/1147/783 930/1199/11
f 833/1047/742 838/1200/822 811/1025/722 804/1018/716
f 832/1046/741 839/1201/823 838/1200/822 833/1047/742
f 812/1026/723 902/1202/824 839/1201/823 832/1046/741
f 810/1126/60 883/1127/726 815/1029/726 841/1058/60
f 873/1106/774 875/1114/60 843/1203/60 930/1204/486
f 929/1196/60 927/1188/820 905/1205/539 904/1206/60
f 885/1129/781 884/1128/780 816/1198/821 815/1207/254
f 927/1188/820 885/1129/781 815/1207/254 887/1208/254 905/1205/539
f 814/1028/725 840/1209/72 902/1202/824 812/1026/723
f 873/1106/774 930/1204/486 903/1210/72 840/1209/72 814/1028/725
f 931/1211/825 932/1212/826 933/1213/827 934/1214/828
f 935/1215/829 936/1216/830 937/1217/831
f 938/1218/832 939/1219/833 937/1217/831 936/1216/830
f 937/1217/831 939/1219/833 940/1220/834 941/1221/500
f 942/1222/835 931/1211/825 934/1214/828 935/1215/829
f 934/1214/828 933/1213/827 943/1223/836
f 944/1224/837 938/1218/832 936/1216/830 943/1223/836
f 935/1215/829 937/1217/831 945/1225/5
f 932/1212/826 944/1224/837 943/1223/836 933/1213/827
f 935/1215/829 934/1214/828 936/1216/830
f 941/1221/500 940/1220/834 946/1226/505 945/1225/5
f 934/1214/828 943/1223/836 936/1216/830
f 937/1217/831 941/1221/500 945/1225/5
f 946/1226/505 940/1220/834 947/1227/83 948/1228/83
f 949/1229/83 947/1227/83 940/1220/834 939/1219/833
f 931/1211/825 942/1222/835 950/1230/83 951/1231/83
f 944/1224/837 932/1212/826 952/1232/83 953/1233/83
f 932/1212/826 931/1211/825 951/1231/83 952/1232/83
f 938/1218/832 944/1224/837 953/1233/83 954/1234/83
f 938/1218/832 954/1234/83 949/1229/83 939/1219/833
f 955/1235/838 956/1236/839 957/1237/840
f 947/1238/486 955/1235/838 957/1237/840
f 947/1238/486 949/1239/841 958/1240/842 955/1235/838
f 954/1241/843 953/1242/844 959/1243/845 960/1244/846
f 949/1239/841 954/1241/843 960/1244/846 958/1240/842
f 958/1240/842 961/1245/847 955/1235/838
f 960/1244/846 959/1243/845 962/1246/848
f 960/1244/846 962/1246/848 963/1247/849 958/1240/842
f 961/1245/847 958/1240/842 963/1247/849
f 964/1248/850 965/1249/851 966/1250/852 967/1251/853
f 962/1246/848 959/1243/845 968/1252/854 969/1253/855
f 961/1245/847 963/1247/849 970/1254/856 971/1255/857
f 951/1256/858 950/1257/253 972/1258/859 973/1259/860
f 959/1243/845 952/1260/861 974/1261/862 968/1252/854
f 963/1247/849 962/1246/848 969/1253/855 970/1254/856
f 975/1262/863 964/1248/850 967/1251/853 976/1263/864
f 952/1260/861 951/1256/858 973/1259/860 974/1261/862
f 947/1238/486 957/1237/840 977/1264/865 948/1265/60
f 977/1264/865 957/1237/840 978/1266/866 979/1267/867
f 957/1237/840 956/1236/839 980/1268/868 978/1266/866
f 956/1236/839 981/1269/869 982/1270/870 980/1268/868
f 983/1271/871 984/1272/872 985/1273/873 986/1274/874
f 986/1274/874 985/1273/873 987/1275/875 988/1276/876
f 986/1274/874 988/1276/876 989/1277/877 990/1278/878
f 983/1271/871 986/1274/874 990/1278/878 991/1279/879
f 987/1275/875 985/1273/873 992/1280/880 993/1281/881
f 994/1282/882 992/1280/880 985/1273/873 984/1272/872
f 995/1283/883 996/1284/884 997/1285/885 998/1286/886
f 999/1287/887 1000/1288/888 1001/1289/889 1002/1290/890
f 1000/1288/888 995/1283/883 998/1286/886 1001/1289/889
f 998/1286/886 997/1285/885 1003/1291/891 1004/1292/892
f 1002/1290/890 1001/1289/889 1005/1293/893 1006/1294/894
f 1001/1289/889 998/1286/886 1004/1292/892 1005/1293/893
f 1004/1292/892 1003/1291/891 1007/1295/895 1008/1296/896
f 1006/1294/894 1005/1293/893 1009/1297/897 1010/1298/898
f 1005/1293/893 1004/1292/892 1008/1296/896 1009/1297/897
f 1011/1299/899 1012/1300/900 1013/1301/901 1014/1302/902
f 1015/1303/903 1016/1304/904 1017/1305/905 1018/1306/906
f 1016/1304/904 1011/1299/899 1014/1302/902 1017/1305/905
f 1009/1297/897 1008/1296/896 1011/1299/899 1016/1304/904
f 1010/1298/898 1009/1297/897 1016/1304/904 1015/1303/903
f 1008/1296/896 1007/1295/895 1012/1300/900 1011/1299/899
f 1014/1302/902 1013/1301/901 1019/1307/907 1020/1308/908
f 1021/1309/909 1022/1310/909 1023/1311/910 1024/1312/910
f 1025/1313/911 1026/1314/912 1027/1315/912 1028/1316/911
f 1029/1317/913 1030/1318/914 1031/1319/914 1032/1320/913
f 1025/1313/911 1028/1316/911 1022/1310/909 1021/1309/909
f 1033/1321/915 1024/1312/910 1023/1311/910 1034/1322/915
f 1033/1321/915 1034/1322/915 1035/1323/916 1036/1324/916
f 1029/1317/913 1032/1320/913 1027/1315/912 1026/1314/912
f 1030/1318/914 1036/1324/916 1035/1323/916 1031/1319/914
f 1018/1306/906 1017/1305/905 1037/1325/917 1038/1326/918
f 1037/1325/917 1017/1305/905 1039/1327/919
f 1014/1302/902 1040/1328/920 1039/1327/919 1017/1305/905
f 1041/1329/921 1038/1330/83 1037/1331/83
f 1041/1329/921 1037/1331/83 1039/1332/83
f 1041/1329/921 1039/1332/83 1040/1333/922
f 1041/1329/921 1040/1333/922 1042/1334/923 1043/1335/924
f 1044/1336/11 1045/1337/11 1046/1338/11 1047/1339/11
f 1043/1335/924 1042/1334/923 1045/1337/11 1044/1336/11
f 981/1269/869 1048/1340/925 1025/1341/72 1021/1342/72
f 982/1270/870 981/1269/869 1021/1342/72 1024/1343/72
f 979/1267/867 978/1266/866 983/1271/871 991/1279/879
f 978/1266/866 980/1268/868 984/1272/872 983/1271/871
f 980/1268/868 982/1270/870 994/1282/882 984/1272/872
f 989/1277/877 988/1276/876 1000/1288/888 999/1287/887
f 988/1276/876 987/1275/875 995/1283/883 1000/1288/888
f 987/1275/875 993/1281/881 996/1284/884 995/1283/883
f 1033/1344/72 994/1282/882 982/1270/870 1024/1343/72
f 994/1282/882 1033/1344/72 992/1280/880
f 993/1281/881 992/1280/880 1033/1344/72
f 996/1284/884 993/1281/881 1033/1344/72
f 996/1284/884 1033/1344/72 1003/1291/891 997/1285/885
f 1007/1295/895 1003/1291/891 1033/1344/72 1036/1345/72
f 1012/1300/900 1007/1295/895 1036/1345/72
f 1012/1300/900 1036/1345/72 1030/1346/72 1013/1301/901
f 1019/1307/907 1013/1301/901 1030/1346/72
f 981/1269/869 956/1236/839 1048/1340/925
f 969/1253/855 968/1252/854 1049/1347/926 1050/1348/927
f 1020/1308/908 1019/1307/907 1051/1349/928 1052/1350/929
f 968/1252/854 974/1261/862 1053/1351/930 1049/1347/926
f 974/1261/862 973/1259/860 1054/1352/931 1053/1351/930
f 956/1236/839 955/1235/838 961/1245/847 971/1255/857 1048/1340/925
f 970/1254/856 969/1253/855 1050/1348/927 1055/1353/932
f 973/1259/860 972/1258/859 1056/1354/933 1054/1352/931
f 1020/1308/908 1042/1355/934 1040/1328/920 1014/1302/902
f 1046/1356/935 1045/1357/936 965/1249/851 964/1248/850
f 1047/1358/937 1046/1356/935 964/1248/850 975/1262/863
f 1045/1357/936 1042/1355/934 1020/1308/908 965/1249/851
f 966/1250/852 965/1249/851 1020/1308/908 1057/1359/938
f 970/1254/856 1055/1353/932 971/1255/857
f 1055/1353/932 1058/1360/939 1048/1340/925 971/1255/857
f 1052/1350/929 1051/1349/928 1058/1360/939 1055/1353/932
f 1025/1341/72 1048/1340/925 1058/1360/939 1026/1361/72
f 1029/1362/72 1051/1349/928 1019/1307/907 1030/1346/72
f 1026/1361/72 1058/1360/939 1051/1349/928 1029/1362/72
f 1054/1352/931 1056/1354/933 1059/1363/940 1060/1364/941
f 1049/1347/926 1053/1351/930 1061/1365/942 1062/1366/943
f 1052/1350/929 1055/1353/932 1063/1367/944 1064/1368/945
f 1055/1353/932 1050/1348/927 1065/1369/946 1063/1367/944
f 1053/1351/930 1054/1352/931 1060/1364/941 1061/1365/942
f 1050/1348/927 1049/1347/926 1062/1366/943 1065/1369/946
f 1052/1350/929 1064/1368/945 1057/1359/938 1020/1308/908
f 967/1251/853 966/1250/852 976/1263/864
f 976/1263/864 966/1250/852 1057/1359/938
f 1066/1370/947 976/1263/864 1057/1359/938
f 1066/1370/947 1057/1359/938 1064/1368/945
f 1067/1371/948 1068/1372/949 1069/1373/950 1070/1374/494
f 1071/1375/951 1072/1376/952 1073/1377/953 1074/1378/954
f 1075/1379/955 1076/1380/956 1077/1381/957 1078/1382/958
f 1068/1372/949 1079/1383/959 1080/1384/960 1069/1373/950
f 1081/1385/253 1067/1371/948 1070/1374/494 1082/1386/491
f 1072/1376/952 1083/1387/60 1084/1388/961 1073/1377/953
f 1076/1380/956 1071/1375/951 1074/1378/954 1077/1381/957
f 1079/1383/959 1075/1379/955 1078/1382/958 1080/1384/960
f 1070/1374/494 1069/1373/950 1082/1386/491
f 1077/1381/957 1084/1388/961 1080/1384/960
f 1084/1388/961 1069/1373/950 1080/1384/960
f 1078/1382/958 1077/1381/957 1080/1384/960
f 1059/1363/940 1083/1389/83 1072/1390/83 1060/1364/941
f 1084/1388/961 1077/1381/957 1074/1378/954
f 1084/1388/961 1074/1378/954 1073/1377/953
f 1069/1373/950 1084/1388/961 1082/1386/491
f 1060/1364/941 1072/1390/83 1071/1391/83 1061/1365/942
f 1061/1365/942 1071/1391/83 1076/1392/83 1062/1366/943
f 1062/1366/943 1076/1392/83 1075/1393/83 1065/1369/946
f 1075/1393/83 1079/1394/83 1065/1369/946
f 1079/1394/83 1068/1395/83 1065/1369/946
f 1065/1369/946 1068/1395/83 1067/1396/83 1063/1367/944
f 1067/1396/83 1081/1397/962 1063/1367/944
f 1063/1367/944 1081/1397/962 1066/1370/947 1064/1368/945
f 953/1242/844 952/1260/861 959/1243/845
f 1085/1398/963 1086/1399/964 1087/1400/965 1088/1401/966
f 935/1215/829 1089/1402/967 1090/1403/968
f 1091/1404/969 1090/1403/968 1089/1402/967 1092/1405/970
f 1089/1402/967 1093/1406/624 1094/1407/971 1092/1405/970
f 942/1222/835 935/1215/829 1086/1399/964 1085/1398/963
f 1086/1399/964 1095/1408/972 1087/1400/965
f 1096/1409/973 1095/1408/972 1090/1403/968 1091/1404/969
f 935/1215/829 945/1225/5 1089/1402/967
f 1088/1401/966 1087/1400/965 1095/1408/972 1096/1409/973
f 935/1215/829 1090/1403/968 1086/1399/964
f 1093/1406/624 945/1225/5 946/1410/505 1094/1407/971
f 1086/1399/964 1090/1403/968 1095/1408/972
f 1089/1402/967 945/1225/5 1093/1406/624
f 946/1410/505 948/1411/83 1097/1412/83 1094/1407/971
f 1098/1413/83 1092/1405/970 1094/1407/971 1097/1412/83
f 1085/1398/963 1099/1414/83 950/1230/83 942/1222/835
f 1096/1409/973 1100/1415/83 1101/1416/83 1088/1401/966
f 1088/1401/966 1101/1416/83 1099/1414/83 1085/1398/963
f 1091/1404/969 1102/1417/83 1100/1415/83 1096/1409/973
f 1091/1404/969 1092/1405/970 1098/1413/83 1102/1417/83
f 1103/1418/974 1104/1419/975 1105/1420/976
f 1097/1421/539 1104/1419/975 1103/1418/974
f 1097/1421/539 1103/1418/974 1106/1422/977 1098/1423/978
f 1102/1424/979 1107/1425/980 1108/1426/981 1100/1427/982
f 1098/1423/978 1106/1422/977 1107/1425/980 1102/1424/979
f 1106/1422/977 1103/1418/974 1109/1428/983
f 1107/1425/980 1110/1429/984 1108/1426/981
f 1107/1425/980 1106/1422/977 1111/1430/985 1110/1429/984
f 1109/1428/983 1111/1430/985 1106/1422/977
f 1112/1431/986 1113/1432/987 1114/1433/988 1115/1434/989
f 1110/1429/984 1116/1435/990 1117/1436/991 1108/1426/981
f 1109/1428/983 1118/1437/992 1119/1438/993 1111/1430/985
f 1099/1439/994 1120/1440/995 972/1258/859 950/1257/253
f 1108/1426/981 1117/1436/991 1121/1441/996 1101/1442/997
f 1111/1430/985 1119/1438/993 1116/1435/990 1110/1429/984
f 975/1443/863 976/1444/864 1113/1432/987 1112/1431/986
f 1101/1442/997 1121/1441/996 1120/1440/995 1099/1439/994
f 1097/1421/539 948/1445/60 977/1446/865 1104/1419/975
f 977/1446/865 979/1447/867 1122/1448/998 1104/1419/975
f 1104/1419/975 1122/1448/998 1123/1449/999 1105/1420/976
f 1105/1420/976 1123/1449/999 1124/1450/1000 1125/1451/1001
f 1126/1452/1002 1127/1453/1003 1128/1454/1004 1129/1455/1005
f 1127/1453/1003 1130/1456/1006 1131/1457/1007 1128/1454/1004
f 1127/1453/1003 990/1458/878 989/1459/877 1130/1456/1006
f 1126/1452/1002 991/1460/879 990/1458/878 1127/1453/1003
f 1131/1457/1007 1132/1461/1008 1133/1462/1009 1128/1454/1004
f 1134/1463/1010 1129/1455/1005 1128/1454/1004 1133/1462/1009
f 1135/1464/1011 1136/1465/1012 1137/1466/1013 1138/1467/1014
f 999/1468/887 1002/1469/890 1139/1470/1015 1140/1471/1016
f 1140/1471/1016 1139/1470/1015 1136/1465/1012 1135/1464/1011
f 1136/1465/1012 1141/1472/1017 1142/1473/1018 1137/1466/1013
f 1002/1469/890 1006/1474/894 1143/1475/1019 1139/1470/1015
f 1139/1470/1015 1143/1475/1019 1141/1472/1017 1136/1465/1012
f 1141/1472/1017 1144/1476/1020 1145/1477/1021 1142/1473/1018
f 1006/1474/894 1010/1478/898 1146/1479/1022 1143/1475/1019
f 1143/1475/1019 1146/1479/1022 1144/1476/1020 1141/1472/1017
f 1147/1480/1023 1148/1481/1024 1149/1482/1025 1150/1483/1026
f 1015/1484/903 1018/1485/1027 1151/1486/1028 1152/1487/1029
f 1152/1487/1029 1151/1486/1028 1148/1481/1024 1147/1480/1023
f 1146/1479/1022 1152/1487/1029 1147/1480/1023 1144/1476/1020
f 1010/1478/898 1015/1484/903 1152/1487/1029 1146/1479/1022
f 1144/1476/1020 1147/1480/1023 1150/1483/1026 1145/1477/1021
f 1148/1481/1024 1153/1488/1030 1154/1489/1031 1149/1482/1025
f 1155/1490/909 1156/1491/910 1023/1311/910 1022/1310/909
f 1157/1492/911 1028/1316/911 1027/1315/912 1158/1493/912
f 1159/1494/913 1032/1320/913 1031/1319/914 1160/1495/914
f 1157/1492/911 1155/1490/909 1022/1310/909 1028/1316/911
f 1161/1496/915 1034/1322/915 1023/1311/910 1156/1491/910
f 1161/1496/915 1162/1497/916 1035/1323/916 1034/1322/915
f 1159/1494/913 1158/1493/912 1027/1315/912 1032/1320/913
f 1160/1495/914 1031/1319/914 1035/1323/916 1162/1497/916
f 1018/1485/1027 1038/1498/1032 1163/1499/1033 1151/1486/1028
f 1163/1499/1033 1164/1500/1034 1151/1486/1028
f 1148/1481/1024 1151/1486/1028 1164/1500/1034 1165/1501/1035
f 1041/1329/921 1163/1502/83 1038/1330/83
f 1041/1329/921 1164/1503/83 1163/1502/83
f 1041/1329/921 1165/1504/922 1164/1503/83
f 1041/1329/921 1043/1335/924 1166/1505/923 1165/1504/922
f 1044/1336/11 1047/1339/11 1167/1506/11 1168/1507/11
f 1043/1335/924 1044/1336/11 1168/1507/11 1166/1505/923
f 1125/1451/1001 1155/1508/254 1157/1509/254 1169/1510/1036
f 1124/1450/1000 1156/1511/254 1155/1508/254 1125/1451/1001
f 979/1447/867 991/1460/879 1126/1452/1002 1122/1448/998
f 1122/1448/998 1126/1452/1002 1129/1455/1005 1123/1449/999
f 1123/1449/999 1129/1455/1005 1134/1463/1010 1124/1450/1000
f 989/1459/877 999/1468/887 1140/1471/1016 1130/1456/1006
f 1130/1456/1006 1140/1471/1016 1135/1464/1011 1131/1457/1007
f 1131/1457/1007 1135/1464/1011 1138/1467/1014 1132/1461/1008
f 1161/1512/254 1156/1511/254 1124/1450/1000 1134/1463/1010
f 1134/1463/1010 1133/1462/1009 1161/1512/254
f 1132/1461/1008 1161/1512/254 1133/1462/1009
f 1138/1467/1014 1161/1512/254 1132/1461/1008
f 1138/1467/1014 1137/1466/1013 1142/1473/1018 1161/1512/254
f 1145/1477/1021 1162/1513/254 1161/1512/254 1142/1473/1018
f 1150/1483/1026 1162/1513/254 1145/1477/1021
f 1150/1483/1026 1149/1482/1025 1160/1514/254 1162/1513/254
f 1154/1489/1031 1160/1514/254 1149/1482/1025
f 1125/1451/1001 1169/1510/1036 1105/1420/976
f 1116/1435/990 1170/1515/1037 1171/1516/1038 1117/1436/991
f 1153/1488/1030 1172/1517/1039 1173/1518/1040 1154/1489/1031
f 1117/1436/991 1171/1516/1038 1174/1519/1041 1121/1441/996
f 1121/1441/996 1174/1519/1041 1175/1520/1042 1120/1440/995
f 1105/1420/976 1169/1510/1036 1118/1437/992 1109/1428/983 1103/1418/974
f 1119/1438/993 1176/1521/1043 1170/1515/1037 1116/1435/990
f 1120/1440/995 1175/1520/1042 1056/1354/933 972/1258/859
f 1153/1488/1030 1148/1481/1024 1165/1501/1035 1166/1522/1044
f 1167/1523/1045 1112/1431/986 1115/1434/989 1168/1524/1046
f 1047/1525/937 975/1443/863 1112/1431/986 1167/1523/1045
f 1168/1524/1046 1115/1434/989 1153/1488/1030 1166/1522/1044
f 1114/1433/988 1177/1526/1047 1153/1488/1030 1115/1434/989
f 1119/1438/993 1118/1437/992 1176/1521/1043
f 1176/1521/1043 1118/1437/992 1169/1510/1036 1178/1527/1048
f 1172/1517/1039 1176/1521/1043 1178/1527/1048 1173/1518/1040
f 1157/1509/254 1158/1528/254 1178/1527/1048 1169/1510/1036
f 1159/1529/254 1160/1514/254 1154/1489/1031 1173/1518/1040
f 1158/1528/254 1159/1529/254 1173/1518/1040 1178/1527/1048
f 1175/1520/1042 1179/1530/1049 1059/1363/940 1056/1354/933
f 1171/1516/1038 1180/1531/1050 1181/1532/1051 1174/1519/1041
f 1172/1517/1039 1182/1533/1052 1183/1534/1053 1176/1521/1043
f 1176/1521/1043 1183/1534/1053 1184/1535/1054 1170/1515/1037
f 1174/1519/1041 1181/1532/1051 1179/1530/1049 1175/1520/1042
f 1170/1515/1037 1184/1535/1054 1180/1531/1050 1171/1516/1038
f 1172/1517/1039 1153/1488/1030 1177/1526/1047 1182/1533/1052
f 1113/1432/987 976/1444/864 1114/1433/988
f 976/1444/864 1177/1526/1047 1114/1433/988
f 1066/1536/947 1177/1526/1047 976/1444/864
f 1066/1536/947 1182/1533/1052 1177/1526/1047
f 1185/1537/1055 1186/1538/506 1187/1539/1056 1188/1540/1057
f 1189/1541/1058 1190/1542/1059 1191/1543/1060 1192/1544/1061
f 1193/1545/1062 1194/1546/1063 1195/1547/1064 1196/1548/1065
f 1188/1540/1057 1187/1539/1056 1197/1549/1066 1198/1550/1067
f 1081/1385/253 1082/1386/491 1186/1538/506 1185/1537/1055
f 1192/1544/1061 1191/1543/1060 1084/1388/961 1083/1387/60
f 1196/1548/1065 1195/1547/1064 1190/1542/1059 1189/1541/1058
f 1198/1550/1067 1197/1549/1066 1194/1546/1063 1193/1545/1062
f 1186/1538/506 1082/1386/491 1187/1539/1056
f 1195/1547/1064 1197/1549/1066 1084/1388/961
f 1084/1388/961 1197/1549/1066 1187/1539/1056
f 1194/1546/1063 1197/1549/1066 1195/1547/1064
f 1059/1363/940 1179/1530/1049 1192/1551/83 1083/1552/83
f 1084/1388/961 1190/1542/1059 1195/1547/1064
f 1084/1388/961 1191/1543/1060 1190/1542/1059
f 1187/1539/1056 1082/1386/491 1084/1388/961
f 1179/1530/1049 1181/1532/1051 1189/1553/83 1192/1551/83
f 1181/1532/1051 1180/1531/1050 1196/1554/83 1189/1553/83
f 1180/1531/1050 1184/1535/1054 1193/1555/83 1196/1554/83
f 1193/1555/83 1184/1535/1054 1198/1556/83
f 1198/1556/83 1184/1535/1054 1188/1557/83
f 1184/1535/1054 1183/1534/1053 1185/1558/83 1188/1557/83
f 1185/1558/83 1183/1534/1053 1081/1559/962
f 1183/1534/1053 1182/1533/1052 1066/1536/947 1081/1559/962
f 1100/1427/982 1108/1426/981 1101/1442/997
f 1199/1560/1068 1200/1561/1068 1201/1562/253 1202/1563/253
f 1202/1564/1069 1201/1565/1070 1203/1566/1071 1204/1567/1072
f 1205/1568/1073 1206/1569/83 1207/1570/1074 1208/1571/1075
f 1209/1572/1068 1210/1573/1068 1206/1574/253 1205/1575/253
f 1200/1561/1068 1209/1572/1068 1205/1575/253 1201/1562/253
f 1201/1565/1070 1205/1568/1073 1208/1571/1075 1203/1566/1071
f 1204/1567/1072 1203/1566/1071 1211/1576/1076 1212/1577/1077
f 1203/1566/1071 1208/1571/1075 1213/1578/1078 1211/1576/1076
f 1208/1571/1075 1207/1570/1074 1214/1579/1079 1213/1578/1078
f 1210/1573/1068 1209/1572/1068 1215/1580/1080 1216/1581/1080
f 1211/1576/1076 1217/1582/1081 1218/1583/1082 1212/1577/1077
f 1213/1578/1078 1219/1584/1083 1217/1582/1081 1211/1576/1076
f 1209/1572/1068 1200/1561/1068 1220/1585/1080 1215/1580/1080
f 1200/1561/1068 1199/1560/1068 1221/1586/1080 1220/1585/1080
f 1220/1585/1080 1221/1586/1080 1222/1587/1084 1223/1588/1084
f 1214/1579/1079 1224/1589/1085 1219/1584/1083 1213/1578/1078
f 1215/1580/1080 1220/1585/1080 1223/1588/1084 1225/1590/1084
f 1216/1581/1080 1215/1580/1080 1225/1590/1084 1226/1591/1084
f 1223/1588/1084 1222/1587/1084 1227/1592/1086 1228/1593/1086
f 1225/1590/1084 1223/1588/1084 1228/1593/1086 1229/1594/1086
f 1226/1591/1084 1225/1590/1084 1229/1594/1086 1230/1595/1086
f 1228/1593/1086 1227/1592/1086 1231/1596/11 1232/1597/11
f 1229/1594/1086 1228/1593/1086 1232/1597/11 1233/1598/11
f 1230/1595/1086 1229/1594/1086 1233/1598/11 1234/1599/11
f 1232/1600/60 1231/1601/486 1235/1602/1087 1236/1603/1088
f 1233/1604/60 1232/1600/60 1236/1603/1088 1237/1605/1089
f 1234/1606/60 1233/1604/60 1237/1605/1089 1238/1607/1090
f 1236/1603/1088 1235/1602/1087 1239/1608/1091 1240/1609/1092
f 1237/1605/1089 1236/1603/1088 1240/1609/1092 1241/1610/1093
f 1238/1607/1090 1237/1605/1089 1241/1610/1093 1242/1611/1094
f 1240/1609/1092 1239/1608/1091 1243/1612/1095 1244/1613/1096
f 1241/1610/1093 1240/1609/1092 1244/1613/1096 1245/1614/1097
f 1242/1611/1094 1241/1610/1093 1245/1614/1097 1246/1615/1098
f 1244/1613/1096 1243/1612/1095 1247/1616/1099 1248/1617/1100
f 1245/1614/1097 1244/1613/1096 1248/1617/1100 1249/1618/1101
f 1246/1615/1098 1245/1614/1097 1249/1618/1101 1250/1619/1102
f 1248/1617/1100 1247/1616/1099 1251/1620/1103 1252/1621/1104
f 1249/1618/1101 1248/1617/1100 1252/1621/1104 1253/1622/1105
f 1250/1619/1102 1249/1618/1101 1253/1622/1105 1254/1623/1106
f 1239/1608/1091 1251/1620/1103 1247/1616/1099 1243/1612/1095
f 1252/1621/1104 1251/1620/1103 1255/1624/1107 1256/1625/1108
f 1253/1622/1105 1252/1621/1104 1256/1625/1108 1257/1626/1109
f 1254/1623/1106 1253/1622/1105 1257/1626/1109 1258/1627/1110
f 1256/1625/1108 1255/1624/1107 1259/1628/1111 1260/1629/1112
f 1257/1626/1109 1256/1625/1108 1260/1629/1112 1261/1630/1113
f 1258/1627/1110 1257/1626/1109 1261/1630/1113 1262/1631/1114
f 1260/1629/1112 1259/1628/1111 1263/1632/1115 1264/1633/1116
f 1261/1630/1113 1260/1629/1112 1264/1633/1116 1265/1634/1117
f 1262/1631/1114 1261/1630/1113 1265/1634/1117 1266/1635/1118
f 1219/1636/1119 1224/1637/1120 1266/1638/1120 1265/1639/1121
f 1217/1640/1122 1219/1636/1119 1265/1639/1121 1264/1641/1123
f 1218/1642/1124 1217/1640/1122 1264/1641/1123 1263/1643/1124
f 1204/1567/1072 1221/1644/72 1199/1645/72 1202/1564/1069
f 1212/1577/1077 1222/1646/72 1221/1644/72 1204/1567/1072
f 1222/1646/72 1212/1577/1077 1231/1601/486 1227/1647/72
f 1259/1628/1111 1255/1624/1107 1218/1583/1082 1263/1632/1115
f 1255/1624/1107 1251/1620/1103 1218/1583/1082
f 1218/1583/1082 1251/1620/1103 1239/1608/1091 1212/1577/1077
f 1235/1602/1087 1212/1577/1077 1239/1608/1091
f 1235/1602/1087 1231/1601/486 1212/1577/1077
f 1267/1648/1068 1268/1649/253 1269/1650/253 1270/1651/1068
f 1268/1652/1125 1271/1653/1126 1272/1654/1127 1269/1655/1128
f 1273/1656/1129 1274/1657/1130 1207/1570/1074 1206/1569/83
f 1275/1658/1068 1273/1659/253 1206/1574/253 1210/1573/1068
f 1270/1651/1068 1269/1650/253 1273/1659/253 1275/1658/1068
f 1269/1655/1128 1272/1654/1127 1274/1657/1130 1273/1656/1129
f 1271/1653/1126 1276/1660/1131 1277/1661/1132 1272/1654/1127
f 1272/1654/1127 1277/1661/1132 1278/1662/1133 1274/1657/1130
f 1274/1657/1130 1278/1662/1133 1214/1579/1079 1207/1570/1074
f 1210/1573/1068 1216/1581/1080 1279/1663/1080 1275/1658/1068
f 1277/1661/1132 1276/1660/1131 1280/1664/1134 1281/1665/1135
f 1278/1662/1133 1277/1661/1132 1281/1665/1135 1282/1666/1136
f 1275/1658/1068 1279/1663/1080 1283/1667/1080 1270/1651/1068
f 1270/1651/1068 1283/1667/1080 1284/1668/1080 1267/1648/1068
f 1283/1667/1080 1285/1669/1084 1286/1670/1084 1284/1668/1080
f 1214/1579/1079 1278/1662/1133 1282/1666/1136 1224/1589/1085
f 1279/1663/1080 1287/1671/1084 1285/1669/1084 1283/1667/1080
f 1216/1581/1080 1226/1591/1084 1287/1671/1084 1279/1663/1080
f 1285/1669/1084 1288/1672/1086 1289/1673/1086 1286/1670/1084
f 1287/1671/1084 1290/1674/1086 1288/1672/1086 1285/1669/1084
f 1226/1591/1084 1230/1595/1086 1290/1674/1086 1287/1671/1084
f 1288/1672/1086 1291/1675/11 1292/1676/11 1289/1673/1086
f 1290/1674/1086 1293/1677/11 1291/1675/11 1288/1672/1086
f 1230/1595/1086 1234/1599/11 1293/1677/11 1290/1674/1086
f 1291/1678/60 1294/1679/1137 1295/1680/1138 1292/1681/539
f 1293/1682/60 1296/1683/1139 1294/1679/1137 1291/1678/60
f 1234/1684/60 1238/1685/1140 1296/1683/1139 1293/1682/60
f 1294/1679/1137 1297/1686/1141 1298/1687/1142 1295/1680/1138
f 1296/1683/1139 1299/1688/1143 1297/1686/1141 1294/1679/1137
f 1238/1685/1140 1242/1689/1144 1299/1688/1143 1296/1683/1139
f 1297/1686/1141 1300/1690/1145 1301/1691/1146 1298/1687/1142
f 1299/1688/1143 1302/1692/1147 1300/1690/1145 1297/1686/1141
f 1242/1689/1144 1246/1693/1148 1302/1692/1147 1299/1688/1143
f 1300/1690/1145 1303/1694/1149 1304/1695/1150 1301/1691/1146
f 1302/1692/1147 1305/1696/1151 1303/1694/1149 1300/1690/1145
f 1246/1693/1148 1250/1697/1152 1305/1696/1151 1302/1692/1147
f 1303/1694/1149 1306/1698/1153 1307/1699/1154 1304/1695/1150
f 1305/1696/1151 1308/1700/1155 1306/1698/1153 1303/1694/1149
f 1250/1697/1152 1254/1701/1156 1308/1700/1155 1305/1696/1151
f 1298/1687/1142 1301/1691/1146 1304/1695/1150 1307/1699/1154
f 1306/1698/1153 1309/1702/1157 1310/1703/1158 1307/1699/1154
f 1308/1700/1155 1311/1704/1159 1309/1702/1157 1306/1698/1153
f 1254/1701/1156 1258/1705/1160 1311/1704/1159 1308/1700/1155
f 1309/1702/1157 1312/1706/1161 1313/1707/1162 1310/1703/1158
f 1311/1704/1159 1314/1708/1163 1312/1706/1161 1309/1702/1157
f 1258/1705/1160 1262/1709/1164 1314/1708/1163 1311/1704/1159
f 1312/1706/1161 1315/1710/1165 1316/1711/1166 1313/1707/1162
f 1314/1708/1163 1317/1712/1167 1315/1710/1165 1312/1706/1161
f 1262/1709/1164 1266/1713/1168 1317/1712/1167 1314/1708/1163
f 1282/1714/1169 1317/1715/1170 1266/1638/1120 1224/1637/1120
f 1281/1716/1171 1315/1717/1172 1317/1715/1170 1282/1714/1169
f 1280/1718/1173 1316/1719/1173 1315/1717/1172 1281/1716/1171
f 1271/1653/1126 1268/1652/1125 1267/1720/254 1284/1721/254
f 1276/1660/1131 1271/1653/1126 1284/1721/254 1286/1722/254
f 1286/1722/254 1289/1723/254 1292/1681/539 1276/1660/1131
f 1313/1707/1162 1316/1711/1166 1280/1664/1134 1310/1703/1158
f 1310/1703/1158 1280/1664/1134 1307/1699/1154
f 1280/1664/1134 1276/1660/1131 1298/1687/1142 1307/1699/1154
f 1295/1680/1138 1298/1687/1142 1276/1660/1131
f 1295/1680/1138 1276/1660/1131 1292/1681/539
f 1318/1724/1174 1319/1725/1175 1320/1726/1176
f 1321/1727/1177 1322/1728/1178 1323/1729/1179
f 1324/1730/1180 1325/1731/1181 1326/1732/1182 1327/1733/1183
f 1328/1734/83 1329/1735/1184 1330/1736/482
f 1331/1737/253 1329/1738/1185 1324/1730/1180 1332/1739/755
f 1333/1740/1186 1334/1741/1187 1335/1742/1188 1336/1743/1189
f 1337/1744/1190 1338/1745/1191 1339/1746/1192 1340/1747/1193
f 1341/1748/1194 1342/1749/1195 1343/1750/1196 1344/1751/1197
f 1345/1752/1198 1318/1724/1174 1346/1753/1199 1347/1754/1200
f 1348/1755/1201 1349/1756/1202 1350/1757/1203 1351/1758/1204
f 1352/1759/1205 1353/1760/1206 1354/1761/1207 1355/1762/1208
f 1356/1763/1209 1357/1764/1210 1358/1765/1211 1359/1766/1212
f 1360/1767/1213 1361/1768/1214 1362/1769/1215 1363/1770/1216
f 1364/1771/1217 1365/1772/1218 1366/1773/1219 1367/1774/1220
f 1329/1738/1185 1331/1737/253 1368/1775/253 1369/1776/253
f 1360/1767/1213 1370/1777/1221 1371/1778/1222 1361/1768/1214
f 1372/1779/1223 1373/1780/1224 1374/1781/1225 1375/1782/1226
f 1376/1783/1227 1377/1784/1228 1378/1785/1229 1379/1786/1230
f 1380/1787/1231 1381/1788/1232 1382/1789/1233 1383/1790/1234
f 1384/1791/1235 1385/1792/1236 1386/1793/1237 1387/1794/1238
f 1388/1795/1239 1389/1796/1240 1390/1797/1241 1391/1798/1242
f 1392/1799/1243 1393/1800/1244 1394/1801/1245 1395/1802/1246
f 1376/1783/1227 1379/1786/1230 1396/1803/1247 1397/1804/1248
f 1384/1791/1235 1387/1794/1238 1398/1805/1249 1399/1806/1250
f 1400/1807/1251 1401/1808/1252 1402/1809/1253 1403/1810/1254
f 1392/1799/1243 1395/1802/1246 1404/1811/1255 1405/1812/1256
f 1406/1813/1257 1407/1814/1258 1408/1815/1259 1409/1816/1260
f 1349/1756/1202 1348/1755/1201 1410/1817/1261 1411/1818/1262
f 1412/1819/1263 1413/1820/1264 1414/1821/1265 1415/1822/1266
f 1416/1823/1267 1417/1824/1268 1418/1825/1269 1419/1826/1270
f 1420/1827/1271 1421/1828/1272 1422/1829/1273 1423/1830/1274
f 1424/1831/1275 1425/1832/1276 1411/1818/1262 1410/1817/1261
f 1426/1833/500 1319/1725/1175 1427/1834/1277
f 1428/1835/1278 1429/1836/1279 1430/1837/1280 1431/1838/1281
f 1432/1839/1282 1433/1840/1283 1434/1841/1284 1435/1842/1285
f 1436/1843/1286 1437/1844/1287 1438/1845/1288 1439/1846/1289
f 1440/1847/1290 1441/1848/1291 1442/1849/500 1443/1850/1292
f 1439/1846/1289 1438/1845/1288 1335/1851/1293 1444/1852/1294
f 1444/1852/1294 1335/1851/1293 1445/1853/1295 1446/1854/1296
f 1373/1780/1224 1372/1779/1223 1427/1834/1277
f 1418/1825/1269 1417/1824/1268 1447/1855/1297 1448/1856/1298
f 1449/1857/1299 1450/1858/1300 1441/1848/1291 1451/1859/1301
f 1427/1834/1277 1319/1725/1175 1452/1860/1302 1453/1861/1303
f 1422/1829/1273 1366/1773/1219 1365/1772/1218 1454/1862/1304
f 1413/1820/1264 1342/1749/1195 1341/1748/1194 1414/1821/1265
f 1354/1761/1207 1380/1787/1231 1455/1863/1305 1456/1864/1306
f 1457/1865/1307 1458/1866/1308 1459/1867/1309 1460/1868/1310
f 1391/1798/1242 1390/1797/1241 1461/1869/1311 1462/1870/1312
f 1343/1750/1196 1342/1749/1195 1463/1871/1313 1464/1872/1314
f 1393/1800/1244 1429/1836/1279 1428/1835/1278 1394/1801/1245
f 1377/1784/1228 1417/1824/1268 1416/1823/1267 1378/1785/1229
f 1465/1873/1315 1466/1874/1316 1433/1840/1283 1432/1839/1282
f 1394/1801/1245 1428/1835/1278 1467/1875/1317 1468/1876/1318
f 1353/1760/1206 1381/1788/1232 1380/1787/1231 1354/1761/1207
f 1358/1765/1211 1357/1764/1210 1469/1877/1319 1470/1878/1320
f 1451/1859/1301 1471/1879/1292 1449/1857/1299
f 1427/1834/1277 1449/1857/1299 1471/1879/1292 1426/1833/500
f 1441/1848/1291 1450/1858/1300 1442/1849/500
f 1450/1858/1300 1472/1880/1321 1443/1850/1292 1442/1849/500
f 1440/1847/1290 1443/1850/1292 1472/1880/1321
f 1382/1789/1233 1473/1881/1322 1474/1882/1323 1383/1790/1234
f 1418/1825/1269 1475/1883/1324 1476/1884/1325 1419/1826/1270
f 1430/1837/1280 1477/1885/1326 1478/1886/1327 1431/1838/1281
f 1414/1821/1265 1341/1748/1194 1479/1887/1328 1480/1888/1329
f 1428/1835/1278 1431/1838/1281 1481/1889/1330 1467/1875/1317
f 1343/1750/1196 1482/1890/1331 1483/1891/1332 1344/1751/1197
f 1359/1766/1212 1358/1765/1211 1484/1892/1333 1485/1893/1334
f 1324/1730/1180 1329/1738/1185 1328/1894/948 1325/1731/1181
f 1486/1895/1335 1334/1896/1336 1487/1897/1337 1488/1898/1338
f 1407/1814/1258 1489/1899/1339 1490/1900/1340 1408/1815/1259
f 1406/1813/1257 1409/1816/1260 1491/1901/1341 1492/1902/1342
f 1493/1903/1343 1494/1904/1344 1495/1905/1345 1454/1862/1304
f 1385/1792/1236 1496/1906/1346 1497/1907/1347 1386/1793/1237
f 1370/1777/1221 1498/1908/1348 1499/1909/1349 1371/1778/1222
f 1412/1819/1263 1415/1822/1266 1500/1910/1350 1501/1911/1351
f 1318/1724/1174 1320/1726/1176 1502/1912/1352 1346/1753/1199
f 1462/1870/1312 1461/1869/1311 1503/1913/1353 1504/1914/1354
f 1505/1915/1355 1506/1916/1356 1507/1917/1357 1508/1918/1358
f 1380/1787/1231 1383/1790/1234 1509/1919/1359 1455/1863/1305
f 1452/1860/1302 1345/1752/1198 1510/1920/1360 1511/1921/1361
f 1417/1824/1268 1377/1784/1228 1512/1922/1362 1447/1855/1297
f 1344/1751/1197 1483/1891/1332 1513/1923/1363 1514/1924/1364
f 1408/1815/1259 1490/1900/1340 1515/1925/1365 1516/1926/1366
f 1386/1793/1237 1497/1907/1347 1517/1927/1367 1518/1928/1368
f 1346/1753/1199 1502/1912/1352 1519/1929/1369 1520/1930/1370
f 1502/1912/1352 1320/1726/1176 1521/1931/1371 1519/1929/1369
f 1338/1745/1191 1337/1744/1190 1522/1932/1372 1523/1933/1373
f 1409/1816/1260 1408/1815/1259 1516/1926/1366 1491/1901/1341
f 1499/1909/1349 1498/1908/1348 1524/1934/1374 1525/1935/1375
f 1385/1792/1236 1384/1791/1235 1399/1806/1250 1526/1936/1376
f 1497/1907/1347 1496/1906/1346 1527/1937/1377 1517/1927/1367
f 1407/1814/1258 1406/1813/1257 1492/1902/1342 1528/1938/1378
f 1320/1726/1176 1352/1759/1205 1529/1939/1379 1521/1931/1371
f 1349/1756/1202 1506/1916/1356 1505/1915/1355 1350/1757/1203
f 1373/1780/1224 1494/1904/1344 1493/1903/1343 1374/1781/1225
f 1425/1832/1276 1424/1831/1275 1435/1842/1285 1434/1841/1284
f 1389/1796/1240 1421/1828/1272 1420/1827/1271 1390/1797/1241
f 1458/1866/1308 1401/1808/1252 1400/1807/1251 1459/1867/1309
f 1530/1940/1380 1425/1832/1276 1434/1841/1284 1531/1941/1381
f 1389/1796/1240 1388/1795/1239 1367/1774/1220 1366/1773/1219
f 1433/1840/1283 1532/1942/1382 1531/1941/1381 1434/1841/1284
f 1403/1810/1254 1533/1943/1383 1459/1867/1309 1400/1807/1251
f 1351/1944/1384 1350/1945/1385 1321/1727/1177 1534/1946/1386
f 1319/1725/1175 1426/1833/500 1471/1879/1292 1451/1859/1301
f 1452/1860/1302 1511/1921/1361 1535/1947/1387 1453/1861/1303
f 1536/1948/1388 1520/1930/1370 1537/1949/1389 1363/1770/1216
f 1538/1950/1390 1456/1864/1306 1512/1922/1362 1397/1804/1248
f 1398/1805/1249 1518/1928/1368 1528/1938/1378 1492/1902/1342
f 1404/1811/1255 1468/1876/1318 1539/1951/1391 1501/1911/1351
f 1396/1803/1247 1540/1952/1392 1541/1953/1393 1405/1812/1256
f 1362/1769/1215 1542/1954/1394 1526/1936/1376 1399/1806/1250
f 1491/1901/1341 1516/1926/1366 1523/1933/1373 1522/1932/1372
f 1500/1910/1350 1480/1888/1329 1543/1955/1395 1544/1956/1396
f 1516/1926/1366 1515/1925/1365 1545/1957/1397 1523/1933/1373
f 1542/1954/1394 1525/1935/1375 1527/1937/1377 1526/1936/1376
f 1518/1928/1368 1517/1927/1367 1546/1958/1398 1528/1938/1378
f 1520/1930/1370 1519/1929/1369 1524/1934/1374 1537/1949/1389
f 1515/1925/1365 1500/1910/1350 1544/1956/1396 1545/1957/1397
f 1546/1958/1398 1501/1911/1351 1500/1910/1350 1515/1925/1365
f 1525/1935/1375 1396/1803/1247 1405/1812/1256 1527/1937/1377
f 1517/1927/1367 1404/1811/1255 1501/1911/1351 1546/1958/1398
f 1527/1937/1377 1405/1812/1256 1404/1811/1255 1517/1927/1367
f 1524/1934/1374 1397/1804/1248 1396/1803/1247 1525/1935/1375
f 1519/1929/1369 1538/1950/1390 1397/1804/1248 1524/1934/1374
f 1521/1931/1371 1529/1939/1379 1538/1950/1390 1519/1929/1369
f 1427/1834/1277 1453/1861/1303 1373/1780/1224
f 1530/1940/1380 1491/1901/1341 1522/1932/1372 1507/1917/1357
f 1547/1959/1399 1492/1902/1342 1491/1901/1341 1530/1940/1380
f 1423/1830/1274 1362/1769/1215 1399/1806/1250 1402/1809/1253
f 1403/1810/1254 1398/1805/1249 1492/1902/1342 1547/1959/1399
f 1402/1809/1253 1399/1806/1250 1398/1805/1249 1403/1810/1254
f 1422/1829/1273 1363/1770/1216 1362/1769/1215 1423/1830/1274
f 1454/1862/1304 1536/1948/1388 1363/1770/1216 1422/1829/1273
f 1495/1905/1345 1510/1920/1360 1536/1948/1388 1454/1862/1304
f 1507/1917/1357 1522/1932/1372 1548/1960/1400 1508/1918/1358
f 1498/1908/1348 1370/1777/1221 1537/1949/1389 1524/1934/1374
f 1402/1809/1253 1503/1913/1353 1461/1869/1311 1423/1830/1274
f 1489/1899/1339 1407/1814/1258 1528/1938/1378 1546/1958/1398
f 1352/1759/1205 1355/1762/1208 1538/1950/1390 1529/1939/1379
f 1531/1941/1381 1532/1942/1382 1547/1959/1399 1530/1940/1380
f 1345/1752/1198 1347/1754/1200 1536/1948/1388 1510/1920/1360
f 1337/1744/1190 1340/1747/1193 1548/1960/1400 1522/1932/1372
f 1342/1749/1195 1413/1820/1264 1539/1951/1391 1463/1871/1313
f 1321/1727/1177 1548/1961/1401 1322/1728/1178
f 1355/1762/1208 1354/1761/1207 1456/1864/1306 1538/1950/1390
f 1496/1906/1346 1385/1792/1236 1526/1936/1376 1527/1937/1377
f 1377/1784/1228 1376/1783/1227 1397/1804/1248 1512/1922/1362
f 1379/1786/1230 1378/1785/1229 1540/1952/1392 1396/1803/1247
f 1347/1754/1200 1346/1753/1199 1520/1930/1370 1536/1948/1388
f 1371/1778/1222 1499/1909/1349 1525/1935/1375 1542/1954/1394
f 1395/1802/1246 1394/1801/1245 1468/1876/1318 1404/1811/1255
f 1370/1777/1221 1360/1767/1213 1363/1770/1216 1537/1949/1389
f 1413/1820/1264 1412/1819/1263 1501/1911/1351 1539/1951/1391
f 1490/1900/1340 1489/1899/1339 1546/1958/1398 1515/1925/1365
f 1361/1768/1214 1371/1778/1222 1542/1954/1394 1362/1769/1215
f 1393/1800/1244 1392/1799/1243 1405/1812/1256 1541/1953/1393
f 1387/1794/1238 1386/1793/1237 1518/1928/1368 1398/1805/1249
f 1415/1822/1266 1414/1821/1265 1480/1888/1329 1500/1910/1350
f 1374/1781/1225 1493/1903/1343 1454/1862/1304 1365/1772/1218
f 1547/1959/1399 1466/1874/1316 1533/1943/1383 1403/1810/1254
f 1503/1913/1353 1402/1809/1253 1401/1808/1252 1458/1866/1308
f 1460/1868/1310 1459/1867/1309 1533/1943/1383 1549/1962/1402
f 1390/1797/1241 1420/1827/1271 1423/1830/1274 1461/1869/1311
f 1507/1917/1357 1411/1818/1262 1425/1832/1276 1530/1940/1380
f 1549/1962/1402 1533/1943/1383 1466/1874/1316 1465/1873/1315
f 1427/1834/1277 1372/1779/1223 1449/1857/1299
f 1457/1865/1307 1504/1914/1354 1503/1913/1353 1458/1866/1308
f 1450/1858/1300 1449/1857/1299 1372/1779/1223 1550/1963/11
f 1508/1964/1403 1548/1961/1401 1321/1727/1177
f 1466/1874/1316 1547/1959/1399 1532/1942/1382 1433/1840/1283
f 1350/1945/1385 1505/1965/1403 1508/1964/1403 1321/1727/1177
f 1421/1828/1272 1389/1796/1240 1366/1773/1219 1422/1829/1273
f 1506/1916/1356 1349/1756/1202 1411/1818/1262 1507/1917/1357
f 1494/1904/1344 1453/1861/1303 1535/1947/1387 1495/1905/1345
f 1495/1905/1345 1535/1947/1387 1511/1921/1361 1510/1920/1360
f 1494/1904/1344 1373/1780/1224 1453/1861/1303
f 1345/1752/1198 1452/1860/1302 1319/1725/1175 1318/1724/1174
f 1548/1961/1401 1339/1966/1404 1551/1967/1405 1322/1728/1178
f 1552/1968/1406 1553/1969/1407 1554/1970/1408 1555/1971/1409
f 1556/1972/1410 1479/1887/1328 1514/1924/1364 1484/1892/1333
f 1447/1855/1297 1455/1863/1305 1509/1919/1359 1448/1856/1298
f 1463/1871/1313 1467/1875/1317 1481/1889/1330 1464/1872/1314
f 1480/1888/1329 1479/1887/1328 1556/1972/1410 1543/1955/1395
f 1540/1952/1392 1553/1969/1407 1552/1968/1406 1541/1953/1393
f 1468/1876/1318 1467/1875/1317 1463/1871/1313 1539/1951/1391
f 1456/1864/1306 1455/1863/1305 1447/1855/1297 1512/1922/1362
f 1509/1919/1359 1557/1973/1411 1558/1974/1412 1448/1856/1298
f 1481/1889/1330 1559/1975/1413 1560/1976/1414 1464/1872/1314
f 1554/1970/1408 1561/1977/1415 1562/1978/1416 1555/1971/1409
f 1514/1924/1364 1513/1923/1363 1485/1893/1334 1484/1892/1333
f 1430/1837/1280 1429/1836/1279 1552/1968/1406 1555/1971/1409
f 1383/1790/1234 1474/1882/1323 1557/1973/1411 1509/1919/1359
f 1378/1785/1229 1416/1823/1267 1553/1969/1407 1540/1952/1392
f 1475/1883/1324 1418/1825/1269 1448/1856/1298 1558/1974/1412
f 1419/1826/1270 1476/1884/1325 1561/1977/1415 1554/1970/1408
f 1431/1838/1281 1478/1886/1327 1559/1975/1413 1481/1889/1330
f 1416/1823/1267 1419/1826/1270 1554/1970/1408 1553/1969/1407
f 1482/1890/1331 1343/1750/1196 1464/1872/1314 1560/1976/1414
f 1429/1836/1279 1393/1800/1244 1541/1953/1393 1552/1968/1406
f 1470/1878/1320 1563/1979/1417 1543/1955/1395 1556/1972/1410
f 1358/1765/1211 1470/1878/1320 1556/1972/1410 1484/1892/1333
f 1477/1885/1326 1430/1837/1280 1555/1971/1409 1562/1978/1416
f 1341/1748/1194 1344/1751/1197 1514/1924/1364 1479/1887/1328
f 1564/1980/1418 1357/1981/1419 1565/1982/1420
f 1566/1983/1421 1567/1984/1422 1564/1980/1418
f 1357/1981/1419 1356/1985/1423 1568/1986/1420 1565/1982/1420
f 1564/1980/1418 1565/1982/1420 1569/1987/1424 1570/1988/1425
f 1565/1982/1420 1568/1986/1420 1571/1989/1424 1569/1987/1424
f 1564/1980/1418 1570/1988/1425 1572/1990/1426 1566/1983/1421
f 1469/1991/1427 1357/1981/1419 1564/1980/1418 1567/1984/1422
f 1340/1992/1403 1339/1966/1404 1548/1961/1401
f 1567/1993/1428 1551/1994/72 1563/1979/1417
f 1573/1995/1429 1323/1729/1179 1322/1728/1178 1551/1967/1405
f 1567/1984/1422 1566/1983/1421 1323/1729/1179 1573/1995/1429
f 1551/1994/72 1567/1993/1428 1573/1996/72
f 1574/1997/1430 1323/1729/1179 1566/1983/1421 1572/1990/1426
f 1375/1782/1226 1374/1781/1225 1365/1772/1218 1364/1771/1217
f 1534/1946/1386 1321/1727/1177 1575/1998/1431 1576/1999/1432
f 1574/1997/1430 1575/1998/1431 1321/1727/1177 1323/1729/1179
f 1563/1979/1417 1544/1956/1396 1543/1955/1395
f 1544/1956/1396 1563/1979/1417 1338/1745/1191 1545/1957/1397
f 1523/1933/1373 1545/1957/1397 1338/1745/1191
f 1339/1746/1192 1338/1745/1191 1563/1979/1417 1551/1994/72
f 1571/2000/1433 1576/2001/1433 1575/2002/1434 1569/2003/1433
f 1570/2004/1435 1569/2003/1433 1575/2002/1434
f 1572/2005/1436 1570/2004/1435 1575/2002/1434
f 1574/2006/1437 1572/2005/1436 1575/2002/1434
f 1469/1877/1319 1567/1993/1428 1563/1979/1417 1470/1878/1320
f 1450/1858/1300 1550/1963/11 1577/2007/11 1472/1880/1321
f 1577/2007/11 1578/2008/11 1579/2009/1438 1472/1880/1321
f 1577/2010/1439 1550/2011/253 1580/2012/491 1581/2013/1440
f 1581/2013/1440 1580/2012/491 1582/2014/491 1583/2015/491
f 1584/2016/1441 1578/2017/1439 1577/2010/1439 1581/2013/1440
f 1332/1739/755 1324/1730/1180 1327/1733/1183 1585/2018/755
f 1582/2014/491 1585/2018/755 1327/1733/1183 1583/2015/491
f 1446/1854/1296 1445/1853/1295 1486/1895/1335 1488/1898/1338
f 1586/2019/1442 1587/2020/1442 1588/2021/1443 1589/2022/1444
f 1589/2022/1444 1588/2021/1443 1590/2023/1445 1591/2024/1446
f 1591/2024/1446 1590/2023/1445 1326/1732/1182 1330/2025/1447
f 1330/2025/1447 1326/1732/1182 1325/1731/1181 1328/1894/948
f 1592/2026/1448 1487/1897/1337 1334/1896/1336 1593/2027/1449
f 1488/1898/1338 1487/1897/1337 1588/2028/1450 1587/2029/1451
f 1594/2030/1452 1326/2031/1453 1590/2032/1454 1592/2026/1448
f 1335/1742/1188 1334/1741/1187 1486/2033/1455 1445/2034/1455
f 1335/1742/1188 1438/2035/1456 1336/1743/1189
f 1437/2036/1457 1595/2037/1458 1336/1743/1189 1438/2035/1456
f 1596/2038/1459 1594/2030/1452 1592/2026/1448 1593/2027/1449
f 1597/2039/1460 1579/2040/253 1584/2041/1461 1598/2042/1462
f 1579/2043/253 1578/2017/1439 1584/2016/1441
f 1599/2044/1463 1584/2016/1441 1581/2013/1440 1583/2015/491
f 1600/2045/1464 1333/1740/1186 1336/1743/1189 1595/2037/1458
f 1599/2044/1463 1583/2015/491 1601/2046/1465
f 1583/2015/491 1327/1733/1183 1601/2046/1465
f 1590/2032/1454 1588/2028/1450 1487/1897/1337 1592/2026/1448
f 1586/2047/1466 1446/1854/1296 1488/1898/1338 1587/2029/1451
f 1440/1847/1290 1437/2048/1467 1436/2049/72
f 1589/2050/1468 1444/1852/1294 1446/1854/1296 1586/2047/1466
f 1591/2051/1469 1439/1846/1289 1444/1852/1294 1589/2050/1468
f 1330/2052/1470 1436/1843/1286 1439/1846/1289 1591/2051/1469
f 1598/2042/1462 1600/2045/1464 1595/2037/1458 1597/2039/1460
f 1597/2039/1460 1595/2037/1458 1437/2036/1457
f 1334/1741/1187 1333/1740/1186 1593/2053/1471
f 1596/2038/1459 1593/2053/1471 1333/1740/1186 1600/2045/1464
f 1598/2042/1462 1596/2038/1459 1600/2045/1464
f 1437/2048/1467 1440/1847/1290 1472/1880/1321 1597/2054/1472
f 1472/1880/1321 1579/2009/1438 1597/2054/1472
f 1584/2041/1461 1599/2044/1463 1601/2046/1465 1598/2042/1462
f 1598/2042/1462 1601/2046/1465 1596/2038/1459
f 1596/2038/1459 1601/2046/1465 1327/1733/1183 1594/2030/1452
f 1594/2030/1452 1327/1733/1183 1326/2031/1453
f 1436/2049/72 1441/1848/1291 1440/1847/1290
f 1329/1735/1184 1369/2055/482 1382/1789/1233 1381/1788/1232
f 1369/2055/482 1368/2056/83 1473/1881/1322 1382/1789/1233
f 1381/1788/1232 1353/1760/1206 1330/1736/482 1329/1735/1184
f 1353/1760/1206 1352/1759/1205 1330/1736/482
f 1352/1759/1205 1320/1726/1176 1436/2049/72 1330/1736/482
f 1436/2049/72 1320/1726/1176 1441/1848/1291
f 1319/1725/1175 1451/1859/1301 1441/1848/1291 1320/1726/1176
f 1602/2057/1473 1603/2058/1474 1604/2059/1475
f 1605/2060/1476 1606/2061/1477 1607/2062/1478
f 1608/2063/1479 1609/2064/1480 1610/2065/1481 1611/2066/1292
f 1612/2067/83 1613/2068/534 1614/2069/1482
f 1331/1737/253 1332/1739/755 1608/2063/1479 1614/2070/1483
f 1615/2071/1484 1616/2072/1485 1617/2073/1486 1618/2074/1487
f 1619/2075/1488 1620/2076/1489 1621/2077/1490 1622/2078/1491
f 1623/2079/1492 1624/2080/1493 1625/2081/1494 1626/2082/1495
f 1627/2083/1496 1628/2084/1497 1629/2085/1498 1602/2057/1473
f 1348/2086/1201 1351/2087/1204 1630/2088/1499 1631/2089/1500
f 1632/2090/1501 1633/2091/1502 1634/2092/1503 1635/2093/1504
f 1356/1763/1209 1359/1766/1212 1636/2094/1505 1637/2095/1506
f 1638/2096/1507 1639/2097/1508 1640/2098/1509 1641/2099/1510
f 1364/2100/1217 1367/2101/1220 1642/2102/1511 1643/2103/1512
f 1614/2070/1483 1644/2104/253 1368/1775/253 1331/1737/253
f 1638/2096/1507 1641/2099/1510 1645/2105/1513 1646/2106/1514
f 1372/2107/1223 1375/2108/1226 1647/2109/1515 1648/2110/1516
f 1649/2111/1517 1650/2112/1518 1651/2113/1519 1652/2114/1520
f 1653/2115/1521 1654/2116/1522 1655/2117/1523 1656/2118/1524
f 1657/2119/1525 1658/2120/1526 1659/2121/1527 1660/2122/1528
f 1388/2123/1239 1391/2124/1242 1661/2125/1529 1662/2126/1530
f 1663/2127/1531 1664/2128/1532 1665/2129/1533 1666/2130/1534
f 1649/2111/1517 1667/2131/1535 1668/2132/1536 1650/2112/1518
f 1657/2119/1525 1669/2133/1537 1670/2134/1538 1658/2120/1526
f 1671/2135/1539 1672/2136/1540 1673/2137/1541 1674/2138/1542
f 1663/2127/1531 1675/2139/1543 1676/2140/1544 1664/2128/1532
f 1677/2141/1545 1678/2142/1546 1679/2143/1547 1680/2144/1548
f 1631/2089/1500 1681/2145/1549 1410/2146/1261 1348/2086/1201
f 1682/2147/1550 1683/2148/1551 1684/2149/1552 1685/2150/1553
f 1686/2151/1554 1687/2152/1555 1688/2153/1556 1689/2154/1557
f 1690/2155/1558 1691/2156/1559 1692/2157/1560 1693/2158/1561
f 1424/2159/1275 1410/2146/1261 1681/2145/1549 1694/2160/1562
f 1695/2161/624 1696/2162/1563 1604/2059/1475
f 1697/2163/1564 1698/2164/1565 1699/2165/1566 1700/2166/1567
f 1432/2167/1282 1435/2168/1285 1701/2169/1568 1702/2170/1569
f 1703/2171/1570 1704/2172/1571 1705/2173/1572 1706/2174/1573
f 1707/2175/1574 1708/2176/1181 1709/2177/624 1710/2178/1575
f 1704/2172/1571 1711/2179/1576 1617/2180/1577 1705/2173/1572
f 1711/2179/1576 1712/2181/1578 1713/2182/1579 1617/2180/1577
f 1648/2110/1516 1696/2162/1563 1372/2107/1223
f 1688/2153/1556 1714/2183/1580 1715/2184/1581 1689/2154/1557
f 1716/2185/1582 1717/2186/1583 1710/2178/1575 1718/2187/1584
f 1696/2162/1563 1719/2188/1585 1720/2189/1586 1604/2059/1475
f 1692/2157/1560 1721/2190/1587 1643/2103/1512 1642/2102/1511
f 1685/2150/1553 1684/2149/1552 1623/2079/1492 1626/2082/1495
f 1634/2092/1503 1722/2191/1588 1723/2192/1589 1653/2115/1521
f 1457/2193/1307 1460/2194/1310 1724/2195/1590 1725/2196/1591
f 1391/2124/1242 1462/2197/1312 1726/2198/1592 1661/2125/1529
f 1625/2081/1494 1727/2199/1593 1728/2200/1594 1626/2082/1495
f 1666/2130/1534 1665/2129/1533 1697/2163/1564 1700/2166/1567
f 1652/2114/1520 1651/2113/1519 1686/2151/1554 1689/2154/1557
f 1465/2201/1315 1432/2167/1282 1702/2170/1569 1729/2202/1595
f 1665/2129/1533 1730/2203/1596 1731/2204/1597 1697/2163/1564
f 1635/2093/1504 1634/2092/1503 1653/2115/1521 1656/2118/1524
f 1636/2094/1505 1732/2205/1598 1733/2206/1599 1637/2095/1506
f 1717/2186/1583 1716/2185/1582 1734/2207/1181
f 1696/2162/1563 1695/2161/624 1734/2207/1181 1716/2185/1582
f 1710/2178/1575 1709/2177/624 1718/2187/1584
f 1718/2187/1584 1709/2177/624 1708/2176/1181 1735/2208/1600
f 1707/2175/1574 1735/2208/1600 1708/2176/1181
f 1655/2117/1523 1654/2116/1522 1474/1882/1323 1473/1881/1322
f 1688/2153/1556 1687/2152/1555 1476/1884/1325 1475/1883/1324
f 1699/2165/1566 1698/2164/1565 1478/1886/1327 1477/1885/1326
f 1684/2149/1552 1736/2209/1601 1737/2210/1602 1623/2079/1492
f 1697/2163/1564 1731/2204/1597 1738/2211/1603 1698/2164/1565
f 1625/2081/1494 1624/2080/1493 1483/1891/1332 1482/1890/1331
f 1359/1766/1212 1485/1893/1334 1739/2212/1604 1636/2094/1505
f 1608/2063/1479 1611/2066/1292 1612/2213/1055 1614/2070/1483
f 1740/2214/1605 1741/2215/1606 1742/2216/1607 1618/2217/1608
f 1680/2144/1548 1679/2143/1547 1743/2218/1609 1744/2219/1610
f 1677/2141/1545 1745/2220/1611 1746/2221/1612 1678/2142/1546
f 1747/2222/1613 1721/2190/1587 1748/2223/1614 1749/2224/1615
f 1660/2122/1528 1659/2121/1527 1750/2225/1616 1751/2226/1617
f 1646/2106/1514 1645/2105/1513 1752/2227/1618 1753/2228/1619
f 1682/2147/1550 1754/2229/1620 1755/2230/1621 1683/2148/1551
f 1602/2057/1473 1629/2085/1498 1756/2231/1622 1603/2058/1474
f 1462/2197/1312 1504/2232/1354 1757/2233/1623 1726/2198/1592
f 1758/2234/1624 1759/2235/1625 1760/2236/1626 1761/2237/1627
f 1653/2115/1521 1723/2192/1589 1762/2238/1628 1654/2116/1522
f 1720/2189/1586 1763/2239/1629 1764/2240/1630 1627/2083/1496
f 1689/2154/1557 1715/2184/1581 1765/2241/1631 1652/2114/1520
f 1624/2080/1493 1766/2242/1632 1513/1923/1363 1483/1891/1332
f 1679/2143/1547 1767/2243/1633 1768/2244/1634 1743/2218/1609
f 1659/2121/1527 1769/2245/1635 1770/2246/1636 1750/2225/1616
f 1629/2085/1498 1771/2247/1637 1772/2248/1638 1756/2231/1622
f 1756/2231/1622 1772/2248/1638 1773/2249/1639 1603/2058/1474
f 1622/2078/1491 1774/2250/1640 1775/2251/1641 1619/2075/1488
f 1678/2142/1546 1746/2221/1612 1767/2243/1633 1679/2143/1547
f 1752/2227/1618 1776/2252/1642 1777/2253/1643 1753/2228/1619
f 1660/2122/1528 1778/2254/1644 1669/2133/1537 1657/2119/1525
f 1750/2225/1616 1770/2246/1636 1779/2255/1645 1751/2226/1617
f 1680/2144/1548 1780/2256/1646 1745/2220/1611 1677/2141/1545
f 1603/2058/1474 1773/2249/1639 1781/2257/1647 1632/2090/1501
f 1631/2089/1500 1630/2088/1499 1758/2234/1624 1761/2237/1627
f 1648/2110/1516 1647/2109/1515 1747/2222/1613 1749/2224/1615
f 1694/2160/1562 1701/2169/1568 1435/2168/1285 1424/2159/1275
f 1662/2126/1530 1661/2125/1529 1690/2155/1558 1693/2158/1561
f 1725/2196/1591 1724/2195/1590 1671/2135/1539 1674/2138/1542
f 1782/2258/1648 1783/2259/1649 1701/2169/1568 1694/2160/1562
f 1662/2126/1530 1642/2102/1511 1367/2101/1220 1388/2123/1239
f 1702/2170/1569 1701/2169/1568 1783/2259/1649 1784/2260/1650
f 1672/2136/1540 1671/2135/1539 1724/2195/1590 1785/2261/1651
f 1351/2262/1384 1534/2263/1386 1605/2060/1476 1630/2264/1385
f 1604/2059/1475 1717/2186/1583 1734/2207/1181 1695/2161/624
f 1720/2189/1586 1719/2188/1585 1786/2265/1652 1763/2239/1629
f 1787/2266/1653 1639/2097/1508 1788/2267/1654 1771/2247/1637
f 1789/2268/1655 1667/2131/1535 1765/2241/1631 1722/2191/1588
f 1670/2134/1538 1745/2220/1611 1780/2256/1646 1769/2245/1635
f 1676/2140/1544 1754/2229/1620 1790/2269/1656 1730/2203/1596
f 1668/2132/1536 1675/2139/1543 1791/2270/1657 1792/2271/1658
f 1640/2098/1509 1669/2133/1537 1778/2254/1644 1793/2272/1659
f 1746/2221/1612 1775/2251/1641 1774/2250/1640 1767/2243/1633
f 1755/2230/1621 1794/2273/1660 1795/2274/1661 1736/2209/1601
f 1767/2243/1633 1774/2250/1640 1796/2275/1662 1768/2244/1634
f 1793/2272/1659 1778/2254/1644 1779/2255/1645 1776/2252/1642
f 1769/2245/1635 1780/2256/1646 1797/2276/1663 1770/2246/1636
f 1771/2247/1637 1788/2267/1654 1777/2253/1643 1772/2248/1638
f 1768/2244/1634 1796/2275/1662 1794/2273/1660 1755/2230/1621
f 1797/2276/1663 1768/2244/1634 1755/2230/1621 1754/2229/1620
f 1776/2252/1642 1779/2255/1645 1675/2139/1543 1668/2132/1536
f 1770/2246/1636 1797/2276/1663 1754/2229/1620 1676/2140/1544
f 1779/2255/1645 1770/2246/1636 1676/2140/1544 1675/2139/1543
f 1777/2253/1643 1776/2252/1642 1668/2132/1536 1667/2131/1535
f 1772/2248/1638 1777/2253/1643 1667/2131/1535 1789/2268/1655
f 1773/2249/1639 1772/2248/1638 1789/2268/1655 1781/2257/1647
f 1696/2162/1563 1648/2110/1516 1719/2188/1585
f 1782/2258/1648 1760/2236/1626 1775/2251/1641 1746/2221/1612
f 1798/2277/1664 1782/2258/1648 1746/2221/1612 1745/2220/1611
f 1691/2156/1559 1673/2137/1541 1669/2133/1537 1640/2098/1509
f 1672/2136/1540 1798/2277/1664 1745/2220/1611 1670/2134/1538
f 1673/2137/1541 1672/2136/1540 1670/2134/1538 1669/2133/1537
f 1692/2157/1560 1691/2156/1559 1640/2098/1509 1639/2097/1508
f 1721/2190/1587 1692/2157/1560 1639/2097/1508 1787/2266/1653
f 1748/2223/1614 1721/2190/1587 1787/2266/1653 1764/2240/1630
f 1760/2236/1626 1759/2235/1625 1799/2278/1665 1775/2251/1641
f 1753/2228/1619 1777/2253/1643 1788/2267/1654 1646/2106/1514
f 1673/2137/1541 1691/2156/1559 1726/2198/1592 1757/2233/1623
f 1744/2219/1610 1797/2276/1663 1780/2256/1646 1680/2144/1548
f 1632/2090/1501 1781/2257/1647 1789/2268/1655 1633/2091/1502
f 1783/2259/1649 1782/2258/1648 1798/2277/1664 1784/2260/1650
f 1627/2083/1496 1764/2240/1630 1787/2266/1653 1628/2084/1497
f 1619/2075/1488 1775/2251/1641 1799/2278/1665 1620/2076/1489
f 1626/2082/1495 1728/2200/1594 1790/2269/1656 1685/2150/1553
f 1605/2060/1476 1607/2062/1478 1799/2279/1666
f 1633/2091/1502 1789/2268/1655 1722/2191/1588 1634/2092/1503
f 1751/2226/1617 1779/2255/1645 1778/2254/1644 1660/2122/1528
f 1652/2114/1520 1765/2241/1631 1667/2131/1535 1649/2111/1517
f 1650/2112/1518 1668/2132/1536 1792/2271/1658 1651/2113/1519
f 1628/2084/1497 1787/2266/1653 1771/2247/1637 1629/2085/1498
f 1645/2105/1513 1793/2272/1659 1776/2252/1642 1752/2227/1618
f 1664/2128/1532 1676/2140/1544 1730/2203/1596 1665/2129/1533
f 1646/2106/1514 1788/2267/1654 1639/2097/1508 1638/2096/1507
f 1685/2150/1553 1790/2269/1656 1754/2229/1620 1682/2147/1550
f 1743/2218/1609 1768/2244/1634 1797/2276/1663 1744/2219/1610
f 1641/2099/1510 1640/2098/1509 1793/2272/1659 1645/2105/1513
f 1666/2130/1534 1791/2270/1657 1675/2139/1543 1663/2127/1531
f 1658/2120/1526 1670/2134/1538 1769/2245/1635 1659/2121/1527
f 1683/2148/1551 1755/2230/1621 1736/2209/1601 1684/2149/1552
f 1647/2109/1515 1643/2103/1512 1721/2190/1587 1747/2222/1613
f 1798/2277/1664 1672/2136/1540 1785/2261/1651 1729/2202/1595
f 1757/2233/1623 1725/2196/1591 1674/2138/1542 1673/2137/1541
f 1460/2194/1310 1549/2280/1402 1785/2261/1651 1724/2195/1590
f 1661/2125/1529 1726/2198/1592 1691/2156/1559 1690/2155/1558
f 1760/2236/1626 1782/2258/1648 1694/2160/1562 1681/2145/1549
f 1549/2280/1402 1465/2201/1315 1729/2202/1595 1785/2261/1651
f 1696/2162/1563 1716/2185/1582 1372/2107/1223
f 1457/2193/1307 1725/2196/1591 1757/2233/1623 1504/2232/1354
f 1718/2187/1584 1550/2281/11 1372/2107/1223 1716/2185/1582
f 1759/2282/1403 1605/2060/1476 1799/2279/1666
f 1729/2202/1595 1702/2170/1569 1784/2260/1650 1798/2277/1664
f 1630/2264/1385 1605/2060/1476 1759/2282/1403 1758/2283/1403
f 1693/2158/1561 1692/2157/1560 1642/2102/1511 1662/2126/1530
f 1761/2237/1627 1760/2236/1626 1681/2145/1549 1631/2089/1500
f 1749/2224/1615 1748/2223/1614 1786/2265/1652 1719/2188/1585
f 1748/2223/1614 1764/2240/1630 1763/2239/1629 1786/2265/1652
f 1749/2224/1615 1719/2188/1585 1648/2110/1516
f 1627/2083/1496 1602/2057/1473 1604/2059/1475 1720/2189/1586
f 1799/2279/1666 1607/2062/1478 1800/2284/1667 1621/2285/1668
f 1801/2286/1669 1802/2287/1670 1803/2288/1671 1804/2289/1672
f 1805/2290/1673 1739/2212/1604 1766/2242/1632 1737/2210/1602
f 1715/2184/1581 1714/2183/1580 1762/2238/1628 1723/2192/1589
f 1728/2200/1594 1727/2199/1593 1738/2211/1603 1731/2204/1597
f 1736/2209/1601 1795/2274/1661 1805/2290/1673 1737/2210/1602
f 1792/2271/1658 1791/2270/1657 1801/2286/1669 1804/2289/1672
f 1730/2203/1596 1790/2269/1656 1728/2200/1594 1731/2204/1597
f 1722/2191/1588 1765/2241/1631 1715/2184/1581 1723/2192/1589
f 1762/2238/1628 1714/2183/1580 1558/1974/1412 1557/1973/1411
f 1738/2211/1603 1727/2199/1593 1560/1976/1414 1559/1975/1413
f 1803/2288/1671 1802/2287/1670 1562/1978/1416 1561/1977/1415
f 1766/2242/1632 1739/2212/1604 1485/1893/1334 1513/1923/1363
f 1699/2165/1566 1802/2287/1670 1801/2286/1669 1700/2166/1567
f 1654/2116/1522 1762/2238/1628 1557/1973/1411 1474/1882/1323
f 1651/2113/1519 1792/2271/1658 1804/2289/1672 1686/2151/1554
f 1475/1883/1324 1558/1974/1412 1714/2183/1580 1688/2153/1556
f 1687/2152/1555 1803/2288/1671 1561/1977/1415 1476/1884/1325
f 1698/2164/1565 1738/2211/1603 1559/1975/1413 1478/1886/1327
f 1686/2151/1554 1804/2289/1672 1803/2288/1671 1687/2152/1555
f 1482/1890/1331 1560/1976/1414 1727/2199/1593 1625/2081/1494
f 1700/2166/1567 1801/2286/1669 1791/2270/1657 1666/2130/1534
f 1732/2205/1598 1805/2290/1673 1795/2274/1661 1806/2291/1674
f 1636/2094/1505 1739/2212/1604 1805/2290/1673 1732/2205/1598
f 1477/1885/1326 1562/1978/1416 1802/2287/1670 1699/2165/1566
f 1623/2079/1492 1737/2210/1602 1766/2242/1632 1624/2080/1493
f 1807/2292/1675 1808/2293/1420 1637/2294/1676
f 1809/2295/1677 1807/2292/1675 1810/2296/1678
f 1637/2294/1676 1808/2293/1420 1568/1986/1420 1356/1985/1423
f 1807/2292/1675 1811/2297/1679 1812/2298/1424 1808/2293/1420
f 1808/2293/1420 1812/2298/1424 1571/1989/1424 1568/1986/1420
f 1807/2292/1675 1809/2295/1677 1813/2299/1680 1811/2297/1679
f 1733/2300/1681 1810/2296/1678 1807/2292/1675 1637/2294/1676
f 1620/2301/1403 1799/2279/1666 1621/2285/1668
f 1810/2302/1682 1806/2291/1674 1800/2303/254
f 1814/2304/1683 1800/2284/1667 1607/2062/1478 1606/2061/1477
f 1810/2296/1678 1814/2304/1683 1606/2061/1477 1809/2295/1677
f 1800/2303/254 1814/2305/254 1810/2302/1682
f 1815/2306/1684 1813/2299/1680 1809/2295/1677 1606/2061/1477
f 1375/2108/1226 1364/2100/1217 1643/2103/1512 1647/2109/1515
f 1534/2263/1386 1576/2307/1432 1816/2308/1685 1605/2060/1476
f 1815/2306/1684 1606/2061/1477 1605/2060/1476 1816/2308/1685
f 1806/2291/1674 1795/2274/1661 1794/2273/1660
f 1794/2273/1660 1796/2275/1662 1622/2078/1491 1806/2291/1674
f 1774/2250/1640 1622/2078/1491 1796/2275/1662
f 1621/2077/1490 1800/2303/254 1806/2291/1674 1622/2078/1491
f 1571/2000/1433 1812/2309/1433 1816/2310/1686 1576/2001/1433
f 1811/2311/1687 1816/2310/1686 1812/2309/1433
f 1813/2312/1688 1816/2310/1686 1811/2311/1687
f 1815/2313/1689 1816/2310/1686 1813/2312/1688
f 1733/2206/1599 1732/2205/1598 1806/2291/1674 1810/2302/1682
f 1718/2187/1584 1735/2208/1600 1817/2314/11 1550/2281/11
f 1817/2314/11 1735/2208/1600 1818/2315/1690 1819/2316/11
f 1817/2317/1691 1820/2318/1692 1580/2012/491 1550/2011/253
f 1820/2318/1692 1821/2319/491 1582/2014/491 1580/2012/491
f 1822/2320/1693 1820/2318/1692 1817/2317/1691 1819/2321/1691
f 1332/1739/755 1585/2018/755 1609/2064/1480 1608/2063/1479
f 1582/2014/491 1821/2319/491 1609/2064/1480 1585/2018/755
f 1712/2181/1578 1741/2215/1606 1740/2214/1605 1713/2182/1579
f 1823/2322/1694 1824/2323/1695 1825/2324/1696 1826/2325/1694
f 1824/2323/1695 1827/2326/1697 1828/2327/1698 1825/2324/1696
f 1827/2326/1697 1613/2328/1699 1610/2065/1481 1828/2327/1698
f 1613/2328/1699 1612/2213/1055 1611/2066/1292 1610/2065/1481
f 1829/2329/1700 1830/2330/1701 1618/2217/1608 1742/2216/1607
f 1741/2215/1606 1826/2331/1702 1825/2332/1703 1742/2216/1607
f 1831/2333/1704 1829/2329/1700 1828/2334/1705 1610/2335/1706
f 1617/2073/1486 1713/2336/1707 1740/2337/1707 1618/2074/1487
f 1617/2073/1486 1616/2072/1485 1705/2338/1708
f 1706/2339/1709 1705/2338/1708 1616/2072/1485 1832/2340/1710
f 1833/2341/1711 1830/2330/1701 1829/2329/1700 1831/2333/1704
f 1834/2342/1712 1835/2343/1713 1822/2344/1714 1818/2345/253
f 1818/2346/253 1822/2320/1693 1819/2321/1691
f 1836/2347/1715 1821/2319/491 1820/2318/1692 1822/2320/1693
f 1837/2348/1716 1832/2340/1710 1616/2072/1485 1615/2071/1484
f 1836/2347/1715 1838/2349/1717 1821/2319/491
f 1821/2319/491 1838/2349/1717 1609/2064/1480
f 1828/2334/1705 1829/2329/1700 1742/2216/1607 1825/2332/1703
f 1823/2350/1718 1826/2331/1702 1741/2215/1606 1712/2181/1578
f 1707/2175/1574 1703/2351/254 1706/2352/1719
f 1824/2353/1720 1823/2350/1718 1712/2181/1578 1711/2179/1576
f 1827/2354/1721 1824/2353/1720 1711/2179/1576 1704/2172/1571
f 1613/2355/1722 1827/2354/1721 1704/2172/1571 1703/2171/1570
f 1835/2343/1713 1834/2342/1712 1832/2340/1710 1837/2348/1716
f 1834/2342/1712 1706/2339/1709 1832/2340/1710
f 1618/2074/1487 1830/2356/1723 1615/2071/1484
f 1833/2341/1711 1837/2348/1716 1615/2071/1484 1830/2356/1723
f 1835/2343/1713 1837/2348/1716 1833/2341/1711
f 1706/2352/1719 1834/2357/1724 1735/2208/1600 1707/2175/1574
f 1735/2208/1600 1834/2357/1724 1818/2315/1690
f 1822/2344/1714 1835/2343/1713 1838/2349/1717 1836/2347/1715
f 1835/2343/1713 1833/2341/1711 1838/2349/1717
f 1833/2341/1711 1831/2333/1704 1609/2064/1480 1838/2349/1717
f 1831/2333/1704 1610/2335/1706 1609/2064/1480
f 1703/2351/254 1707/2175/1574 1710/2178/1575
f 1614/2069/1482 1656/2118/1524 1655/2117/1523 1644/2358/534
f 1644/2358/534 1655/2117/1523 1473/1881/1322 1368/2056/83
f 1656/2118/1524 1614/2069/1482 1613/2068/534 1635/2093/1504
f 1635/2093/1504 1613/2068/534 1632/2090/1501
f 1632/2090/1501 1613/2068/534 1703/2351/254 1603/2058/1474
f 1703/2351/254 1710/2178/1575 1603/2058/1474
f 1604/2059/1475 1603/2058/1474 1710/2178/1575 1717/2186/1583
f 1839/2359/502 1840/2360/1725 1841/2361/1726
f 1842/2362/1727 1843/2363/1728 1844/2364/1729 1845/2365/1730
f 1846/2366/461 1847/2367/462 1848/2368/1731 1849/2369/1732
f 1850/2370/463 1851/2371/460 1844/2364/1729 1852/2372/1733
f 1853/2373/1734 1854/2374/1735 1855/2375/1736
f 1841/2361/1726 1856/2376/1737 1839/2359/502
f 1852/2372/1733 1844/2364/1729 1857/2377/1738 1858/2378/1739
f 1859/2379/1740 1858/2380/1741 1857/2381/1742 1860/2382/1743
f 1857/2381/1742 1861/2383/1744 1862/2384/1744 1860/2382/1743
f 1859/2379/1740 1863/2385/1745 1864/2386/1746 1858/2380/1741
f 1849/2369/1732 1848/2368/1731 1865/2387/1747 1866/2388/1748
f 1839/2359/502 1852/2372/1733 1858/2378/1739 1864/2389/1749
f 1857/2377/1738 1844/2364/1729 1843/2363/1728 1861/2390/1750
f 1867/2391/463 1868/2392/460 1869/2393/460 1870/2394/463
f 1839/2359/502 1856/2376/1737 1850/2370/463 1852/2372/1733
f 1848/2368/1731 1847/2367/462 1840/2360/1725 1839/2359/502
f 1848/2368/1731 1839/2359/502 1864/2389/1749 1865/2387/1747
f 1845/2365/1730 1844/2364/1729 1851/2371/460
f 1866/2388/1748 1871/2395/1751 1855/2375/1736 1849/2369/1732
f 1872/2396/461 1873/2397/462 1874/2398/462 1875/2399/461
f 1855/2375/1736 1854/2374/1735 1846/2366/461 1849/2369/1732
f 1873/2400/1752 1872/2401/1753 1876/2402/1754 1877/2403/1755
f 1868/2404/1756 1867/2405/1757 1878/2406/1758 1879/2407/1759
f 1872/2401/1753 1880/2408/1760 1881/2409/1761 1876/2402/1754
f 1867/2405/1757 1882/2410/1762 1883/2411/1763 1878/2406/1758
f 1882/2410/1762 1873/2400/1752 1877/2403/1755 1883/2411/1763
f 1884/2412/1764 1868/2404/1756 1879/2407/1759 1885/2413/1765
f 1878/2406/1758 1883/2411/1763 1886/2414/1766 1887/2415/1767
f 1879/2407/1759 1878/2406/1758 1887/2415/1767 1888/2416/1768
f 1876/2402/1754 1881/2409/1761 1889/2417/1769 1890/2418/1770
f 1885/2413/1765 1879/2407/1759 1888/2416/1768 1891/2419/1771
f 1877/2403/1755 1876/2402/1754 1890/2418/1770 1892/2420/1772
f 1883/2411/1763 1877/2403/1755 1892/2420/1772 1886/2414/1766
f 1887/2415/1767 1886/2414/1766 1893/2421/1773 1894/2422/1774
f 1888/2416/1768 1887/2415/1767 1894/2422/1774 1895/2423/1775
f 1890/2418/1770 1889/2417/1769 1896/2424/1776 1897/2425/1777
f 1891/2419/1771 1888/2416/1768 1895/2423/1775 1898/2426/1778
f 1892/2420/1772 1890/2418/1770 1897/2425/1777 1899/2427/1779
f 1886/2414/1766 1892/2420/1772 1899/2427/1779 1893/2421/1773
f 1894/2422/1774 1893/2421/1773 1900/2428/1780 1901/2429/1781
f 1895/2423/1775 1894/2422/1774 1901/2429/1781 1902/2430/1782
f 1897/2425/1777 1896/2424/1776 1903/2431/1783 1904/2432/1784
f 1898/2426/1778 1895/2423/1775 1902/2430/1782 1905/2433/1785
f 1899/2427/1779 1897/2425/1777 1904/2432/1784 1906/2434/1786
f 1893/2421/1773 1899/2427/1779 1906/2434/1786 1900/2428/1780
f 1901/2429/1781 1900/2428/1780 1907/2435/1787 1908/2436/1788
f 1902/2430/1782 1901/2429/1781 1908/2436/1788 1909/2437/1789
f 1904/2432/1784 1903/2431/1783 1910/2438/1790 1911/2439/1791
f 1905/2433/1785 1902/2430/1782 1909/2437/1789 1912/2440/1792
f 1906/2434/1786 1904/2432/1784 1911/2439/1791 1913/2441/1793
f 1900/2428/1780 1906/2434/1786 1913/2441/1793 1907/2435/1787
f 1907/2435/1787 1913/2441/1793 1914/2442/1794 1915/2443/1795
f 1908/2436/1788 1907/2435/1787 1915/2443/1795 1916/2444/1796
f 1909/2437/1789 1908/2436/1788 1916/2444/1796 1917/2445/1797
f 1911/2439/1791 1910/2438/1790 1918/2446/1798 1919/2447/1799
f 1912/2440/1792 1909/2437/1789 1917/2445/1797 1920/2448/1800
f 1913/2441/1793 1911/2439/1791 1919/2447/1799 1914/2442/1794
f 1919/2447/1799 1918/2446/1798 1921/2449/1801 1922/2450/1802
f 1915/2443/1795 1914/2442/1794 1923/2451/1803 1924/2452/1804
f 1916/2444/1796 1915/2443/1795 1924/2452/1804 1925/2453/1805
f 1917/2445/1797 1916/2444/1796 1925/2453/1805 1926/2454/1806
f 1914/2442/1794 1919/2447/1799 1922/2450/1802 1923/2451/1803
f 1920/2448/1800 1917/2445/1797 1926/2454/1806 1927/2455/1807
f 1927/2455/1807 1926/2454/1806 1928/2456/460 1929/2457/1808
f 1926/2454/1806 1925/2453/1805 1930/2458/463 1928/2456/460
f 1922/2450/1802 1921/2449/1801 1931/2459/253 1932/2460/461
f 1924/2452/1804 1923/2451/1803 1933/2461/462 1934/2462/72
f 1925/2453/1805 1924/2452/1804 1934/2462/72 1930/2458/463
f 1923/2451/1803 1922/2450/1802 1932/2460/461 1933/2461/462
f 1935/2463/489 1936/2464/500 1937/2465/1809 1938/2466/1810
f 1938/2466/1810 1939/2467/505 1935/2463/489
f 1940/2468/5 1936/2464/500 1935/2463/489 1939/2467/505
f 1940/2468/5 1941/2469/11 1937/2465/1809 1936/2464/500
f 1938/2466/1810 1937/2465/1809 1942/2470/1811 1943/2471/1812
f 1943/2471/1812 1942/2470/1811 1944/2472/1813 1945/2473/1814
f 1945/2473/1814 1944/2472/1813 1946/2474/1815 1947/2475/1816
f 1947/2475/1816 1946/2474/1815 1948/2476/1817 1949/2477/1818
f 1928/2478/11 1937/2465/1809 1941/2469/11 1929/2479/11
f 1930/2480/11 1942/2470/1811 1937/2465/1809 1928/2478/11
f 1934/2481/11 1944/2472/1813 1942/2470/1811 1930/2480/11
f 1933/2482/11 1946/2474/1815 1944/2472/1813 1934/2481/11
f 1932/2483/11 1948/2476/1817 1946/2474/1815 1933/2482/11
f 1949/2477/1818 1948/2476/1817 1950/2484/1819 1951/2485/1820
f 1952/2486/1821 1953/2487/1822 1954/2488/755 1955/2489/253
f 1956/2490/1823 1957/2491/1824 1958/2492/1825
f 1959/2493/1826 1960/2494/1827 1961/2495/1828 1962/2496/1829
f 1962/2496/1829 1961/2495/1828 1963/2497/253 1964/2498/491
f 1956/2490/1823 1958/2492/1825 1953/2487/1822 1952/2486/1821
f 1951/2499/1830 1950/2500/1831 1965/2501/1832 1957/2491/1824
f 1966/2502/755 1967/2503/755 1968/2504/1822 1969/2505/1825
f 1970/2506/491 1971/2507/491 1972/2508/1826 1973/2509/1829
f 1965/2501/1832 1960/2494/1827 1959/2493/1826
f 1973/2509/1829 1968/2504/1822 1967/2503/755 1970/2506/491
f 1972/2508/1826 1969/2505/1825 1968/2504/1822 1973/2509/1829
f 1972/2508/1826 1965/2501/1832 1959/2493/1826 1969/2505/1825
f 1958/2492/1825 1972/2508/1826 1971/2507/491 1974/2510/755
f 1969/2505/1825 1959/2493/1826 1975/2511/491 1966/2502/755
f 1957/2491/1824 1965/2501/1832 1972/2508/1826 1958/2492/1825
f 1975/2511/491 1959/2493/1826 1962/2496/1829 1964/2498/491
f 1953/2487/1822 1958/2492/1825 1974/2510/755 1954/2488/755
f 1960/2494/1827 1965/2501/1832 1950/2500/1831
f 1938/2466/1810 1949/2477/1818 1939/2467/505
f 1963/2512/11 1950/2484/1819 1931/2513/11
f 1931/2513/11 1948/2476/1817 1932/2483/11
f 1950/2484/1819 1963/2512/11 1961/2514/11
f 1960/2494/1827 1950/2500/1831 1961/2495/1828
f 1950/2484/1819 1948/2476/1817 1931/2513/11
f 1943/2471/1812 1947/2475/1816 1938/2466/1810
f 1945/2473/1814 1947/2475/1816 1943/2471/1812
f 1949/2477/1818 1955/2515/83 1939/2467/505
f 1947/2475/1816 1949/2477/1818 1938/2466/1810
f 1951/2485/1820 1955/2515/83 1949/2477/1818
f 1957/2491/1824 1956/2490/1823 1951/2499/1830
f 1951/2499/1830 1956/2490/1823 1952/2486/1821
f 1955/2515/83 1951/2485/1820 1952/2516/83
f 1976/2517/1833 1880/2518/253 1872/2396/461 1977/2519/1834
f 1874/2398/462 1978/2520/1835 1840/2360/1725 1847/2367/462
f 1869/2393/460 1979/2521/1836 1845/2365/1730 1851/2371/460
f 1873/2397/462 1882/2522/72 1978/2520/1835 1874/2398/462
f 1980/2523/1837 1870/2394/463 1850/2370/463 1856/2376/1737
f 1977/2519/1834 1875/2399/461 1846/2366/461 1854/2374/1735
f 1870/2394/463 1869/2393/460 1851/2371/460 1850/2370/463
f 1875/2399/461 1874/2398/462 1847/2367/462 1846/2366/461
f 1872/2396/461 1875/2399/461 1977/2519/1834
f 1981/2524/1838 1978/2520/1835 1882/2522/72
f 1882/2522/72 1867/2391/463 1870/2394/463 1980/2523/1837
f 1980/2523/1837 1981/2524/1838 1882/2522/72
f 1868/2392/460 1884/2525/1808 1979/2521/1836 1869/2393/460
f 1979/2521/1836 1884/2525/1808 1982/2526/1839
f 1854/2374/1735 1853/2373/1734 1983/2527/1840 1984/2528/1841
f 1977/2519/1834 1854/2374/1735 1984/2528/1841 1985/2529/1842
f 1976/2517/1833 1977/2519/1834 1985/2529/1842 1986/2530/1843
f 1842/2362/1727 1845/2365/1730 1860/2531/1844 1862/2532/1845
f 1845/2365/1730 1979/2521/1836 1987/2533/1846 1860/2531/1844
f 1979/2521/1836 1982/2526/1839 1988/2534/1847 1987/2533/1846
f 1980/2523/1837 1856/2376/1737 1859/2535/1848 1989/2536/1849
f 1841/2361/1726 1840/2360/1725 1990/2537/1850 1863/2538/1851
f 1840/2360/1725 1978/2520/1835 1991/2539/1852 1990/2537/1850
f 1978/2520/1835 1981/2524/1838 1992/2540/1853 1991/2539/1852
f 1856/2376/1737 1841/2361/1726 1863/2538/1851 1859/2535/1848
f 1981/2524/1838 1980/2523/1837 1989/2536/1849 1992/2540/1853
f 1984/2541/1854 1990/2542/1855 1991/2543/1856 1985/2544/1857
f 1860/2382/1743 1987/2545/1858 1989/2546/1859 1859/2379/1740
f 1865/2547/1860 1864/2386/1746 1863/2385/1745 1990/2542/1855
f 1984/2541/1854 1866/2548/1861 1865/2547/1860 1990/2542/1855
f 1984/2541/1854 1983/2549/1862 1871/2550/1862 1866/2548/1861
f 1989/2546/1859 1987/2545/1858 1993/2551/1863 1994/2552/1864
f 1987/2545/1858 1988/2553/1865 1995/2554/1866 1993/2551/1863
f 1985/2544/1857 1991/2543/1856 1996/2555/1867 1997/2556/1868
f 1992/2557/1869 1989/2546/1859 1994/2552/1864 1998/2558/1870
f 1991/2543/1856 1992/2557/1869 1998/2558/1870 1996/2555/1867
f 1986/2559/1871 1985/2544/1857 1997/2556/1868 1999/2560/1872
f 1997/2556/1868 1993/2551/1863 1995/2554/1866 1999/2560/1872
f 1996/2555/1867 1994/2552/1864 1993/2551/1863 1997/2556/1868
f 1994/2552/1864 1996/2555/1867 1998/2558/1870
f 2000/2561/550 2001/2562/1873 2002/2563/1874
f 1842/2362/1727 2003/2564/1875 2004/2565/1876 1843/2566/1728
f 2005/2567/250 2006/2568/1877 2007/2569/1878 2008/2570/251
f 2009/2571/252 2010/2572/1879 2004/2565/1876 2011/2573/249
f 1853/2373/1734 1855/2375/1736 2012/2574/1880
f 2001/2562/1873 2000/2561/550 2013/2575/1881
f 2010/2572/1879 2014/2576/1882 2015/2577/1883 2004/2565/1876
f 2016/2578/1884 2017/2579/1885 2015/2580/1886 2014/2581/1887
f 2015/2580/1886 2017/2579/1885 1862/2582/1888 1861/2583/1888
f 2016/2578/1884 2014/2581/1887 2018/2584/1889 2019/2585/1890
f 2006/2568/1877 2020/2586/1891 2021/2587/1892 2007/2569/1878
f 2000/2561/550 2018/2588/1893 2014/2576/1882 2010/2572/1879
f 2015/2577/1883 1861/2589/1750 1843/2566/1728 2004/2565/1876
f 2022/2590/252 2023/2591/252 2024/2592/249 2025/2593/249
f 2000/2561/550 2010/2572/1879 2009/2571/252 2013/2575/1881
f 2007/2569/1878 2000/2561/550 2002/2563/1874 2008/2570/251
f 2007/2569/1878 2021/2587/1892 2018/2588/1893 2000/2561/550
f 2003/2564/1875 2011/2573/249 2004/2565/1876
f 2020/2586/1891 2006/2568/1877 1855/2375/1736 1871/2395/1751
f 2026/2594/250 2027/2595/250 2028/2596/251 2029/2597/251
f 1855/2375/1736 2006/2568/1877 2005/2567/250 2012/2574/1880
f 2029/2598/1894 2030/2599/1895 2031/2600/1896 2026/2601/1897
f 2025/2602/1898 2032/2603/1899 2033/2604/1900 2022/2605/1901
f 2026/2601/1897 2031/2600/1896 1881/2409/1761 1880/2408/1760
f 2022/2605/1901 2033/2604/1900 2034/2606/1902 2035/2607/1903
f 2035/2607/1903 2034/2606/1902 2030/2599/1895 2029/2598/1894
f 1884/2608/1904 1885/2609/1905 2032/2603/1899 2025/2602/1898
f 2033/2604/1900 2036/2610/1906 2037/2611/1907 2034/2606/1902
f 2032/2603/1899 2038/2612/1908 2036/2610/1906 2033/2604/1900
f 2031/2600/1896 2039/2613/1909 1889/2417/1769 1881/2409/1761
f 1885/2609/1905 1891/2614/1910 2038/2612/1908 2032/2603/1899
f 2030/2599/1895 2040/2615/1911 2039/2613/1909 2031/2600/1896
f 2034/2606/1902 2037/2611/1907 2040/2615/1911 2030/2599/1895
f 2036/2610/1906 2041/2616/1912 2042/2617/1913 2037/2611/1907
f 2038/2612/1908 2043/2618/1914 2041/2616/1912 2036/2610/1906
f 2039/2613/1909 2044/2619/1915 1896/2424/1776 1889/2417/1769
f 1891/2614/1910 1898/2620/1916 2043/2618/1914 2038/2612/1908
f 2040/2615/1911 2045/2621/1917 2044/2619/1915 2039/2613/1909
f 2037/2611/1907 2042/2617/1913 2045/2621/1917 2040/2615/1911
f 2041/2616/1912 2046/2622/1918 2047/2623/1919 2042/2617/1913
f 2043/2618/1914 2048/2624/1920 2046/2622/1918 2041/2616/1912
f 2044/2619/1915 2049/2625/1921 1903/2431/1783 1896/2424/1776
f 1898/2620/1916 1905/2626/1922 2048/2624/1920 2043/2618/1914
f 2045/2621/1917 2050/2627/1923 2049/2625/1921 2044/2619/1915
f 2042/2617/1913 2047/2623/1919 2050/2627/1923 2045/2621/1917
f 2046/2622/1918 2051/2628/1924 2052/2629/1925 2047/2623/1919
f 2048/2624/1920 2053/2630/1926 2051/2628/1924 2046/2622/1918
f 2049/2625/1921 2054/2631/1927 1910/2438/1790 1903/2431/1783
f 1905/2626/1922 1912/2632/1928 2053/2630/1926 2048/2624/1920
f 2050/2627/1923 2055/2633/1929 2054/2631/1927 2049/2625/1921
f 2047/2623/1919 2052/2629/1925 2055/2633/1929 2050/2627/1923
f 2052/2629/1925 2056/2634/1930 2057/2635/1931 2055/2633/1929
f 2051/2628/1924 2058/2636/1932 2056/2634/1930 2052/2629/1925
f 2053/2630/1926 2059/2637/1933 2058/2636/1932 2051/2628/1924
f 2054/2631/1927 2060/2638/1934 1918/2446/1798 1910/2438/1790
f 1912/2632/1928 1920/2639/1935 2059/2637/1933 2053/2630/1926
f 2055/2633/1929 2057/2635/1931 2060/2638/1934 2054/2631/1927
f 2060/2638/1934 2061/2640/1936 1921/2449/1801 1918/2446/1798
f 2056/2634/1930 2062/2641/1937 2063/2642/1938 2057/2635/1931
f 2058/2636/1932 2064/2643/1939 2062/2641/1937 2056/2634/1930
f 2059/2637/1933 2065/2644/1940 2064/2643/1939 2058/2636/1932
f 2057/2635/1931 2063/2642/1938 2061/2640/1936 2060/2638/1934
f 1920/2639/1935 1927/2645/1941 2065/2644/1940 2059/2637/1933
f 1927/2645/1941 1929/2646/1942 2066/2647/249 2065/2644/1940
f 2065/2644/1940 2066/2647/249 2067/2648/252 2064/2643/1939
f 2061/2640/1936 2068/2649/250 1931/2459/253 1921/2449/1801
f 2062/2641/1937 2069/2650/254 2070/2651/251 2063/2642/1938
f 2064/2643/1939 2067/2648/252 2069/2650/254 2062/2641/1937
f 2063/2642/1938 2070/2651/251 2068/2649/250 2061/2640/1936
f 2071/2652/541 2072/2653/1943 2073/2654/1944 2074/2655/624
f 2072/2653/1943 2071/2652/541 1939/2467/505
f 1940/2656/5 1939/2467/505 2071/2652/541 2074/2655/624
f 1940/2656/5 2074/2655/624 2073/2654/1944 1941/2657/11
f 2072/2653/1943 2075/2658/1945 2076/2659/1946 2073/2654/1944
f 2075/2658/1945 2077/2660/1947 2078/2661/1948 2076/2659/1946
f 2077/2660/1947 2079/2662/1949 2080/2663/1950 2078/2661/1948
f 2079/2662/1949 2081/2664/1951 2082/2665/1952 2080/2663/1950
f 2066/2666/11 1929/2667/11 1941/2657/11 2073/2654/1944
f 2067/2668/11 2066/2666/11 2073/2654/1944 2076/2659/1946
f 2069/2669/11 2067/2668/11 2076/2659/1946 2078/2661/1948
f 2070/2670/11 2069/2669/11 2078/2661/1948 2080/2663/1950
f 2068/2671/11 2070/2670/11 2080/2663/1950 2082/2665/1952
f 2081/2664/1951 2083/2672/1953 2084/2673/1954 2082/2665/1952
f 2085/2674/1955 1955/2675/253 1954/2676/755 2086/2677/1956
f 2087/2678/1957 2088/2679/1958 2089/2680/1959
f 2090/2681/1960 2091/2682/1961 2092/2683/1962 2093/2684/1963
f 2091/2682/1961 1964/2685/491 1963/2686/253 2092/2683/1962
f 2087/2678/1957 2085/2674/1955 2086/2677/1956 2088/2679/1958
f 2083/2687/1964 2089/2680/1959 2094/2688/1965 2084/2689/1966
f 1966/2690/755 2095/2691/1958 2096/2692/1956 1967/2693/755
f 1970/2694/491 2097/2695/1961 2098/2696/1960 1971/2697/491
f 2094/2688/1965 2090/2681/1960 2093/2684/1963
f 2097/2695/1961 1970/2694/491 1967/2693/755 2096/2692/1956
f 2098/2696/1960 2097/2695/1961 2096/2692/1956 2095/2691/1958
f 2098/2696/1960 2095/2691/1958 2090/2681/1960 2094/2688/1965
f 2088/2679/1958 1974/2698/755 1971/2697/491 2098/2696/1960
f 2095/2691/1958 1966/2690/755 1975/2699/491 2090/2681/1960
f 2089/2680/1959 2088/2679/1958 2098/2696/1960 2094/2688/1965
f 1975/2699/491 1964/2685/491 2091/2682/1961 2090/2681/1960
f 2086/2677/1956 1954/2676/755 1974/2698/755 2088/2679/1958
f 2093/2684/1963 2084/2689/1966 2094/2688/1965
f 2072/2653/1943 1939/2467/505 2081/2664/1951
f 1963/2700/11 1931/2701/11 2084/2673/1954
f 1931/2701/11 2068/2671/11 2082/2665/1952
f 2084/2673/1954 2092/2702/11 1963/2700/11
f 2093/2684/1963 2092/2683/1962 2084/2689/1966
f 2084/2673/1954 1931/2701/11 2082/2665/1952
f 2075/2658/1945 2072/2653/1943 2079/2662/1949
f 2077/2660/1947 2075/2658/1945 2079/2662/1949
f 2081/2664/1951 1939/2467/505 1955/2515/83
f 2079/2662/1949 2072/2653/1943 2081/2664/1951
f 2083/2672/1953 2081/2664/1951 1955/2515/83
f 2089/2680/1959 2083/2687/1964 2087/2678/1957
f 2083/2687/1964 2085/2674/1955 2087/2678/1957
f 1955/2515/83 2085/2703/83 2083/2672/1953
f 1976/2517/1833 2099/2704/1967 2026/2594/250 1880/2518/253
f 2028/2596/251 2008/2570/251 2002/2563/1874 2100/2705/1968
f 2024/2592/249 2011/2573/249 2003/2564/1875 2101/2706/1969
f 2029/2597/251 2028/2596/251 2100/2705/1968 2035/2707/254
f 2102/2708/1970 2013/2575/1881 2009/2571/252 2023/2591/252
f 2099/2704/1967 2012/2574/1880 2005/2567/250 2027/2595/250
f 2023/2591/252 2009/2571/252 2011/2573/249 2024/2592/249
f 2027/2595/250 2005/2567/250 2008/2570/251 2028/2596/251
f 2026/2594/250 2099/2704/1967 2027/2595/250
f 2103/2709/1971 2035/2707/254 2100/2705/1968
f 2035/2707/254 2102/2708/1970 2023/2591/252 2022/2590/252
f 2102/2708/1970 2035/2707/254 2103/2709/1971
f 2025/2593/249 2024/2592/249 2101/2706/1969 1884/2710/1942
f 2101/2706/1969 1982/2711/1972 1884/2710/1942
f 2012/2574/1880 2104/2712/1973 1983/2527/1840 1853/2373/1734
f 2099/2704/1967 2105/2713/1974 2104/2712/1973 2012/2574/1880
f 1976/2517/1833 1986/2530/1843 2105/2713/1974 2099/2704/1967
f 1842/2362/1727 1862/2532/1845 2017/2714/1975 2003/2564/1875
f 2003/2564/1875 2017/2714/1975 2106/2715/1976 2101/2706/1969
f 2101/2706/1969 2106/2715/1976 1988/2716/1977 1982/2711/1972
f 2102/2708/1970 2107/2717/1978 2016/2718/1979 2013/2575/1881
f 2001/2562/1873 2019/2719/1980 2108/2720/1981 2002/2563/1874
f 2002/2563/1874 2108/2720/1981 2109/2721/1982 2100/2705/1968
f 2100/2705/1968 2109/2721/1982 2110/2722/1983 2103/2709/1971
f 2013/2575/1881 2016/2718/1979 2019/2719/1980 2001/2562/1873
f 2103/2709/1971 2110/2722/1983 2107/2717/1978 2102/2708/1970
f 2104/2723/1984 2105/2724/1985 2109/2725/1986 2108/2726/1987
f 2017/2579/1885 2016/2578/1884 2107/2727/1988 2106/2728/1989
f 2021/2729/1990 2108/2726/1987 2019/2585/1890 2018/2584/1889
f 2104/2723/1984 2108/2726/1987 2021/2729/1990 2020/2730/1991
f 2104/2723/1984 2020/2730/1991 1871/2731/1992 1983/2732/1992
f 2107/2727/1988 2111/2733/1993 2112/2734/1994 2106/2728/1989
f 2106/2728/1989 2112/2734/1994 1995/2554/1866 1988/2735/1995
f 2105/2724/1985 2113/2736/1996 2114/2737/1997 2109/2725/1986
f 2110/2738/1998 2115/2739/1999 2111/2733/1993 2107/2727/1988
f 2109/2725/1986 2114/2737/1997 2115/2739/1999 2110/2738/1998
f 1986/2740/2000 1999/2560/1872 2113/2736/1996 2105/2724/1985
f 2113/2736/1996 1999/2560/1872 1995/2554/1866 2112/2734/1994
f 2114/2737/1997 2113/2736/1996 2112/2734/1994 2111/2733/1993
f 2111/2733/1993 2115/2739/1999 2114/2737/1997
f 2116/2741/2001 2117/2742/2002 2118/2743/2003 2119/2744/2004
f 2120/2745/2005 2116/2746/2006 2121/2747/2007
f 2122/2748/2008 2118/2743/2003 2123/2749/2009
f 2124/2750/2010 2125/2751/2011 2120/2752/2012 2121/2753/11
f 2117/2742/2002 2116/2741/2001 2126/2754/2013 2127/2755/2014
f 2127/2755/2014 2126/2754/2013 2128/2756/2015 2129/2757/2016
f 2129/2757/2016 2128/2756/2015 2120/2752/2012 2125/2751/2011
f 2119/2744/2004 2118/2743/2003 2130/2758/2017 2131/2759/2018
f 2131/2759/2018 2130/2758/2017 2132/2760/2019 2133/2761/2020
f 2133/2761/2020 2132/2760/2019 2122/2748/2008 2134/2762/2021
f 2135/2763/2022 2136/2764/2023 2137/2765/83
f 2138/2766/2024 2139/2767/2025 2140/2768/2026 2141/2769/2027
f 2142/2770/2028 2143/2771/2029 2141/2769/2027 2140/2768/2026
f 2144/2772/2030 2142/2770/2028 2140/2768/2026 2139/2767/2025
f 2143/2771/2029 2145/2773/2031 2138/2766/2024 2141/2769/2027
f 2145/2773/2031 2144/2772/2030 2139/2767/2025 2138/2766/2024
f 2143/2774/2032 2142/2775/2032 2124/2750/2010
f 2142/2775/2032 2117/2742/2002 2124/2750/2010
f 2122/2748/2008 2132/2760/2019 2130/2758/2017
f 2144/2776/2032 2117/2742/2002 2142/2775/2032
f 2145/2777/2032 2118/2743/2003 2117/2742/2002
f 2118/2743/2003 2143/2774/2032 2123/2749/2009
f 2118/2743/2003 2145/2777/2032 2143/2774/2032
f 2118/2743/2003 2122/2748/2008 2130/2758/2017
f 2144/2776/2032 2145/2777/2032 2117/2742/2002
f 2117/2742/2002 2125/2751/2011 2124/2750/2010
f 2127/2755/2014 2129/2757/2016 2125/2751/2011
f 2127/2755/2014 2125/2751/2011 2117/2742/2002
f 2146/2778/2007 2119/2779/2007 2135/2780/2007
f 2147/2781/2033 2148/2782/2034 2149/2783/2035 2150/2784/2036
f 2151/2785/2031 2146/2786/2037 2148/2782/2034 2147/2781/2033
f 2152/2787/2038 2153/2788/2030 2150/2784/2036 2149/2783/2035
f 2153/2788/2030 2151/2785/2031 2147/2781/2033 2150/2784/2036
f 2146/2786/2037 2152/2787/2038 2149/2783/2035 2148/2782/2034
f 2152/2789/2007 2146/2778/2007 2121/2747/2007
f 2154/2790/2039 2155/2791/2040 2156/2792/2040 2157/2793/2039
f 2126/2794/2041 2116/2746/2006 2120/2745/2005
f 2151/2795/2007 2119/2779/2007 2146/2778/2007
f 2128/2796/2042 2126/2794/2041 2120/2745/2005
f 2116/2746/2006 2151/2795/2007 2153/2797/2007
f 2116/2746/2006 2152/2789/2007 2121/2747/2007
f 2136/2764/2023 2135/2763/2022 2123/2798/2043 2158/2799/2044
f 2154/2790/2039 2157/2793/2039 2159/2800/2045 2160/2801/2045
f 2116/2746/2006 2153/2797/2007 2152/2789/2007
f 2151/2795/2007 2116/2746/2006 2119/2779/2007
f 2131/2802/2007 2134/2803/2007 2119/2779/2007
f 2131/2802/2007 2133/2804/2007 2134/2803/2007
f 2161/2805/2046 2162/2806/2047 2163/2807/2047 2164/2808/2046
f 2165/2809/2048 2166/2810/2049 2158/2811/2049 2167/2812/2048
f 2168/2813/2050 2169/2814/2051 2170/2815/2051 2137/2816/2050
f 2171/2817/2052 2161/2805/2046 2164/2808/2046 2172/2818/2052
f 2173/2819/2053 2165/2809/2048 2167/2812/2048 2174/2820/2053
f 2175/2821/2054 2168/2822/2055 2137/2823/2055 2136/2824/2054
f 2176/2825/2056 2171/2817/2052 2172/2818/2052 2177/2826/2056
f 2162/2806/2047 2173/2819/2053 2174/2820/2053 2163/2807/2047
f 2166/2810/2049 2175/2821/2054 2136/2824/2054 2158/2811/2049
f 2169/2814/2051 2176/2825/2056 2177/2826/2056 2170/2815/2051
f 2171/2827/2057 2176/2828/83 2161/2829/83
f 2175/2830/83 2173/2831/83 2161/2829/83
f 2176/2828/83 2175/2830/83 2161/2829/83
f 2169/2832/83 2175/2830/83 2176/2828/83
f 2175/2830/83 2165/2833/83 2173/2831/83
f 2168/2834/83 2175/2830/83 2169/2832/83
f 2175/2830/83 2166/2835/83 2165/2833/83
f 2173/2831/83 2162/2836/83 2161/2829/83
f 2164/2837/83 2163/2838/83 2178/2839/2058 2179/2840/2059
f 2167/2841/2060 2158/2799/2044 2123/2798/2043 2180/2842/2061
f 2137/2843/83 2170/2844/83 2181/2845/2062 2135/2846/2063
f 2172/2847/83 2164/2837/83 2179/2840/2059 2182/2848/2064
f 2174/2849/83 2167/2841/2060 2180/2842/2061 2183/2850/2065
f 2122/2748/2008 2123/2749/2009 2135/2851/2066 2134/2762/2021
f 2177/2852/83 2172/2847/83 2182/2848/2064 2184/2853/2067
f 2163/2838/83 2174/2849/83 2183/2850/2065 2178/2839/2058
f 2119/2779/2007 2134/2803/2007 2135/2780/2007
f 2170/2844/83 2177/2852/83 2184/2853/2067 2181/2845/2062
f 2180/2842/2061 2123/2798/2043 2159/2854/2068 2185/2855/2069
f 2135/2846/2063 2181/2845/2062 2186/2856/2070 2156/2857/2071
f 2182/2848/2064 2179/2840/2059 2187/2858/2072 2188/2859/2073
f 2183/2850/2065 2180/2842/2061 2185/2855/2069 2189/2860/2074
f 2143/2774/2032 2160/2801/2045 2159/2800/2045 2123/2749/2009
f 2184/2853/2067 2182/2848/2064 2188/2859/2073 2190/2861/2075
f 2178/2839/2058 2183/2850/2065 2189/2860/2074 2191/2862/2076
f 2124/2750/2010 2160/2801/2045 2143/2774/2032
f 2181/2845/2062 2184/2853/2067 2190/2861/2075 2186/2856/2070
f 2179/2840/2059 2178/2839/2058 2191/2862/2076 2187/2858/2072
f 2156/2857/2071 2186/2856/2070 2192/2863/2077 2193/2864/2078
f 2188/2859/2073 2187/2858/2072 2194/2865/2079 2195/2866/2080
f 2189/2860/2074 2185/2855/2069 2196/2867/2081 2197/2868/2082
f 2157/2869/11 2156/2857/2071 2193/2864/2078 2198/2870/2083
f 2190/2861/2075 2188/2859/2073 2195/2866/2080 2199/2871/2084
f 2191/2862/2076 2189/2860/2074 2197/2868/2082 2200/2872/2085
f 2159/2854/2068 2157/2873/11 2198/2874/2086 2201/2875/2087
f 2186/2856/2070 2190/2861/2075 2199/2871/2084 2192/2863/2077
f 2187/2858/2072 2191/2862/2076 2200/2872/2085 2194/2865/2079
f 2185/2855/2069 2159/2854/2068 2201/2875/2087 2196/2867/2081
f 2195/2866/2080 2194/2865/2079 2202/2876/2088 2203/2877/2089
f 2197/2868/2082 2196/2867/2081 2204/2878/2090 2205/2879/2091
f 2198/2870/2083 2193/2864/2078 2206/2880/2092 2207/2881/2093
f 2199/2871/2084 2195/2866/2080 2203/2877/2089 2208/2882/2094
f 2200/2872/2085 2197/2868/2082 2205/2879/2091 2209/2883/2095
f 2201/2875/2087 2198/2874/2086 2207/2884/2096 2210/2885/2097
f 2192/2863/2077 2199/2871/2084 2208/2882/2094 2211/2886/2098
f 2194/2865/2079 2200/2872/2085 2209/2883/2095 2202/2876/2088
f 2196/2867/2081 2201/2875/2087 2210/2885/2097 2204/2878/2090
f 2193/2864/2078 2192/2863/2077 2211/2886/2098 2206/2880/2092
f 2205/2879/2091 2204/2878/2090 2212/2887/2099 2213/2888/2100
f 2207/2881/2093 2206/2880/2092 2214/2889/2101 2215/2890/2102
f 2208/2882/2094 2203/2877/2089 2216/2891/2103 2217/2892/2104
f 2209/2883/2095 2205/2879/2091 2213/2888/2100 2218/2893/2105
f 2210/2885/2097 2207/2884/2096 2215/2894/2106 2219/2895/2107
f 2211/2886/2098 2208/2882/2094 2217/2892/2104 2220/2896/2108
f 2202/2876/2088 2209/2883/2095 2218/2893/2105 2221/2897/2109
f 2204/2878/2090 2210/2885/2097 2219/2895/2107 2212/2887/2099
f 2206/2880/2092 2211/2886/2098 2220/2896/2108 2214/2889/2101
f 2203/2877/2089 2202/2876/2088 2221/2897/2109 2216/2891/2103
f 2217/2892/2104 2216/2891/2103 2222/2898/2110 2223/2899/2111
f 2218/2893/2105 2213/2888/2100 2224/2900/2112 2225/2901/2113
f 2219/2895/2107 2215/2894/2106 2226/2902/2114 2227/2903/2115
f 2220/2896/2108 2217/2892/2104 2223/2899/2111 2228/2904/2116
f 2221/2897/2109 2218/2893/2105 2225/2901/2113 2229/2905/2117
f 2212/2887/2099 2219/2895/2107 2227/2903/2115 2230/2906/2118
f 2214/2889/2101 2220/2896/2108 2228/2904/2116 2231/2907/2119
f 2216/2891/2103 2221/2897/2109 2229/2905/2117 2222/2898/2110
f 2213/2888/2100 2212/2887/2099 2230/2906/2118 2224/2900/2112
f 2215/2890/2102 2214/2889/2101 2231/2907/2119 2226/2908/2120
f 2225/2901/2113 2224/2900/2112 2232/2909/2121 2233/2910/2122
f 2227/2903/2115 2226/2902/2114 2234/2911/2123 2235/2912/2124
f 2228/2904/2116 2223/2899/2111 2236/2913/2084 2237/2914/2077
f 2229/2905/2117 2225/2901/2113 2233/2910/2122 2238/2915/2079
f 2230/2906/2118 2227/2903/2115 2235/2912/2124 2239/2916/2125
f 2231/2907/2119 2228/2904/2116 2237/2914/2077 2240/2917/2078
f 2222/2898/2110 2229/2905/2117 2238/2915/2079 2241/2918/2126
f 2224/2900/2112 2230/2906/2118 2239/2916/2125 2232/2909/2121
f 2226/2908/2120 2231/2907/2119 2240/2917/2078 2234/2919/2127
f 2223/2899/2111 2222/2898/2110 2241/2918/2126 2236/2913/2084
f 2235/2912/2124 2234/2911/2123 2242/2920/2128 2243/2921/2129
f 2237/2914/2077 2236/2913/2084 2244/2922/2094 2245/2923/2098
f 2238/2915/2079 2233/2910/2122 2246/2924/2130 2247/2925/2088
f 2239/2916/2125 2235/2912/2124 2243/2921/2129 2248/2926/2131
f 2240/2917/2078 2237/2914/2077 2245/2923/2098 2249/2927/2092
f 2241/2918/2126 2238/2915/2079 2247/2925/2088 2250/2928/2132
f 2232/2909/2121 2239/2916/2125 2248/2926/2131 2251/2929/2133
f 2234/2919/2127 2240/2917/2078 2249/2927/2092 2242/2930/2134
f 2236/2913/2084 2241/2918/2126 2250/2928/2132 2244/2922/2094
f 2233/2910/2122 2232/2909/2121 2251/2929/2133 2246/2924/2130
f 2245/2923/2098 2244/2922/2094 2252/2931/2067 2253/2932/2135
f 2247/2925/2088 2246/2924/2130 2254/2933/2058 2255/2934/2059
f 2248/2926/2131 2243/2921/2129 2160/2935/2136 2256/2936/2137
f 2249/2927/2092 2245/2923/2098 2253/2932/2135 2155/2937/2138
f 2250/2928/2132 2247/2925/2088 2255/2934/2059 2257/2938/2064
f 2251/2929/2133 2248/2926/2131 2256/2936/2137 2258/2939/2065
f 2242/2930/2134 2249/2927/2092 2155/2937/2138 2154/2940/83
f 2244/2922/2094 2250/2928/2132 2257/2938/2064 2252/2931/2067
f 2246/2924/2130 2251/2929/2133 2258/2939/2065 2254/2933/2058
f 2243/2921/2129 2242/2920/2128 2154/2941/83 2160/2935/2136
f 2255/2934/2059 2254/2933/2058 2259/2942/2076 2260/2943/2072
f 2256/2936/2137 2160/2935/2136 2124/2944/2139 2261/2945/2069
f 2155/2937/2138 2253/2932/2135 2262/2946/2070 2121/2947/2140
f 2257/2938/2064 2255/2934/2059 2260/2943/2072 2263/2948/2073
f 2258/2939/2065 2256/2936/2137 2261/2945/2069 2264/2949/2074
f 2155/2791/2040 2121/2747/2007 2146/2778/2007 2156/2792/2040
f 2252/2931/2067 2257/2938/2064 2263/2948/2073 2265/2950/2075
f 2254/2933/2058 2258/2939/2065 2264/2949/2074 2259/2942/2076
f 2135/2780/2007 2156/2792/2040 2146/2778/2007
f 2253/2932/2135 2252/2931/2067 2265/2950/2075 2262/2946/2070
f 2261/2945/2069 2124/2944/2139 2266/2951/11 2267/2952/11
f 2121/2947/2140 2262/2946/2070 2268/2953/11 2269/2954/11
f 2263/2948/2073 2260/2943/2072 2270/2955/11 2271/2956/11
f 2264/2949/2074 2261/2945/2069 2267/2952/11 2272/2957/11
f 2266/2958/11 2124/2959/11 2273/2960/11
f 2265/2950/2075 2263/2948/2073 2271/2956/11 2274/2961/11
f 2259/2942/2076 2264/2949/2074 2272/2957/11 2275/2962/11
f 2273/2960/11 2124/2959/11 2121/2947/2140 2269/2954/11
f 2262/2946/2070 2265/2950/2075 2274/2961/11 2268/2953/11
f 2260/2943/2072 2259/2942/2076 2275/2962/11 2270/2955/11
f 2271/2963/2052 2270/2964/2046 2276/2965/2088 2277/2966/2132
f 2272/2967/2053 2267/2968/2048 2278/2969/2131 2279/2970/2133
f 2273/2971/2054 2269/2972/2141 2280/2973/2142 2281/2974/2143
f 2274/2975/2144 2271/2963/2052 2277/2966/2132 2282/2976/2094
f 2275/2977/2047 2272/2967/2053 2279/2970/2133 2283/2978/2130
f 2266/2979/2049 2273/2971/2054 2281/2974/2143 2284/2980/2129
f 2268/2981/2051 2274/2975/2144 2282/2976/2094 2285/2982/2098
f 2270/2964/2046 2275/2977/2047 2283/2978/2130 2276/2965/2088
f 2267/2968/2048 2266/2979/2049 2284/2980/2129 2278/2969/2131
f 2269/2983/2145 2268/2981/2051 2285/2982/2098 2280/2984/2146
f 2279/2970/2133 2278/2969/2131 2286/2985/2099 2287/2986/2100
f 2281/2974/2143 2280/2973/2142 2288/2987/2147 2289/2988/2148
f 2282/2976/2094 2277/2966/2132 2290/2989/2103 2291/2990/2149
f 2283/2978/2130 2279/2970/2133 2287/2986/2100 2292/2991/2105
f 2284/2980/2129 2281/2974/2143 2289/2988/2148 2293/2992/2107
f 2285/2982/2098 2282/2976/2094 2291/2990/2149 2294/2993/2108
f 2276/2965/2088 2283/2978/2130 2292/2991/2105 2295/2994/2109
f 2278/2969/2131 2284/2980/2129 2293/2992/2107 2286/2985/2099
f 2280/2984/2146 2285/2982/2098 2294/2993/2108 2288/2995/2150
f 2277/2966/2132 2276/2965/2088 2295/2994/2109 2290/2989/2103
f 2289/2988/2148 2288/2987/2147 2296/2996/2151 2297/2997/2152
f 2291/2990/2149 2290/2989/2103 2298/2998/2110 2299/2999/2111
f 2292/2991/2105 2287/2986/2100 2300/3000/2112 2301/3001/2113
f 2293/2992/2107 2289/2988/2148 2297/2997/2152 2302/3002/2115
f 2294/2993/2108 2291/2990/2149 2299/2999/2111 2303/3003/2116
f 2295/2994/2109 2292/2991/2105 2301/3001/2113 2304/3004/2117
f 2286/2985/2099 2293/2992/2107 2302/3002/2115 2305/3005/2118
f 2288/2995/2150 2294/2993/2108 2303/3003/2116 2296/3006/2153
f 2290/2989/2103 2295/2994/2109 2304/3004/2117 2298/2998/2110
f 2287/2986/2100 2286/2985/2099 2305/3005/2118 2300/3000/2112
f 2296/3006/2153 2303/3003/2116 2306/3007/2154 2307/3008/2155
f 2303/3003/2116 2299/2999/2111 2308/3009/2156 2306/3007/2154
f 2299/2999/2111 2298/2998/2110 2309/3010/2157 2308/3009/2156
f 2298/2998/2110 2304/3004/2117 2310/3011/2158 2309/3010/2157
f 2304/3004/2117 2301/3001/2113 2311/3012/2159 2310/3011/2158
f 2301/3001/2113 2300/3000/2112 2312/3013/2160 2311/3012/2159
f 2300/3000/2112 2305/3005/2118 2313/3014/2161 2312/3013/2160
f 2305/3005/2118 2302/3002/2115 2314/3015/2162 2313/3014/2161
f 2302/3002/2115 2297/2997/2152 2315/3016/2163 2314/3015/2162
f 2297/2997/2152 2296/2996/2151 2307/3017/2164 2315/3016/2163
f 2311/3012/2159 2312/3013/2160 2316/3018/2165 2317/3019/2166
f 2314/3015/2162 2315/3016/2163 2318/3020/2167 2319/3021/2168
f 2306/3007/2154 2308/3009/2156 2320/3022/2169 2321/3023/2170
f 2310/3011/2158 2311/3012/2159 2317/3019/2166 2322/3024/2171
f 2313/3014/2161 2314/3015/2162 2319/3021/2168 2323/3025/2172
f 2307/3008/2155 2306/3007/2154 2321/3023/2170 2324/3026/2173
f 2309/3010/2157 2310/3011/2158 2322/3024/2171 2325/3027/2174
f 2312/3013/2160 2313/3014/2161 2323/3025/2172 2316/3018/2165
f 2315/3016/2163 2307/3017/2164 2324/3028/2175 2318/3020/2167
f 2308/3009/2156 2309/3010/2157 2325/3027/2174 2320/3022/2169
f 2317/3029/11 2316/3030/11 2322/3031/11
f 2318/3032/11 2320/3033/11 2322/3031/11
f 2316/3030/11 2319/3034/11 2322/3031/11
f 2323/3035/11 2319/3034/11 2316/3030/11
f 2318/3032/11 2321/3036/11 2320/3033/11
f 2319/3034/11 2318/3032/11 2322/3031/11
f 2318/3032/11 2324/3037/11 2321/3036/11
f 2320/3033/11 2325/3038/11 2322/3031/11
f 2326/3039/2176 2327/3040/2177 2328/3041/2178 2329/3042/2179
f 2330/3043/2180 2331/3044/2181 2332/3045/2182 2333/3046/2183
f 2334/3047/2184 2335/3048/2185 2336/3049/2186 2337/3050/2187
f 2329/3042/2179 2328/3041/2178 2338/3051/2188 2339/3052/2189
f 2340/3053/2190 2341/3054/2191 2342/3055/2192 2343/3056/2193
f 2344/3057/2194 2345/3058/2195 2331/3044/2181 2330/3043/2180
f 2346/3059/2196 2347/3060/2197 2335/3048/2185 2334/3047/2184
f 2348/3061/2198 2349/3062/2199 2341/3054/2191 2340/3053/2190
f 2350/3063/2200 2351/3064/2201 2345/3058/2195 2344/3057/2194
f 2333/3046/2183 2332/3045/2182 2352/3065/2202 2353/3066/2203
f 2337/3050/2187 2336/3049/2186 2349/3067/2204 2348/3068/2205
f 2339/3052/2189 2338/3051/2188 2351/3064/2201 2350/3063/2200
f 2343/3056/2193 2342/3055/2192 2327/3040/2177 2326/3039/2176
f 2353/3066/2203 2352/3065/2202 2347/3060/2197 2346/3059/2196
f 2354/3069/2206 2352/3065/2202 2355/3070/2207
f 2356/3071/2207 2336/3049/2186 2335/3048/2185
f 2341/3054/2191 2349/3062/2199 2356/3072/2207
f 2356/3072/2207 2357/3073/2206 2327/3040/2177
f 2358/3074/2207 2331/3044/2181 2345/3058/2195
f 2341/3054/2191 2356/3072/2207 2342/3055/2192
f 2359/3075/2207 2328/3041/2178 2327/3040/2177
f 2331/3044/2181 2355/3070/2207 2332/3045/2182
f 2360/3076/2207 2328/3041/2178 2359/3075/2207
f 2356/3071/2207 2349/3067/2204 2336/3049/2186
f 2361/3077/2207 2362/3078/2207 2347/3060/2197
f 2354/3069/2206 2361/3077/2207 2352/3065/2202
f 2357/3073/2206 2359/3075/2207 2327/3040/2177
f 2354/3079/2208 2355/3080/2209 2363/3081/2210 2364/3082/2211
f 2365/3083/2207 2366/3084/2207 2351/3064/2201
f 2342/3055/2192 2356/3072/2207 2327/3040/2177
f 2366/3084/2207 2345/3058/2195 2351/3064/2201
f 2338/3051/2188 2328/3041/2178 2365/3083/2207
f 2366/3084/2207 2367/3085/2207 2345/3058/2195
f 2352/3065/2202 2332/3045/2182 2355/3070/2207
f 2367/3085/2207 2358/3074/2207 2345/3058/2195
f 2358/3074/2207 2355/3070/2207 2331/3044/2181
f 2366/3086/2212 2365/3087/2213 2368/3088/2214 2369/3089/2215
f 2362/3078/2207 2356/3071/2207 2347/3060/2197
f 2356/3071/2207 2335/3048/2185 2347/3060/2197
f 2361/3077/2207 2347/3060/2197 2352/3065/2202
f 2365/3083/2207 2351/3064/2201 2338/3051/2188
f 2328/3041/2178 2360/3076/2207 2365/3083/2207
f 2367/3090/2216 2366/3086/2212 2369/3089/2215 2370/3091/2217
f 2359/3092/2218 2357/3093/2219 2371/3094/2220 2372/3095/2221
f 2361/3096/2222 2354/3079/2208 2364/3082/2211 2373/3097/2223
f 2362/3098/2224 2361/3096/2222 2373/3097/2223 2374/3099/2225
f 2358/3100/2226 2367/3090/2216 2370/3091/2217 2375/3101/2227
f 2360/3102/2228 2359/3092/2218 2372/3095/2221 2376/3103/2229
f 2356/3104/2230 2362/3098/2224 2374/3099/2225 2377/3105/2231
f 2355/3080/2209 2358/3100/2226 2375/3101/2227 2363/3081/2210
f 2365/3087/2213 2360/3102/2228 2376/3103/2229 2368/3088/2214
f 2357/3093/2219 2356/3106/2232 2377/3107/2233 2371/3094/2220
f 2364/3082/2211 2363/3081/2210 2378/3108/2234 2379/3109/2235
f 2368/3088/2214 2376/3103/2229 2380/3110/2236 2381/3111/2237
f 2369/3089/2215 2368/3088/2214 2381/3111/2237 2382/3112/2238
f 2371/3094/2220 2377/3107/2233 2383/3113/2239 2384/3114/2240
f 2377/3105/2231 2374/3099/2225 2385/3115/2241 2383/3116/2242
f 2373/3097/2223 2364/3082/2211 2379/3109/2235 2386/3117/2243
f 2375/3101/2227 2370/3091/2217 2387/3118/2244 2388/3119/2245
f 2372/3095/2221 2371/3094/2220 2384/3114/2240 2389/3120/2246
f 2363/3081/2210 2375/3101/2227 2388/3119/2245 2378/3108/2234
f 2370/3091/2217 2369/3089/2215 2382/3112/2238 2387/3118/2244
f 2374/3099/2225 2373/3097/2223 2386/3117/2243 2385/3115/2241
f 2376/3103/2229 2372/3095/2221 2389/3120/2246 2380/3110/2236
f 2389/3120/2246 2384/3114/2240 2390/3121/2247 2391/3122/2248
f 2378/3108/2234 2388/3119/2245 2392/3123/2249 2393/3124/2250
f 2379/3109/2235 2378/3108/2234 2393/3124/2250 2394/3125/2251
f 2385/3115/2241 2386/3117/2243 2395/3126/2252 2396/3127/2253
f 2381/3111/2237 2380/3110/2236 2397/3128/2254 2398/3129/2255
f 2382/3112/2238 2381/3111/2237 2398/3129/2255 2399/3130/2256
f 2380/3110/2236 2389/3120/2246 2391/3122/2248 2397/3128/2254
f 2386/3117/2243 2379/3109/2235 2394/3125/2251 2395/3126/2252
f 2388/3119/2245 2387/3118/2244 2400/3131/2257 2392/3123/2249
f 2384/3114/2240 2383/3113/2239 2401/3132/2258 2390/3121/2247
f 2383/3116/2242 2385/3115/2241 2396/3127/2253 2401/3133/2259
f 2387/3118/2244 2382/3112/2238 2399/3130/2256 2400/3131/2257
f 2400/3131/2257 2399/3130/2256 2402/3134/2260 2403/3135/2261
f 2391/3122/2248 2390/3121/2247 2404/3136/2262 2405/3137/2263
f 2393/3124/2250 2392/3123/2249 2406/3138/2264 2407/3139/2265
f 2394/3125/2251 2393/3124/2250 2407/3139/2265 2408/3140/2266
f 2396/3127/2253 2395/3126/2252 2409/3141/2267 2410/3142/2268
f 2398/3129/2255 2397/3128/2254 2411/3143/2269 2412/3144/2270
f 2399/3130/2256 2398/3129/2255 2412/3144/2270 2402/3134/2260
f 2397/3128/2254 2391/3122/2248 2405/3137/2263 2411/3143/2269
f 2395/3126/2252 2394/3125/2251 2408/3140/2266 2409/3141/2267
f 2392/3123/2249 2400/3131/2257 2403/3135/2261 2406/3138/2264
f 2390/3121/2247 2401/3132/2258 2413/3145/2271 2404/3136/2262
f 2401/3133/2259 2396/3127/2253 2410/3142/2268 2413/3146/2272
f 2409/3141/2267 2408/3140/2266 2407/3139/2265
f 2409/3141/2267 2407/3139/2265 2406/3138/2264
f 2410/3142/2268 2409/3141/2267 2406/3138/2264
f 2410/3142/2268 2406/3138/2264 2403/3135/2261
f 2413/3146/2272 2410/3142/2268 2403/3135/2261
f 2413/3145/2271 2403/3135/2261 2402/3134/2260
f 2404/3136/2262 2413/3145/2271 2402/3134/2260
f 2404/3136/2262 2402/3134/2260 2412/3144/2270
f 2405/3137/2263 2404/3136/2262 2412/3144/2270
f 2405/3137/2263 2412/3144/2270 2411/3143/2269
f 2414/3147/2273 2415/3148/2274 2416/3149/77 2417/3150/92
f 2418/3151/2275 2419/3152/2276 2420/3153/98 2421/3154/83
f 2422/3155/2277 2423/3156/2278 2424/3157/80 2425/3158/94
f 2426/3159/2279 2427/3160/2280 2428/3161/84 2429/3162/96
f 2430/3163/2281 2414/3147/2273 2417/3150/92 2431/3164/11
f 2432/3165/2282 2422/3155/2277 2425/3158/94 2433/3166/60
f 2434/3167/2283 2426/3168/2284 2429/3169/91 2435/3170/88
f 2436/3171/2285 2430/3163/2281 2431/3164/11 2437/3172/87
f 2415/3148/2274 2432/3165/2282 2433/3166/60 2416/3149/77
f 2419/3152/2276 2434/3167/2283 2435/3170/88 2420/3153/98
f 2423/3156/2278 2418/3151/2275 2421/3154/83 2424/3157/80
f 2427/3160/2280 2436/3171/2285 2437/3172/87 2428/3161/84
f 2415/3148/2274 2414/3147/2273 2438/3173/2286 2439/3174/2287
f 2419/3152/2276 2418/3151/2275 2440/3175/2288 2441/3176/2289
f 2423/3156/2278 2422/3155/2277 2442/3177/2290 2443/3178/2291
f 2427/3160/2280 2426/3159/2279 2444/3179/2292 2445/3180/2293
f 2414/3147/2273 2430/3163/2281 2446/3181/2294 2438/3173/2286
f 2422/3155/2277 2432/3165/2282 2447/3182/2295 2442/3177/2290
f 2426/3168/2284 2434/3167/2283 2448/3183/2296 2444/3184/2297
f 2430/3163/2281 2436/3171/2285 2449/3185/2298 2446/3181/2294
f 2432/3165/2282 2415/3148/2274 2439/3174/2287 2447/3182/2295
f 2434/3167/2283 2419/3152/2276 2441/3176/2289 2448/3183/2296
f 2418/3151/2275 2423/3156/2278 2443/3178/2291 2440/3175/2288
f 2436/3171/2285 2427/3160/2280 2445/3180/2293 2449/3185/2298
f 2442/3177/2290 2447/3182/2295 2450/3186/2299 2451/3187/2300
f 2444/3184/2297 2448/3183/2296 2452/3188/2301 2453/3189/2302
f 2446/3181/2294 2449/3185/2298 2454/3190/2303 2455/3191/2304
f 2447/3182/2295 2439/3174/2287 2456/3192/2305 2450/3186/2299
f 2448/3183/2296 2441/3176/2289 2457/3193/2306 2452/3188/2301
f 2440/3175/2288 2443/3178/2291 2458/3194/2307 2459/3195/2308
f 2449/3185/2298 2445/3180/2293 2460/3196/2309 2454/3190/2303
f 2439/3174/2287 2438/3173/2286 2461/3197/2310 2456/3192/2305
f 2441/3176/2289 2440/3175/2288 2459/3195/2308 2457/3193/2306
f 2443/3178/2291 2442/3177/2290 2451/3187/2300 2458/3194/2307
f 2445/3180/2293 2444/3179/2292 2453/3198/2311 2460/3196/2309
f 2438/3173/2286 2446/3181/2294 2455/3191/2304 2461/3197/2310
f 2461/3197/2310 2455/3191/2304 2462/3199/2312 2463/3200/2313
f 2451/3187/2300 2450/3186/2299 2464/3201/2314 2465/3202/2315
f 2453/3189/2302 2452/3188/2301 2466/3203/2316 2467/3204/2317
f 2455/3191/2304 2454/3190/2303 2468/3205/2318 2462/3199/2312
f 2450/3186/2299 2456/3192/2305 2469/3206/2319 2464/3201/2314
f 2452/3188/2301 2457/3193/2306 2470/3207/2320 2466/3203/2316
f 2459/3195/2308 2458/3194/2307 2471/3208/2321 2472/3209/2322
f 2454/3190/2303 2460/3196/2309 2473/3210/2323 2468/3205/2318
f 2456/3192/2305 2461/3197/2310 2463/3200/2313 2469/3206/2319
f 2457/3193/2306 2459/3195/2308 2472/3209/2322 2470/3207/2320
f 2458/3194/2307 2451/3187/2300 2465/3202/2315 2471/3208/2321
f 2460/3196/2309 2453/3198/2311 2467/3211/2324 2473/3210/2323
f 2463/3200/2313 2462/3199/2312 2474/3212/2325 2475/3213/2326
f 2465/3202/2315 2464/3201/2314 2476/3214/2327 2477/3215/2328
f 2467/3204/2317 2466/3203/2316 2478/3216/2329 2479/3217/2330
f 2462/3199/2312 2468/3205/2318 2480/3218/2331 2474/3212/2325
f 2464/3201/2314 2469/3206/2319 2481/3219/2332 2476/3214/2327
f 2466/3203/2316 2470/3207/2320 2482/3220/2333 2478/3216/2329
f 2472/3209/2322 2471/3208/2321 2483/3221/2334 2484/3222/2335
f 2468/3205/2318 2473/3210/2323 2485/3223/2336 2480/3218/2331
f 2469/3206/2319 2463/3200/2313 2475/3213/2326 2481/3219/2332
f 2470/3207/2320 2472/3209/2322 2484/3222/2335 2482/3220/2333
f 2471/3208/2321 2465/3202/2315 2477/3215/2328 2483/3221/2334
f 2473/3210/2323 2467/3211/2324 2479/3224/2337 2485/3223/2336
f 2479/3225/72 2482/3226/72 2476/3227/72
f 2481/3228/72 2475/3229/72 2476/3227/72
f 2482/3226/72 2477/3230/72 2476/3227/72
f 2480/3231/72 2479/3225/72 2475/3229/72
f 2474/3232/72 2480/3231/72 2475/3229/72
f 2475/3229/72 2479/3225/72 2476/3227/72
f 2484/3233/72 2477/3230/72 2482/3226/72
f 2479/3225/72 2480/3231/72 2485/3234/72
f 2478/3235/72 2482/3226/72 2479/3225/72
f 2484/3233/72 2483/3236/72 2477/3230/72
f 2429/3237/254 2417/3238/254 2433/3239/254
f 2425/3240/254 2421/3241/254 2433/3239/254
f 2424/3242/254 2421/3241/254 2425/3240/254
f 2429/3237/254 2437/3243/254 2417/3238/254
f 2417/3238/254 2416/3244/254 2433/3239/254
f 2433/3239/254 2421/3241/254 2420/3245/254
f 2429/3237/254 2433/3239/254 2420/3245/254
f 2428/3246/254 2437/3243/254 2429/3237/254
f 2429/3237/254 2420/3245/254 2435/3247/254
f 2437/3243/254 2431/3248/254 2417/3238/254
f 2486/3249/2338 2487/3250/2339 2488/3251/2340 2489/3252/2341
f 2490/3253/2342 2491/3254/2343 2492/3255/2344 2493/3256/2345
f 2494/3257/2346 2495/3258/2347 2496/3259/2348 2497/3260/2349
f 2498/3261/2350 2486/3249/2338 2489/3252/2341 2499/3262/2351
f 2500/3263/2352 2490/3253/2342 2493/3256/2345 2501/3264/2353
f 2502/3265/2354 2494/3257/2346 2497/3260/2349 2503/3266/2355
f 2504/3267/2356 2498/3261/2350 2499/3262/2351 2505/3268/2357
f 2487/3250/2339 2500/3263/2352 2501/3264/2353 2488/3251/2340
f 2491/3254/2343 2502/3265/2354 2503/3266/2355 2492/3255/2344
f 2495/3258/2347 2504/3267/2356 2505/3268/2357 2496/3259/2348
f 2501/3264/2353 2497/3260/2349 2488/3251/2340
f 2497/3260/2349 2489/3252/2341 2488/3251/2340
f 2493/3256/2345 2503/3266/2355 2501/3264/2353
f 2489/3252/2341 2497/3260/2349 2496/3259/2348
f 2492/3255/2344 2503/3266/2355 2493/3256/2345
f 2503/3266/2355 2497/3260/2349 2501/3264/2353
f 2505/3268/2357 2489/3252/2341 2496/3259/2348
f 2505/3268/2357 2499/3262/2351 2489/3252/2341
f 2506/3269/2358 2507/3270/2359 2504/3267/2356 2495/3258/2347
f 2508/3271/2360 2509/3272/2361 2502/3265/2354 2491/3254/2343
f 2510/3273/2362 2511/3274/2363 2500/3263/2352 2487/3250/2339
f 2507/3270/2359 2512/3275/2364 2498/3261/2350 2504/3267/2356
f 2509/3272/2361 2513/3276/2365 2494/3257/2346 2502/3265/2354
f 2511/3274/2363 2514/3277/2366 2490/3253/2342 2500/3263/2352
f 2512/3275/2364 2515/3278/2367 2486/3249/2338 2498/3261/2350
f 2513/3276/2365 2506/3269/2358 2495/3258/2347 2494/3257/2346
f 2514/3277/2366 2508/3271/2360 2491/3254/2343 2490/3253/2342
f 2515/3278/2367 2510/3273/2362 2487/3250/2339 2486/3249/2338
f 2514/3277/2366 2511/3274/2363 2516/3279/2368 2517/3280/2369
f 2513/3276/2365 2509/3272/2361 2518/3281/2370 2519/3282/11
f 2507/3270/2359 2506/3269/2358 2520/3283/2371 2521/3284/2372
f 2511/3274/2363 2510/3273/2362 2522/3285/83 2516/3279/2368
f 2509/3272/2361 2508/3271/2360 2523/3286/2373 2518/3281/2370
f 2512/3275/2364 2507/3270/2359 2521/3284/2372 2524/3287/2374
f 2510/3273/2362 2515/3278/2367 2525/3288/2375 2522/3285/83
f 2508/3271/2360 2514/3277/2366 2517/3280/2369 2523/3286/2373
f 2506/3269/2358 2513/3276/2365 2519/3282/11 2520/3283/2371
f 2515/3278/2367 2512/3275/2364 2524/3287/2374 2525/3288/2375
f 2526/3289/2376 2527/3290/60 2528/3291/2377 2529/3292/2378
f 2530/3293/2379 2531/3294/2380 2532/3295/2381 2533/3296/2382
f 2534/3297/253 2535/3298/2383 2536/3299/2384 2537/3300/2385
f 2538/3301/2386 2526/3289/2376 2529/3292/2378 2539/3302/2387
f 2540/3303/2388 2530/3293/2379 2533/3296/2382 2541/3304/2389
f 2542/3305/1310 2534/3297/253 2537/3300/2385 2543/3306/2390
f 2544/3307/2391 2538/3301/2386 2539/3302/2387 2545/3308/2392
f 2527/3290/60 2540/3303/2388 2541/3304/2389 2528/3291/2377
f 2531/3294/2380 2542/3305/1310 2543/3306/2390 2532/3295/2381
f 2535/3298/2383 2544/3307/2391 2545/3308/2392 2536/3299/2384
f 2541/3304/2389 2537/3300/2385 2528/3291/2377
f 2537/3300/2385 2529/3292/2378 2528/3291/2377
f 2533/3296/2382 2543/3306/2390 2541/3304/2389
f 2529/3292/2378 2537/3300/2385 2536/3299/2384
f 2532/3295/2381 2543/3306/2390 2533/3296/2382
f 2543/3306/2390 2537/3300/2385 2541/3304/2389
f 2545/3308/2392 2529/3292/2378 2536/3299/2384
f 2545/3308/2392 2539/3302/2387 2529/3292/2378
f 2546/3309/2393 2547/3310/2394 2548/3311/2395 2549/3312/80
f 2550/3313/2396 2546/3309/2393 2549/3312/80 2551/3314/94
f 2552/3315/2397 2550/3313/2396 2551/3314/94 2553/3316/60
f 2554/3317/2398 2555/3318/2399 2556/3319/2400 2557/3320/2401
f 2558/3321/2402 2559/3322/2403 2560/3323/253 2561/3324/88
f 2562/3325/2404 2552/3315/2397 2553/3316/60 2563/3326/77
f 2564/3327/2405 2565/3328/2406 2548/3311/2395 2547/3310/2394
f 2566/3329/2407 2558/3321/2402 2561/3324/88 2567/3330/98
f 2568/3331/2408 2562/3325/2404 2563/3326/77 2569/3332/92
f 2570/3333/2409 2554/3317/2398 2557/3320/2401 2571/3334/87
f 2564/3327/2405 2566/3329/2407 2567/3330/98 2565/3328/2406
f 2555/3318/2399 2568/3331/2408 2569/3332/92 2556/3319/2400
f 2572/3335/2410 2570/3333/2409 2571/3334/87 2573/3336/84
f 2559/3322/2403 2572/3335/2410 2573/3336/84 2560/3323/253
f 2562/3325/2404 2555/3318/2399 2552/3315/2397
f 2559/3322/2403 2547/3310/2394 2552/3315/2397
f 2568/3331/2408 2555/3318/2399 2562/3325/2404
f 2558/3321/2402 2566/3329/2407 2564/3327/2405
f 2547/3310/2394 2550/3313/2396 2552/3315/2397
f 2559/3322/2403 2552/3315/2397 2554/3317/2398
f 2559/3322/2403 2564/3327/2405 2547/3310/2394
f 2570/3333/2409 2559/3322/2403 2554/3317/2398
f 2559/3322/2403 2558/3321/2402 2564/3327/2405
f 2572/3335/2410 2559/3322/2403 2570/3333/2409
f 2552/3315/2397 2555/3318/2399 2554/3317/2398
f 2547/3310/2394 2546/3309/2393 2550/3313/2396
f 2574/3337/2411 2575/3338/2412 2576/3339/2413 2577/3340/2414
f 2578/3341/2415 2579/3342/2416 2580/3343/2417 2581/3344/2418
f 2582/3345/60 2583/3346/60 2584/3347/60 2585/3348/60
f 2586/3349/2419 2587/3350/2419 2588/3351/83 2589/3352/83
f 2590/3353/2420 2591/3354/2421 2592/3355/2422 2593/3356/2423
f 2588/3351/83 2587/3350/2419 2594/3357/2424 2595/3358/491
f 2596/3359/60 2597/3360/60 2598/3361/60 2599/3362/60
f 2600/3363/60 2601/3364/60 2583/3346/60 2582/3345/60
f 2602/3365/2425 2603/3366/2426 2604/3367/2427 2605/3368/2428
f 2599/3362/60 2598/3361/60 2606/3369/60 2607/3370/60
f 2608/3371/2429 2609/3372/2429 2610/3373/2430 2611/3374/2430
f 2612/3375/2416 2596/3376/2416 2599/3377/2417 2613/3378/2417
f 2614/3379/2431 2615/3380/2432 2616/3381/2433 2609/3372/2429
f 2615/3380/2432 2578/3341/2415 2581/3344/2418 2616/3381/2433
f 2617/3382/2431 2614/3379/2431 2609/3372/2429 2608/3371/2429
f 2618/3383/2434 2619/3384/2435 2614/3379/2431 2617/3382/2431
f 2620/3385/2436 2621/3386/2437 2578/3341/2415 2615/3380/2432
f 2619/3384/2435 2620/3385/2436 2615/3380/2432 2614/3379/2431
f 2622/3387/2438 2623/3388/2438 2596/3376/2416 2612/3375/2416
f 2623/3389/60 2624/3390/60 2597/3360/60 2596/3359/60
f 2621/3386/2437 2625/3391/2438 2579/3342/2416 2578/3341/2415
f 2611/3374/2430 2610/3373/2430 2626/3392/2439 2627/3393/2439
f 2626/3392/2439 2610/3373/2430 2628/3394/2440 2629/3395/2441
f 2616/3381/2433 2581/3344/2418 2629/3395/2441 2628/3394/2440
f 2609/3372/2429 2616/3381/2433 2628/3394/2440 2610/3373/2430
f 2581/3344/2418 2580/3343/2417 2626/3392/2439 2629/3395/2441
f 2613/3378/2417 2599/3377/2417 2607/3396/2439 2630/3397/2439
f 2631/3398/2442 2632/3399/2438 2625/3391/2438 2621/3386/2437
f 2633/3400/60 2634/3401/60 2624/3390/60 2623/3389/60
f 2635/3402/2438 2633/3403/2438 2623/3388/2438 2622/3387/2438
f 2636/3404/2443 2637/3405/2444 2638/3406/2445 2639/3407/2446
f 2620/3385/2436 2619/3384/2435 2637/3405/2444 2636/3404/2443
f 2640/3408/2447 2641/3409/2448 2619/3384/2435 2618/3383/2434
f 2605/3368/2428 2604/3367/2427 2641/3409/2448 2640/3408/2447
f 2639/3407/2446 2638/3406/2445 2591/3354/2421 2590/3353/2420
f 2642/3410/2419 2584/3411/2419 2633/3403/2438 2635/3402/2438
f 2584/3347/60 2583/3346/60 2634/3401/60 2633/3400/60
f 2594/3357/2424 2587/3350/2419 2632/3399/2438 2631/3398/2442
f 2593/3356/2423 2595/3358/491 2594/3357/2424 2590/3353/2420
f 2594/3357/2424 2631/3398/2442 2620/3385/2436
f 2636/3404/2443 2594/3357/2424 2620/3385/2436
f 2639/3407/2446 2590/3353/2420 2594/3357/2424
f 2636/3404/2443 2639/3407/2446 2594/3357/2424
f 2643/3412/253 2603/3366/2426 2576/3339/2413 2575/3338/2412
f 2631/3398/2442 2621/3386/2437 2620/3385/2436
f 2592/3355/2422 2591/3354/2421 2604/3367/2427 2644/3413/253
f 2638/3406/2445 2637/3405/2444 2604/3367/2427
f 2638/3406/2445 2604/3367/2427 2591/3354/2421
f 2619/3384/2435 2641/3414/2448 2637/3405/2444
f 2637/3405/2444 2641/3414/2448 2604/3367/2427
f 2586/3415/2419 2642/3410/2419 2635/3402/2438 2645/3416/2438
f 2583/3417/2428 2646/3418/2428 2647/3419/2447 2634/3420/2447
f 2634/3420/2447 2647/3419/2447 2648/3421/2434 2624/3422/2434
f 2645/3416/2438 2635/3402/2438 2622/3387/2438 2649/3423/2438
f 2650/3424/2417 2613/3378/2417 2630/3397/2439 2627/3425/2439
f 2606/3426/2430 2651/3427/2430 2630/3397/2439 2607/3396/2439
f 2649/3423/2438 2622/3387/2438 2612/3375/2416 2652/3428/2416
f 2624/3422/2434 2648/3421/2434 2653/3429/2431 2597/3430/2431
f 2597/3430/2431 2653/3429/2431 2654/3431/2429 2598/3432/2429
f 2652/3428/2416 2612/3375/2416 2613/3378/2417 2650/3424/2417
f 2598/3432/2429 2654/3431/2429 2651/3427/2430 2606/3426/2430
f 2601/3433/2449 2655/3434/2450 2646/3418/2428 2583/3417/2428
f 2584/3411/2419 2642/3410/2419 2656/3435/83 2585/3436/83
f 2657/3437/2451 2658/3438/2452 2659/3439/2453 2660/3440/2451
f 2579/3342/2416 2652/3441/2416 2650/3442/2417 2580/3343/2417
f 2625/3391/2438 2649/3443/2438 2652/3441/2416 2579/3342/2416
f 2580/3343/2417 2650/3442/2417 2627/3393/2439 2626/3392/2439
f 2632/3399/2438 2645/3444/2438 2649/3443/2438 2625/3391/2438
f 2587/3350/2419 2586/3349/2419 2645/3444/2438 2632/3399/2438
f 2646/3418/2428 2605/3445/2428 2640/3446/2447 2647/3419/2447
f 2647/3419/2447 2640/3446/2447 2618/3447/2434 2648/3421/2434
f 2651/3427/2430 2611/3448/2430 2627/3425/2439 2630/3397/2439
f 2648/3421/2434 2618/3447/2434 2617/3449/2431 2653/3429/2431
f 2653/3429/2431 2617/3449/2431 2608/3450/2429 2654/3431/2429
f 2654/3431/2429 2608/3450/2429 2611/3448/2430 2651/3427/2430
f 2655/3434/2450 2602/3451/2425 2605/3445/2428 2646/3418/2428
f 2642/3410/2419 2586/3415/2419 2589/3452/83 2656/3435/83
f 2658/3438/2452 2574/3453/11 2577/3454/11 2659/3439/2453
f 2574/3337/2411 2661/3455/2454 2662/3456/2455 2575/3338/2412
f 2663/3457/2456 2664/3458/2457 2665/3459/2458 2666/3460/2459
f 2582/3345/60 2585/3348/60 2667/3461/60 2668/3462/60
f 2669/3463/2460 2589/3352/83 2588/3351/83 2670/3464/2460
f 2671/3465/2461 2593/3356/2423 2592/3355/2422 2672/3466/2462
f 2588/3351/83 2595/3358/491 2673/3467/2463 2670/3464/2460
f 2674/3468/60 2675/3469/60 2676/3470/60 2677/3471/60
f 2600/3363/60 2582/3345/60 2668/3462/60 2678/3472/60
f 2679/3473/2464 2680/3474/2465 2681/3475/2466 2682/3476/2467
f 2675/3469/60 2683/3477/60 2684/3478/60 2676/3470/60
f 2685/3479/2468 2686/3480/2469 2687/3481/2469 2688/3482/2468
f 2689/3483/2456 2690/3484/2457 2675/3485/2458 2674/3486/2459
f 2691/3487/2470 2688/3482/2468 2692/3488/2471 2693/3489/2472
f 2693/3489/2472 2692/3488/2471 2664/3458/2457 2663/3457/2456
f 2694/3490/2470 2685/3479/2468 2688/3482/2468 2691/3487/2470
f 2695/3491/2473 2694/3490/2470 2691/3487/2470 2696/3492/2474
f 2697/3493/2475 2693/3489/2472 2663/3457/2456 2698/3494/2476
f 2696/3492/2474 2691/3487/2470 2693/3489/2472 2697/3493/2475
f 2699/3495/2476 2689/3483/2456 2674/3486/2459 2700/3496/2477
f 2700/3497/60 2674/3468/60 2677/3471/60 2701/3498/60
f 2698/3494/2476 2663/3457/2456 2666/3460/2459 2702/3499/2477
f 2686/3480/2469 2703/3500/2478 2704/3501/2478 2687/3481/2469
f 2704/3501/2478 2705/3502/2479 2706/3503/2480 2687/3481/2469
f 2692/3488/2471 2706/3503/2480 2705/3502/2479 2664/3458/2457
f 2688/3482/2468 2687/3481/2469 2706/3503/2480 2692/3488/2471
f 2664/3458/2457 2705/3502/2479 2704/3501/2478 2665/3459/2458
f 2690/3484/2457 2707/3504/2479 2683/3505/2478 2675/3485/2458
f 2708/3506/2481 2698/3494/2476 2702/3499/2477 2709/3507/2477
f 2710/3508/60 2700/3497/60 2701/3498/60 2711/3509/60
f 2712/3510/2481 2699/3495/2476 2700/3496/2477 2710/3511/2477
f 2713/3512/2482 2714/3513/2483 2715/3514/2484 2716/3515/2485
f 2697/3493/2475 2713/3512/2482 2716/3515/2485 2696/3492/2474
f 2717/3516/2486 2695/3491/2473 2696/3492/2474 2718/3517/2487
f 2680/3474/2465 2717/3516/2486 2718/3517/2487 2681/3475/2466
f 2714/3513/2483 2671/3465/2461 2672/3466/2462 2715/3514/2484
f 2719/3518/2488 2712/3510/2481 2710/3511/2477 2667/3519/2460
f 2667/3461/60 2710/3508/60 2711/3509/60 2668/3462/60
f 2673/3467/2463 2708/3506/2481 2709/3507/2477 2670/3464/2460
f 2593/3356/2423 2671/3465/2461 2673/3467/2463 2595/3358/491
f 2673/3467/2463 2697/3493/2475 2708/3506/2481
f 2713/3512/2482 2697/3493/2475 2673/3467/2463
f 2714/3513/2483 2673/3467/2463 2671/3465/2461
f 2713/3512/2482 2673/3467/2463 2714/3513/2483
f 2643/3412/253 2575/3338/2412 2662/3456/2455 2682/3476/2467
f 2708/3506/2481 2697/3493/2475 2698/3494/2476
f 2592/3355/2422 2644/3413/253 2681/3475/2466 2672/3466/2462
f 2715/3514/2484 2681/3475/2466 2716/3515/2485
f 2715/3514/2484 2672/3466/2462 2681/3475/2466
f 2696/3492/2474 2716/3515/2485 2718/3517/2487
f 2716/3515/2485 2681/3475/2466 2718/3517/2487
f 2589/3520/539 2679/3521/60 2574/3522/539
f 2668/3523/2465 2711/3524/2486 2720/3525/2487 2721/3526/2466
f 2711/3524/2486 2701/3527/2473 2722/3528/2489 2720/3525/2487
f 2656/3529/2490 2589/3520/539 2574/3522/539 2658/3530/948
f 2644/3413/253 2604/3367/2427 2603/3366/2426 2643/3412/253
f 2684/3531/2469 2683/3505/2478 2707/3504/2479 2723/3532/2480
f 2724/3533/2491 2678/3534/2492 2725/3535/2493 2726/3536/2494
f 2701/3527/2473 2677/3537/2470 2727/3538/2472 2722/3528/2489
f 2677/3537/2470 2676/3539/2468 2728/3540/2495 2727/3538/2472
f 2577/3340/2414 2576/3339/2413 2603/3366/2426 2602/3365/2425
f 2676/3539/2468 2684/3531/2469 2723/3532/2480 2728/3540/2495
f 2678/3534/2492 2668/3523/2465 2721/3526/2466 2725/3535/2493
f 2667/3519/2460 2585/3541/83 2656/3529/2490 2719/3518/2488
f 2657/3437/2451 2724/3542/2451 2726/3543/2451 2658/3438/2452
f 2666/3460/2459 2665/3459/2458 2729/3544/2458 2730/3545/2459
f 2702/3499/2477 2666/3460/2459 2730/3545/2459 2731/3546/2477
f 2665/3459/2458 2704/3501/2478 2703/3500/2478 2729/3544/2458
f 2709/3507/2477 2702/3499/2477 2731/3546/2477 2732/3547/2477
f 2670/3464/2460 2709/3507/2477 2732/3547/2477 2669/3463/2460
f 2657/3548/60 2660/3549/60 2601/3364/60 2600/3363/60
f 2644/3413/253 2643/3412/253 2682/3476/2467 2681/3475/2466
f 2661/3455/2454 2679/3473/2464 2682/3476/2467 2662/3456/2455
f 2657/3548/60 2600/3363/60 2678/3472/60 2724/3550/60
f 2659/3551/2496 2577/3552/2497 2602/3451/2425 2655/3434/2450
f 2660/3553/2498 2659/3551/2496 2655/3434/2450 2601/3433/2449
f 2589/3520/539 2680/3554/60 2679/3521/60
f 2703/3555/60 2685/3556/60 2729/3557/60
f 2589/3520/539 2717/3558/60 2680/3554/60
f 2589/3520/539 2669/3559/60 2717/3558/60
f 2694/3560/60 2731/3561/60 2730/3562/60
f 2669/3559/60 2695/3563/60 2717/3558/60
f 2726/3536/2494 2725/3535/2493 2658/3530/948
f 2731/3561/60 2694/3560/60 2695/3563/60
f 2685/3556/60 2730/3562/60 2729/3557/60
f 2686/3564/60 2685/3556/60 2703/3555/60
f 2685/3556/60 2694/3560/60 2730/3562/60
f 2731/3561/60 2695/3563/60 2732/3565/60
f 2732/3565/60 2695/3563/60 2669/3559/60
f 2679/3521/60 2661/3566/60 2574/3522/539
f 2722/3528/2489 2699/3495/2476 2712/3510/2481
f 2656/3529/2490 2725/3535/2493 2721/3526/2466
f 2656/3529/2490 2721/3526/2466 2720/3525/2487
f 2722/3528/2489 2719/3518/2488 2720/3525/2487
f 2727/3538/2472 2699/3495/2476 2722/3528/2489
f 2728/3540/2495 2723/3532/2480 2707/3504/2479
f 2728/3540/2495 2707/3504/2479 2690/3484/2457
f 2689/3483/2456 2728/3540/2495 2690/3484/2457
f 2699/3495/2476 2727/3538/2472 2689/3483/2456
f 2722/3528/2489 2712/3510/2481 2719/3518/2488
f 2719/3518/2488 2656/3529/2490 2720/3525/2487
f 2727/3538/2472 2728/3540/2495 2689/3483/2456
f 2725/3535/2493 2656/3529/2490 2658/3530/948
f 2733/3567/2388 2734/3568/60 2735/3569/2499 2736/3570/2500
f 2737/3571/2386 2738/3572/2391 2739/3573/2501 2740/3574/2502
f 2741/3575/253 2742/3576/1310 2743/3577/2503 2744/3578/2504
f 2745/3579/2505 2733/3567/2388 2736/3570/2500 2746/3580/2506
f 2747/3581/2376 2737/3571/2386 2740/3574/2502 2748/3582/2507
f 2749/3583/2383 2741/3575/253 2744/3578/2504 2750/3584/2508
f 2746/3580/2506 2751/3585/2509 2752/3586/2510 2753/3587/2511
f 2734/3568/60 2747/3581/2376 2748/3582/2507 2735/3569/2499
f 2738/3572/2391 2749/3583/2383 2750/3584/2508 2739/3573/2501
f 2742/3576/1310 2754/3588/2512 2751/3585/2509 2743/3577/2503
f 2748/3582/2507 2744/3578/2504 2735/3569/2499
f 2744/3578/2504 2736/3570/2500 2735/3569/2499
f 2740/3574/2502 2750/3584/2508 2748/3582/2507
f 2736/3570/2500 2744/3578/2504 2743/3577/2503
f 2739/3573/2501 2750/3584/2508 2740/3574/2502
f 2750/3584/2508 2744/3578/2504 2748/3582/2507
f 2751/3585/2509 2736/3570/2500 2743/3577/2503
f 2751/3585/2509 2746/3580/2506 2736/3570/2500
f 2755/3589/2513 2756/3590/2514 2753/3587/2511 2752/3586/2510
f 2745/3579/2505 2746/3580/2506 2753/3587/2511 2756/3590/2514
f 2751/3585/2509 2754/3588/2512 2755/3589/2513 2752/3586/2510
f 2757/3591/2515 2758/3592/2516 2759/3593/2517 2760/3594/2518
f 2761/3595/2519 2762/3596/2520 2763/3597/2521 2764/3598/2522
f 2765/3599/2523 2757/3591/2515 2760/3594/2518 2766/3600/2524
f 2762/3596/2520 2767/3601/2525 2768/3602/2526 2763/3597/2521
f 2765/3599/2523 2766/3600/2524 2769/3603/2527 2770/3604/2528
f 2767/3601/2525 2770/3604/2528 2769/3603/2527 2768/3602/2526
f 2771/3605/2529 2772/3606/2530 2773/3607/2531 2774/3608/2532
f 2775/3609/2533 2774/3608/2532 2773/3607/2531 2776/3610/2534
f 2777/3611/2535 2775/3609/2533 2776/3610/2534 2778/3612/2536
f 2771/3605/2529 2779/3613/2537 2780/3614/2538 2772/3606/2530
f 2781/3615/2539 2777/3611/2535 2778/3612/2536 2782/3616/2540
f 2779/3613/2537 2783/3617/2541 2784/3618/2542 2780/3614/2538
f 2758/3592/2516 2781/3615/2539 2782/3616/2540 2759/3593/2517
f 2783/3617/2541 2761/3595/2519 2764/3598/2522 2784/3618/2542
f 2772/3606/2530 2780/3614/2538 2776/3610/2534 2773/3607/2531
f 2780/3614/2538 2784/3618/2542 2778/3612/2536 2776/3610/2534
f 2784/3618/2542 2764/3598/2522 2782/3616/2540 2778/3612/2536
f 2764/3598/2522 2763/3597/2521 2759/3593/2517 2782/3616/2540
f 2763/3597/2521 2768/3602/2526 2760/3594/2518 2759/3593/2517
f 2768/3602/2526 2769/3603/2527 2766/3600/2524 2760/3594/2518
f 2785/3619/2543 2786/3620/2544 2761/3595/2519 2783/3617/2541
f 2787/3621/2545 2788/3622/2546 2781/3615/2539 2758/3592/2516
f 2789/3623/2547 2785/3619/2543 2783/3617/2541 2779/3613/2537
f 2788/3622/2546 2790/3624/2548 2777/3611/2535 2781/3615/2539
f 2791/3625/2549 2789/3623/2547 2779/3613/2537 2771/3605/2529
f 2790/3624/2548 2792/3626/2550 2775/3609/2533 2777/3611/2535
f 2792/3626/2550 2793/3627/2551 2774/3608/2532 2775/3609/2533
f 2791/3625/2549 2771/3605/2529 2774/3608/2532 2793/3627/2551
f 2794/3628/2552 2795/3629/2553 2770/3604/2528 2767/3601/2525
f 2796/3630/2554 2765/3599/2523 2770/3604/2528 2795/3629/2553
f 2797/3631/2555 2794/3628/2552 2767/3601/2525 2762/3596/2520
f 2796/3630/2554 2798/3632/2556 2757/3591/2515 2765/3599/2523
f 2786/3620/2544 2797/3631/2555 2762/3596/2520 2761/3595/2519
f 2798/3632/2556 2787/3621/2545 2758/3592/2516 2757/3591/2515
f 2799/3633/2557 2800/3634/2558 2801/3635/2559 2802/3636/2560
f 2803/3637/2561 2799/3633/2557 2802/3636/2560 2804/3638/2562
f 2805/3639/83 2806/3640/2563 2807/3641/2564 2808/3642/2565
f 2809/3643/2566 2810/3644/2567 2811/3645/2568 2812/3646/2569
f 2813/3647/2570 2814/3648/2571 2815/3649/253 2816/3650/2572
f 2817/3651/2573 2818/3652/2574 2806/3640/2563 2805/3639/83
f 2819/3653/2575 2820/3654/2576 2801/3635/2559 2800/3634/2558
f 2821/3655/2577 2813/3647/2570 2816/3650/2572 2822/3656/2578
f 2823/3657/2579 2818/3652/2574 2817/3651/2573 2824/3658/2580
f 2825/3659/2581 2809/3643/2566 2812/3646/2569 2826/3660/2582
f 2819/3653/2575 2821/3655/2577 2822/3656/2578 2820/3654/2576
f 2810/3644/2567 2823/3657/2579 2824/3658/2580 2811/3645/2568
f 2827/3661/2583 2825/3659/2581 2826/3660/2582 2828/3662/2584
f 2814/3648/2571 2827/3661/2583 2828/3662/2584 2815/3649/253
f 2818/3652/2574 2810/3644/2567 2829/3663/2585
f 2814/3648/2571 2800/3634/2558 2829/3663/2585
f 2823/3657/2579 2810/3644/2567 2818/3652/2574
f 2813/3647/2570 2821/3655/2577 2819/3653/2575
f 2800/3634/2558 2803/3637/2561 2829/3663/2585
f 2814/3648/2571 2829/3663/2585 2809/3643/2566
f 2814/3648/2571 2819/3653/2575 2800/3634/2558
f 2825/3659/2581 2814/3648/2571 2809/3643/2566
f 2814/3648/2571 2813/3647/2570 2819/3653/2575
f 2827/3661/2583 2814/3648/2571 2825/3659/2581
f 2829/3663/2585 2810/3644/2567 2809/3643/2566
f 2800/3634/2558 2799/3633/2557 2803/3637/2561
f 2830/3664/2586 2831/3665/11 2832/3666/2587 2833/3667/2588
f 2803/3637/2561 2804/3638/2562 2831/3665/11 2830/3664/2586
f 2807/3641/2564 2833/3667/2588 2834/3668/2589 2835/3669/2590
f 2835/3669/2590 2834/3668/2589 2836/3670/2591 2837/3671/2592
f 2837/3671/2592 2836/3670/2591 2838/3672/2593 2839/3673/2594
f 2839/3673/2594 2838/3672/2593 2840/3674/2595 2841/3675/2596
f 2837/3671/2592 2839/3673/2594 2842/3676/2597
f 2838/3672/2593 2836/3670/2591 2843/3677/2598
f 2839/3673/2594 2841/3675/2596 2844/3678/2599 2842/3676/2597
f 2832/3666/2587 2845/3679/2600 2843/3677/2598 2833/3667/2588
f 2807/3641/2564 2842/3676/2597 2844/3678/2599 2808/3642/2565
f 2833/3667/2588 2843/3677/2598 2836/3670/2591 2834/3668/2589
f 2840/3674/2595 2838/3672/2593 2843/3677/2598 2845/3679/2600
f 2807/3641/2564 2835/3669/2590 2837/3671/2592 2842/3676/2597
f 2807/3641/2564 2806/3640/2563 2830/3664/2586 2833/3667/2588
f 2803/3637/2561 2830/3664/2586 2829/3663/2585
f 2818/3652/2574 2829/3663/2585 2830/3664/2586 2806/3640/2563
f 2846/3680/2601 2847/3681/2602 2848/3682/2603 2849/3683/2604
f 2850/3684/2605 2851/3685/2605 2848/3686/2605 2847/3687/2605
f 2852/3688/83 2853/3689/83 2854/3690/1363 2855/3691/2606
f 2848/3682/2603 2851/3692/254 2856/3693/254 2849/3683/2604
f 2853/3694/60 2852/3695/60 2857/3696/2607 2858/3697/2607
f 2859/3698/2608 2860/3699/2609 2861/3700/2610 2862/3701/2611
f 2863/3702/2612 2864/3703/2613 2865/3704/2614 2866/3705/2615
f 2860/3706/2616 2867/3707/2616 2868/3708/2617 2861/3709/2618
f 2869/3710/2619 2870/3711/2620 2863/3702/2612 2866/3705/2615
f 2871/3712/2621 2869/3713/2622 2866/3705/2615 2865/3704/2614
f 2872/3714/2623 2871/3715/2624 2865/3704/2614 2864/3703/2613
f 2873/3716/2625 2859/3717/2625 2862/3718/2626 2874/3719/2627
f 2874/3719/2627 2862/3718/2626 2871/3715/2624 2872/3714/2623
f 2862/3701/2611 2861/3700/2610 2869/3713/2622 2871/3712/2621
f 2861/3709/2618 2868/3708/2617 2870/3711/2620 2869/3710/2619
f 2875/3720/2628 2876/3721/2629 2877/3722/72
f 2878/3723/2607 2879/3724/2630 2876/3721/2629 2880/3725/2631
f 2877/3722/72 2876/3721/2629 2879/3724/2630 2881/3726/482
f 2875/3720/2628 2877/3722/72 2882/3727/2632
f 2883/3728/2633 2884/3729/2634 2875/3720/2628 2885/3730/2633
f 2879/3724/2630 2886/3731/2635 2887/3732/83 2881/3726/482
f 2880/3725/2631 2876/3721/2629 2888/3733/2636 2889/3734/2631
f 2889/3734/2631 2888/3733/2636 2884/3729/2634 2883/3728/2633
f 2875/3720/2628 2884/3729/2634 2888/3733/2636 2876/3721/2629
f 2890/3735/2637 2891/3736/2638 2892/3737/2639 2893/3738/2640
f 2894/3739/2641 2895/3740/2642 2891/3736/2638 2890/3735/2637
f 2882/3741/2643 2896/3742/2644 2895/3740/2642 2894/3739/2641
f 2892/3737/2639 2891/3736/2638 2897/3743/2645 2898/3744/2646
f 2891/3736/2638 2895/3740/2642 2899/3745/2647 2897/3743/2645
f 2895/3740/2642 2896/3742/2644 2900/3746/2648 2899/3745/2647
f 2898/3744/2646 2897/3743/2645 2901/3747/2649 2902/3748/2650
f 2897/3743/2645 2899/3745/2647 2903/3749/2651 2901/3747/2649
f 2899/3745/2647 2900/3746/2648 2904/3750/2652 2903/3749/2651
f 2902/3748/2650 2901/3747/2649 2905/3751/2653 2906/3752/2654
f 2901/3747/2649 2903/3749/2651 2907/3753/2655 2905/3751/2653
f 2903/3749/2651 2904/3750/2652 2908/3754/2656 2907/3753/2655
f 2908/3754/2656 2904/3750/2652 2909/3755/2657 2910/3756/2658
f 2877/3757/253 2911/3758/253 2912/3759/2659 2913/3760/2660
f 2914/3761/2661 2915/3762/2662 2916/3763/2663 2917/3764/2664
f 2917/3764/2664 2916/3763/2663 2918/3765/2665 2919/3766/2666
f 2919/3766/2666 2918/3765/2665 2920/3767/2667 2921/3768/2668
f 2922/3769/11 2923/3770/11 2924/3771/11 2925/3772/11
f 2926/3773/11 2927/3774/11 2928/3775/11 2929/3776/11
f 2930/3777/11 2931/3778/11 2923/3770/11 2922/3769/11
f 2929/3776/11 2928/3775/11 2931/3778/11 2930/3777/11
f 2932/3779/11 2933/3780/11 2934/3781/11 2935/3782/11
f 2925/3772/11 2924/3771/11 2933/3780/11 2932/3779/11
f 2913/3760/2660 2912/3759/2659 2915/3762/2662 2914/3761/2661
f 2922/3783/2669 2925/3784/2670 2936/3785/2671 2937/3786/2672
f 2925/3784/2670 2932/3787/2673 2938/3788/2674 2936/3785/2671
f 2929/3789/2675 2930/3790/2676 2939/3791/2677 2940/3792/2678
f 2914/3793/2679 2917/3794/2680 2941/3795/2681 2942/3796/2682
f 2926/3797/2683 2929/3789/2675 2940/3792/2678 2943/3798/2684
f 2930/3790/2676 2922/3783/2669 2937/3786/2672 2939/3791/2677
f 2919/3799/2685 2921/3800/2686 2944/3801/2687 2945/3802/2688
f 2932/3787/2673 2935/3803/2689 2946/3804/2690 2938/3788/2674
f 2917/3794/2680 2919/3799/2685 2945/3802/2688 2941/3795/2681
f 2921/3800/2686 2926/3797/2683 2943/3798/2684 2944/3801/2687
f 2921/3768/2668 2920/3767/2667 2927/3774/11 2926/3773/11
f 2934/3805/253 2947/3806/2691 2946/3804/2690 2935/3803/2689
f 2943/3798/2684 2940/3792/2678 2948/3807/2692 2949/3808/2693
f 2937/3786/2672 2936/3785/2671 2950/3809/2694 2951/3810/2695
f 2945/3802/2688 2944/3801/2687 2952/3811/2696 2953/3812/2697
f 2942/3796/2682 2941/3795/2681 2954/3813/2698 2955/3814/2699
f 2939/3791/2677 2937/3786/2672 2951/3810/2695 2956/3815/2700
f 2944/3801/2687 2943/3798/2684 2949/3808/2693 2952/3811/2696
f 2936/3785/2671 2938/3788/2674 2957/3816/2701 2950/3809/2694
f 2940/3792/2678 2939/3791/2677 2956/3815/2700 2948/3807/2692
f 2941/3795/2681 2945/3802/2688 2953/3812/2697 2954/3813/2698
f 2946/3804/2690 2947/3806/2691 2958/3817/2702 2959/3818/2703
f 2938/3788/2674 2946/3804/2690 2959/3818/2703 2957/3816/2701
f 2942/3796/2682 2955/3814/2699 2960/3819/2704 2961/3820/2705
f 2914/3793/2679 2942/3796/2682 2961/3820/2705 2913/3821/2706
f 2960/3819/2704 2962/3822/2707 2963/3823/2708 2961/3820/2705
f 2962/3822/2707 2960/3819/2704 2964/3824/2709 2965/3825/2710
f 2877/3826/72 2913/3821/2706 2961/3820/2705
f 2962/3822/2707 2965/3825/2710 2966/3827/2711 2967/3828/2712
f 2965/3825/2710 2964/3824/2709 2968/3829/2713
f 2882/3741/2643 2969/3830/2714 2896/3742/2644
f 2900/3746/2648 2896/3742/2644 2969/3830/2714
f 2900/3746/2648 2969/3830/2714 2909/3755/2657 2904/3750/2652
f 2970/3831/2715 2968/3829/2713 2971/3832/2716 2972/3833/2717
f 2909/3755/2657 2969/3830/2714 2970/3831/2715 2910/3756/2658
f 2970/3831/2715 2972/3833/2717 2910/3756/2658
f 2957/3816/2701 2959/3818/2703 2973/3834/2718 2974/3835/2719
f 2951/3810/2695 2950/3809/2694 2975/3836/2720 2976/3837/2721
f 2953/3812/2697 2952/3811/2696 2977/3838/2722 2978/3839/2723
f 2955/3814/2699 2954/3813/2698 2979/3840/2724 2980/3841/2725
f 2956/3815/2700 2951/3810/2695 2976/3837/2721 2981/3842/2726
f 2952/3811/2696 2949/3808/2693 2982/3843/2727 2977/3838/2722
f 2949/3808/2693 2948/3807/2692 2983/3844/2728 2982/3843/2727
f 2950/3809/2694 2957/3816/2701 2974/3835/2719 2975/3836/2720
f 2948/3807/2692 2956/3815/2700 2981/3842/2726 2983/3844/2728
f 2959/3818/2703 2958/3817/2702 2984/3845/2729 2973/3834/2718
f 2954/3813/2698 2953/3812/2697 2978/3839/2723 2979/3840/2724
f 2955/3814/2699 2980/3841/2725 2964/3824/2709 2960/3819/2704
f 2976/3837/2721 2975/3836/2720 2985/3846/2730 2986/3847/2731
f 2978/3839/2723 2977/3838/2722 2987/3848/2732 2988/3849/2733
f 2980/3841/2725 2979/3840/2724 2989/3850/2734 2990/3851/2735
f 2981/3842/2726 2976/3837/2721 2986/3847/2731 2991/3852/2736
f 2977/3838/2722 2982/3843/2727 2992/3853/2737 2987/3848/2732
f 2982/3843/2727 2983/3844/2728 2993/3854/2738 2992/3853/2737
f 2964/3824/2709 2980/3841/2725 2990/3851/2735 2968/3829/2713
f 2975/3836/2720 2974/3835/2719 2994/3855/2739 2985/3846/2730
f 2983/3844/2728 2981/3842/2726 2991/3852/2736 2993/3854/2738
f 2973/3834/2718 2984/3845/2729 2995/3856/2740 2996/3857/2741
f 2979/3840/2724 2978/3839/2723 2988/3849/2733 2989/3850/2734
f 2974/3835/2719 2973/3834/2718 2996/3857/2741 2994/3855/2739
f 2994/3855/2739 2996/3857/2741 2997/3858/2742 2998/3859/2743
f 2986/3847/2731 2985/3846/2730 2999/3860/2744 3000/3861/2745
f 2988/3849/2733 2987/3848/2732 3001/3862/2746 3002/3863/2747
f 2990/3851/2735 2989/3850/2734 3003/3864/2748 3004/3865/2749
f 2991/3852/2736 2986/3847/2731 3000/3861/2745 3005/3866/2750
f 2987/3848/2732 2992/3853/2737 3006/3867/2751 3001/3862/2746
f 2992/3853/2737 2993/3854/2738 3007/3868/2752 3006/3867/2751
f 2985/3846/2730 2994/3855/2739 2998/3859/2743 2999/3860/2744
f 2993/3854/2738 2991/3852/2736 3005/3866/2750 3007/3868/2752
f 2996/3857/2741 2995/3856/2740 3008/3869/2753 2997/3858/2742
f 2989/3850/2734 2988/3849/2733 3002/3863/2747 3003/3864/2748
f 2968/3829/2713 2990/3851/2735 3004/3865/2749 2971/3832/2716
f 2967/3828/2712 2966/3827/2711 2970/3831/2715 2969/3830/2714
f 2961/3820/2705 2963/3823/2708 2877/3826/72
f 2877/3826/72 2963/3823/2708 2969/3830/2714 2882/3741/2643
f 2963/3823/2708 2962/3822/2707 2967/3828/2712 2969/3830/2714
f 2965/3825/2710 2968/3829/2713 2970/3831/2715 2966/3827/2711
f 2846/3870/253 2849/3871/253 2856/3872/253 3009/3873/253
f 3010/3874/755 2856/3875/2754 2851/3876/11 3011/3877/2755
f 3012/3878/2756 3011/3877/2755 2851/3876/11 2850/3879/11
f 2886/3731/2635 2879/3724/2630 2857/3696/2607
f 2857/3696/2607 2879/3724/2630 2878/3723/2607 2858/3697/2607
f 2881/3880/253 2887/3881/253 3009/3882/253 2856/3875/2754
f 2877/3757/253 2881/3880/253 3010/3874/755 2911/3758/253
f 2856/3875/2754 3010/3874/755 2881/3880/253
f 2885/3730/2633 2875/3720/2628 2882/3727/2632 2894/3883/60
f 2894/3883/60 2890/3884/60 2885/3730/2633
f 2893/3885/60 2885/3730/2633 2890/3884/60
f 2906/3752/2654 3004/3865/2749 3003/3864/2748
f 2910/3756/2658 2972/3833/2717 2907/3753/2655
f 2908/3754/2656 2910/3756/2658 2907/3753/2655
f 2972/3833/2717 2905/3751/2653 2907/3753/2655
f 2906/3752/2654 2971/3832/2716 3004/3865/2749
f 2972/3833/2717 2906/3752/2654 2905/3751/2653
f 3007/3868/2752 2999/3860/2744 2998/3859/2743
f 3008/3869/2753 2906/3752/2654 3003/3864/2748
f 3002/3863/2747 3008/3869/2753 3003/3864/2748
f 3001/3862/2746 3008/3869/2753 3002/3863/2747
f 3006/3867/2751 3008/3869/2753 3001/3862/2746
f 3007/3868/2752 3008/3869/2753 3006/3867/2751
f 3005/3866/2750 3000/3861/2745 3007/3868/2752
f 3007/3868/2752 3000/3861/2745 2999/3860/2744
f 3008/3869/2753 3007/3868/2752 2998/3859/2743
f 2997/3858/2742 3008/3869/2753 2998/3859/2743
f 2906/3752/2654 2972/3833/2717 2971/3832/2716
f 3013/3886/2604 3014/3887/2601 3015/3888/2602 3016/3889/2603
f 3017/3890/2605 3016/3891/2605 3015/3892/2605 3018/3893/2605
f 3019/3894/83 3020/3895/2757 2854/3690/1363 2853/3689/83 3021/3896/83
f 3015/3888/2602 3014/3887/2601 3022/3897/72 3018/3898/72
f 2863/3702/2612 3023/3899/2758 3024/3900/2759 2864/3703/2613
f 3025/3901/2616 3026/3902/2760 2868/3708/2617 2867/3707/2616
f 3027/3903/2761 3023/3899/2758 2863/3702/2612 2870/3711/2620
f 3028/3904/2762 3024/3900/2759 3023/3899/2758 3027/3905/2763
f 2872/3714/2623 2864/3703/2613 3024/3900/2759 3028/3906/2764
f 2873/3716/2625 2874/3719/2627 3029/3907/2765 3030/3908/2625
f 2874/3719/2627 2872/3714/2623 3028/3906/2764 3029/3907/2765
f 3029/3909/2766 3028/3904/2762 3027/3905/2763 3026/3910/2767
f 3026/3902/2760 3027/3903/2761 2870/3711/2620 2868/3708/2617
f 3031/3911/2768 3032/3912/2769 3033/3913/2770
f 2878/3723/2607 2880/3725/2631 3033/3913/2770 3034/3914/2771
f 3035/3915/2772 3034/3914/2771 3036/3916/2773
f 3031/3911/2768 3037/3917/2774 3032/3912/2769
f 2883/3728/2633 2885/3730/2633 3031/3911/2768 3038/3918/2775
f 2880/3725/2631 2889/3734/2631 3039/3919/2776 3033/3913/2770
f 2889/3734/2631 2883/3728/2633 3038/3918/2775 3039/3919/2776
f 3031/3911/2768 3033/3913/2770 3039/3919/2776 3038/3918/2775
f 3040/3920/2777 2893/3921/2778 2892/3922/2779 3041/3923/2780
f 3042/3924/2781 3040/3920/2777 3041/3923/2780 3043/3925/2782
f 3037/3926/2783 3042/3924/2781 3043/3925/2782 3044/3927/2784
f 2892/3922/2779 2898/3928/2785 3045/3929/2786 3041/3923/2780
f 3041/3923/2780 3045/3929/2786 3046/3930/2787 3043/3925/2782
f 3043/3925/2782 3046/3930/2787 3047/3931/2788 3044/3927/2784
f 2898/3928/2785 2902/3932/2789 3048/3933/2790 3045/3929/2786
f 3045/3929/2786 3048/3933/2790 3049/3934/2791 3046/3930/2787
f 3046/3930/2787 3049/3934/2791 3050/3935/2792 3047/3931/2788
f 2902/3932/2789 2906/3752/2654 3051/3936/2793 3048/3933/2790
f 3048/3933/2790 3051/3936/2793 3052/3937/2794 3049/3934/2791
f 3049/3934/2791 3052/3937/2794 3053/3938/2795 3050/3935/2792
f 3053/3938/2795 3054/3939/2796 3055/3940/2797 3050/3935/2792
f 3032/3941/253 3056/3942/2660 2912/3759/2659 2911/3758/253
f 3057/3943/2661 3058/3944/2664 2916/3763/2663 2915/3762/2662
f 3058/3944/2664 3059/3945/2666 2918/3765/2665 2916/3763/2663
f 3059/3945/2666 3060/3946/2668 2920/3767/2667 2918/3765/2665
f 3061/3947/11 3062/3948/11 2924/3771/11 2923/3770/11
f 3063/3949/11 3064/3950/11 2928/3775/11 2927/3774/11
f 3065/3951/11 3061/3947/11 2923/3770/11 2931/3778/11
f 3064/3950/11 3065/3951/11 2931/3778/11 2928/3775/11
f 3066/3952/11 3067/3953/11 2934/3781/11 2933/3780/11
f 3062/3948/11 3066/3952/11 2933/3780/11 2924/3771/11
f 3056/3942/2660 3057/3943/2661 2915/3762/2662 2912/3759/2659
f 3061/3954/2798 3068/3955/2799 3069/3956/2800 3062/3957/2801
f 3062/3957/2801 3069/3956/2800 3070/3958/2802 3066/3959/2803
f 3064/3960/2804 3071/3961/2805 3072/3962/2806 3065/3963/2807
f 3057/3964/2808 3073/3965/2809 3074/3966/2810 3058/3967/2811
f 3063/3968/2812 3075/3969/2813 3071/3961/2805 3064/3960/2804
f 3065/3963/2807 3072/3962/2806 3068/3955/2799 3061/3954/2798
f 3059/3970/2814 3076/3971/2815 3077/3972/2816 3060/3973/2817
f 3066/3959/2803 3070/3958/2802 3078/3974/2818 3067/3975/2819
f 3058/3967/2811 3074/3966/2810 3076/3971/2815 3059/3970/2814
f 3060/3973/2817 3077/3972/2816 3075/3969/2813 3063/3968/2812
f 3060/3946/2668 3063/3949/11 2927/3774/11 2920/3767/2667
f 2934/3805/253 3067/3975/2819 3078/3974/2818 2947/3806/2691
f 3075/3969/2813 3079/3976/2820 3080/3977/2821 3071/3961/2805
f 3068/3955/2799 3081/3978/2822 3082/3979/2823 3069/3956/2800
f 3076/3971/2815 3083/3980/2824 3084/3981/2825 3077/3972/2816
f 3073/3965/2809 3085/3982/2826 3086/3983/2827 3074/3966/2810
f 3072/3962/2806 3087/3984/2828 3081/3978/2822 3068/3955/2799
f 3077/3972/2816 3084/3981/2825 3079/3976/2820 3075/3969/2813
f 3069/3956/2800 3082/3979/2823 3088/3985/2829 3070/3958/2802
f 3071/3961/2805 3080/3977/2821 3087/3984/2828 3072/3962/2806
f 3074/3966/2810 3086/3983/2827 3083/3980/2824 3076/3971/2815
f 3078/3974/2818 3089/3986/2830 2958/3817/2702 2947/3806/2691
f 3070/3958/2802 3088/3985/2829 3089/3986/2830 3078/3974/2818
f 3073/3965/2809 3090/3987/2831 3091/3988/2832 3085/3982/2826
f 3057/3964/2808 3056/3989/2833 3090/3987/2831 3073/3965/2809
f 3091/3988/2832 3090/3987/2831 3092/3990/2834 3093/3991/2835
f 3093/3991/2835 3094/3992/2836 3095/3993/2837 3091/3988/2832
f 3032/3994/254 3090/3987/2831 3056/3989/2833
f 3093/3991/2835 3096/3995/2838 3097/3996/2839 3094/3992/2836
f 3094/3992/2836 3098/3997/2840 3095/3993/2837
f 3037/3926/2783 3044/3927/2784 3099/3998/2841
f 3047/3931/2788 3099/3998/2841 3044/3927/2784
f 3047/3931/2788 3050/3935/2792 3055/3940/2797 3099/3998/2841
f 3100/3999/2842 3101/4000/2843 3102/4001/2844 3098/3997/2840
f 3055/3940/2797 3054/3939/2796 3100/3999/2842 3099/3998/2841
f 3100/3999/2842 3054/3939/2796 3101/4000/2843
f 3088/3985/2829 3103/4002/2845 3104/4003/2846 3089/3986/2830
f 3081/3978/2822 3105/4004/2847 3106/4005/2848 3082/3979/2823
f 3083/3980/2824 3107/4006/2849 3108/4007/2850 3084/3981/2825
f 3085/3982/2826 3109/4008/2851 3110/4009/2852 3086/3983/2827
f 3087/3984/2828 3111/4010/2853 3105/4004/2847 3081/3978/2822
f 3084/3981/2825 3108/4007/2850 3112/4011/2854 3079/3976/2820
f 3079/3976/2820 3112/4011/2854 3113/4012/2855 3080/3977/2821
f 3082/3979/2823 3106/4005/2848 3103/4002/2845 3088/3985/2829
f 3080/3977/2821 3113/4012/2855 3111/4010/2853 3087/3984/2828
f 3089/3986/2830 3104/4003/2846 2984/3845/2729 2958/3817/2702
f 3086/3983/2827 3110/4009/2852 3107/4006/2849 3083/3980/2824
f 3085/3982/2826 3091/3988/2832 3095/3993/2837 3109/4008/2851
f 3105/4004/2847 3114/4013/2856 3115/4014/2857 3106/4005/2848
f 3107/4006/2849 3116/4015/2858 3117/4016/2859 3108/4007/2850
f 3109/4008/2851 3118/4017/2860 3119/4018/2861 3110/4009/2852
f 3111/4010/2853 3120/4019/2862 3114/4013/2856 3105/4004/2847
f 3108/4007/2850 3117/4016/2859 3121/4020/2863 3112/4011/2854
f 3112/4011/2854 3121/4020/2863 3122/4021/2864 3113/4012/2855
f 3095/3993/2837 3098/3997/2840 3118/4017/2860 3109/4008/2851
f 3106/4005/2848 3115/4014/2857 3123/4022/2865 3103/4002/2845
f 3113/4012/2855 3122/4021/2864 3120/4019/2862 3111/4010/2853
f 3104/4003/2846 3124/4023/2866 2995/3856/2740 2984/3845/2729
f 3110/4009/2852 3119/4018/2861 3116/4015/2858 3107/4006/2849
f 3103/4002/2845 3123/4022/2865 3124/4023/2866 3104/4003/2846
f 3123/4022/2865 3125/4024/2867 3126/4025/2868 3124/4023/2866
f 3114/4013/2856 3127/4026/2869 3128/4027/2870 3115/4014/2857
f 3116/4015/2858 3129/4028/2871 3130/4029/2872 3117/4016/2859
f 3118/4017/2860 3131/4030/2873 3132/4031/2874 3119/4018/2861
f 3120/4019/2862 3133/4032/2875 3127/4026/2869 3114/4013/2856
f 3117/4016/2859 3130/4029/2872 3134/4033/2876 3121/4020/2863
f 3121/4020/2863 3134/4033/2876 3135/4034/2877 3122/4021/2864
f 3115/4014/2857 3128/4027/2870 3125/4024/2867 3123/4022/2865
f 3122/4021/2864 3135/4034/2877 3133/4032/2875 3120/4019/2862
f 3124/4023/2866 3126/4025/2868 3008/3869/2753 2995/3856/2740
f 3119/4018/2861 3132/4031/2874 3129/4028/2871 3116/4015/2858
f 3098/3997/2840 3102/4001/2844 3131/4030/2873 3118/4017/2860
f 3096/3995/2838 3099/3998/2841 3100/3999/2842 3097/3996/2839
f 3090/3987/2831 3032/3994/254 3092/3990/2834
f 3032/3994/254 3037/3926/2783 3099/3998/2841 3092/3990/2834
f 3092/3990/2834 3099/3998/2841 3096/3995/2838 3093/3991/2835
f 3094/3992/2836 3097/3996/2839 3100/3999/2842 3098/3997/2840
f 3013/4035/253 3136/4036/253 3022/4037/253 3014/4038/253
f 3013/3886/2604 3016/3889/2603 3017/4039/254 3136/4040/254
f 3010/3874/755 3011/3877/2755 3018/4041/11 3022/4042/2754
f 3137/4043/2878 3017/4044/11 3018/4041/11 3011/3877/2755
f 3032/3941/253 2911/3758/253 3010/3874/755 3138/4045/253
f 3022/4042/2754 3138/4045/253 3010/3874/755
f 2885/3730/2633 3042/4046/60 3037/3917/2774 3031/3911/2768
f 3042/4046/60 2885/3730/2633 3040/4047/60
f 2893/3885/60 3040/4047/60 2885/3730/2633
f 2906/3752/2654 3132/4031/2874 3131/4030/2873
f 3054/3939/2796 3052/3937/2794 3101/4000/2843
f 3053/3938/2795 3052/3937/2794 3054/3939/2796
f 3101/4000/2843 3052/3937/2794 3051/3936/2793
f 2906/3752/2654 3131/4030/2873 3102/4001/2844
f 3101/4000/2843 3051/3936/2793 2906/3752/2654
f 3135/4034/2877 3125/4024/2867 3128/4027/2870
f 3008/3869/2753 3132/4031/2874 2906/3752/2654
f 3129/4028/2871 3132/4031/2874 3008/3869/2753
f 3130/4029/2872 3129/4028/2871 3008/3869/2753
f 3134/4033/2876 3130/4029/2872 3008/3869/2753
f 3135/4034/2877 3134/4033/2876 3008/3869/2753
f 3133/4032/2875 3135/4034/2877 3127/4026/2869
f 3135/4034/2877 3128/4027/2870 3127/4026/2869
f 3008/3869/2753 3125/4024/2867 3135/4034/2877
f 3126/4025/2868 3125/4024/2867 3008/3869/2753
f 2906/3752/2654 3102/4001/2844 3101/4000/2843
f 3019/4048/2879 3021/4049/2880 3139/4050/2881 3140/4051/2882
f 3140/4051/2882 3139/4050/2881 3141/4052/2883 3142/4053/2884
f 3142/4053/2884 3141/4052/2883 3143/4054/2885 3144/4055/2886
f 3144/4055/2886 3143/4054/2885 3035/3915/2772 3145/4056/2887
f 3145/4056/2887 3035/3915/2772 3036/3916/2773 3146/4057/2888
f 3147/4058/2889 3146/4057/2888 3036/3916/2773 3138/4059/2890
f 3021/4049/2880 3148/4060/2891 3034/3914/2771 3139/4050/2881
f 2858/3697/2607 2878/3723/2607 3034/3914/2771 3148/4060/2891
f 2858/3697/2607 3148/4060/2891 3021/4049/2880 2853/3694/60
f 3141/4052/2883 3139/4050/2881 3034/3914/2771
f 3143/4054/2885 3141/4052/2883 3034/3914/2771
f 3035/3915/2772 3143/4054/2885 3034/3914/2771
f 3034/3914/2771 3033/3913/2770 3032/3912/2769 3036/3916/2773
f 3138/4059/2890 3036/3916/2773 3032/3912/2769
f 3147/4061/254 3019/4062/254 3140/4063/254
f 3147/4061/254 3140/4063/254 3142/4064/254
f 3144/4065/254 3146/4066/254 3142/4064/254
f 3145/4067/254 3146/4066/254 3144/4065/254
f 3146/4066/254 3147/4061/254 3142/4064/254
f 3149/4068/2892 3150/4069/2893 3151/4070/2894 3152/4071/1181
f 3153/4072/2895 3154/4073/2896 3155/4074/2897 3156/4075/2898
f 3157/4076/2899 3158/4077/2900 3152/4071/1181 3151/4070/2894
f 3022/4042/2754 3136/4078/253 3152/4079/253
f 3138/4045/253 3022/4042/2754 3152/4079/253 3158/4080/253
f 3147/4081/253 3138/4045/253 3158/4080/253
f 3147/4061/254 3158/4077/2900 3019/4062/254
f 3011/3877/2755 2873/3716/2625 3030/3908/2625 3137/4043/2878
f 3020/3895/2757 3025/3901/2616 2867/3707/2616 2854/3690/1363
f 3011/3877/2755 3012/3878/2756 2859/3717/2625 2873/3716/2625
f 2855/3691/2606 2854/3690/1363 2867/3707/2616 2860/3706/2616
f 3012/4082/2901 2855/4083/2901 2860/3699/2609 2859/3698/2608
f 3030/4084/2902 3150/4085/2903 3149/4086/2904 3137/4087/2904
f 3020/4088/2905 3155/4089/2905 3154/4090/2906 3025/4091/2907
f 3025/4091/2907 3154/4090/2906 3026/3910/2767
f 3150/4085/2903 3029/3909/2766 3026/3910/2767 3154/4090/2906
f 3029/3909/2766 3150/4085/2903 3030/4084/2902
f 3017/4092/254 3137/4093/254 3149/4068/2892
f 3159/4094/2908 3160/4095/2909 3161/4096/2910 3162/4097/2911
f 3163/4098/2912 3164/4099/2913 3160/4095/2909 3159/4094/2908
f 3162/4097/2911 3165/4100/2914 3166/4101/2915 3159/4094/2908
f 3159/4094/2908 3166/4101/2915 3167/4102/2916 3163/4098/2912
f 3161/4096/2910 3168/4103/2917 3165/4100/2914 3162/4097/2911
f 3164/4099/2913 3169/4104/2918 3170/4105/2919 3160/4095/2909
f 3160/4095/2909 3170/4105/2919 3168/4103/2917 3161/4096/2910
f 3163/4098/2912 3167/4102/2916 3169/4104/2918 3164/4099/2913
f 3171/4106/2920 3172/4107/2921 3173/4108/2922 3174/4109/2923
f 3175/4110/2924 3176/4111/2925 3172/4107/2921 3171/4106/2920
f 3174/4109/2923 3177/4112/2926 3178/4113/2927 3171/4106/2920
f 3171/4106/2920 3178/4113/2927 3179/4114/2928 3175/4110/2924
f 3173/4108/2922 3180/4115/2929 3177/4112/2926 3174/4109/2923
f 3176/4111/2925 3181/4116/2930 3182/4117/2931 3172/4107/2921
f 3172/4107/2921 3182/4117/2931 3180/4115/2929 3173/4108/2922
f 3175/4110/2924 3179/4114/2928 3181/4116/2930 3176/4111/2925
f 3157/4076/2899 3183/4118/2932 3184/4119/2933 3158/4077/2900
f 3156/4075/2898 3184/4119/2933 3185/4120/2934 3186/4121/2935
f 3168/4103/2917 3177/4112/2926 3186/4121/2935 3185/4120/2934
f 3158/4077/2900 3184/4119/2933 3019/4062/254
f 3184/4119/2933 3156/4075/2898 3019/4062/254
f 3019/4062/254 3156/4075/2898 3155/4074/2897 3020/4122/254
f 3154/4073/2896 3177/4112/2926 3150/4069/2893
f 3150/4069/2893 3177/4112/2926 3168/4103/2917 3151/4070/2894
f 3168/4103/2917 3170/4105/2919 3151/4070/2894
f 3136/4123/254 3017/4092/254 3149/4068/2892 3152/4071/1181
f 3153/4072/2895 3156/4075/2898 3180/4115/2929
f 3180/4115/2929 3156/4075/2898 3186/4121/2935 3177/4112/2926
f 3183/4118/2932 3165/4100/2914 3184/4119/2933
f 3153/4072/2895 3182/4117/2931 3154/4073/2896
f 3182/4117/2931 3181/4116/2930 3154/4073/2896
f 3181/4116/2930 3179/4114/2928 3154/4073/2896
f 3179/4114/2928 3178/4113/2927 3154/4073/2896
f 3178/4113/2927 3177/4112/2926 3154/4073/2896
f 3169/4104/2918 3151/4070/2894 3170/4105/2919
f 3153/4072/2895 3180/4115/2929 3182/4117/2931
f 3157/4076/2899 3167/4102/2916 3166/4101/2915
f 3165/4100/2914 3157/4076/2899 3166/4101/2915
f 3157/4076/2899 3165/4100/2914 3183/4118/2932
f 3151/4070/2894 3169/4104/2918 3167/4102/2916
f 3168/4103/2917 3185/4120/2934 3184/4119/2933 3165/4100/2914
f 3157/4076/2899 3151/4070/2894 3167/4102/2916
f 3187/4124/2936 3188/4125/2937 3189/4126/2938 3190/4127/2939
f 3191/4128/2940 3192/4129/2941 3193/4130/2942 3194/4131/2943
f 3195/4132/2944 3196/4133/2945 3197/4134/2946 3198/4135/2947
f 3199/4136/2948 3200/4137/2949 3201/4138/2950 3202/4139/2951
f 3188/4125/2937 3203/4140/1773 3194/4131/2943 3189/4126/2938
f 3203/4140/1773 3204/4141/2952 3205/4142/2953 3194/4131/2943
f 3192/4129/2941 3191/4128/2940 3206/4143/2954 3207/4144/2955
f 3208/4145/2956 3209/4146/2957 3210/4147/2958 3211/4148/2959
f 3199/4136/2948 3202/4139/2951 3212/4149/2960 3213/4150/2961
f 3191/4128/2940 3205/4142/2953 3214/4151/2962 3206/4143/2954
f 3209/4146/2957 3192/4129/2941 3207/4144/2955 3210/4147/2958
f 3205/4142/2953 3199/4136/2948 3213/4150/2961 3214/4151/2962
f 3213/4150/2961 3212/4149/2960 3215/4152/2963 3216/4153/2964
f 3206/4143/2954 3214/4151/2962 3217/4154/2965 3218/4155/2966
f 3210/4147/2958 3207/4144/2955 3219/4156/2967 3220/4157/2968
f 3214/4151/2962 3213/4150/2961 3216/4153/2964 3217/4154/2965
f 3207/4144/2955 3206/4143/2954 3218/4155/2966 3219/4156/2967
f 3211/4148/2959 3210/4147/2958 3220/4157/2968 3221/4158/2969
f 3215/4152/2963 3221/4158/2969 3220/4157/2968
f 3219/4156/2967 3216/4153/2964 3220/4157/2968
f 3218/4155/2966 3217/4154/2965 3219/4156/2967
f 3219/4156/2967 3217/4154/2965 3216/4153/2964
f 3216/4153/2964 3215/4152/2963 3220/4157/2968
f 3204/4141/2952 3203/4140/1773 3188/4125/2937
f 3201/4138/2950 3200/4137/2949 3187/4124/2936
f 3222/4159/2970 3223/4160/2971 3196/4133/2945 3193/4130/2942
f 3201/4138/2950 3187/4124/2936 3224/4161/2972
f 3200/4137/2949 3188/4125/2937 3187/4124/2936
f 3204/4141/2952 3188/4125/2937 3200/4137/2949
f 3193/4130/2942 3196/4133/2945 3195/4132/2944 3194/4131/2943
f 3194/4131/2943 3195/4132/2944 3189/4126/2938
f 3225/4162/2973 3226/4163/2974 3227/4164/2975 3228/4165/2976
f 3229/4166/2977 3228/4165/2976 3230/4167/2978 3231/4168/2979
f 3232/4169/2980 3229/4166/2977 3231/4168/2979 3233/4170/2981
f 3234/4171/2982 3232/4169/2980 3233/4170/2981 3235/4172/2983
f 3236/4173/2984 3237/4174/2985 3238/4175/2986 3239/4176/2987
f 3237/4174/2985 3234/4171/2982 3235/4172/2983 3238/4175/2986
f 3228/4165/2976 3227/4164/2975 3240/4177/2988 3230/4167/2978
f 3231/4168/2979 3230/4167/2978 3241/4178/2989 3242/4179/2990
f 3239/4176/2987 3238/4175/2986 3243/4180/2991 3244/4181/2992
f 3233/4170/2981 3231/4168/2979 3242/4179/2990 3245/4182/2993
f 3235/4172/2983 3233/4170/2981 3245/4182/2993 3246/4183/2994
f 3238/4175/2986 3235/4172/2983 3246/4183/2994 3243/4180/2991
f 3230/4167/2978 3240/4177/2988 3247/4184/2995 3241/4178/2989
f 3244/4181/2992 3243/4180/2991 3248/4185/2996 3249/4186/2997
f 3245/4182/2993 3242/4179/2990 3250/4187/2998 3251/4188/2999
f 3246/4183/2994 3245/4182/2993 3251/4188/2999 3252/4189/3000
f 3243/4180/2991 3246/4183/2994 3252/4189/3000 3248/4185/2996
f 3241/4178/2989 3247/4184/2995 3253/4190/3001 3254/4191/3002
f 3242/4179/2990 3241/4178/2989 3254/4191/3002 3250/4187/2998
f 3253/4190/3001 3249/4186/2997 3248/4185/2996
f 3252/4189/3000 3254/4191/3002 3248/4185/2996
f 3251/4188/2999 3250/4187/2998 3252/4189/3000
f 3252/4189/3000 3250/4187/2998 3254/4191/3002
f 3254/4191/3002 3253/4190/3001 3248/4185/2996
f 3191/4128/2940 3194/4131/2943 3205/4142/2953
f 3209/4146/2957 3208/4145/2956 3255/4192/3003 3222/4159/2970
f 3205/4142/2953 3204/4141/2952 3200/4137/2949 3199/4136/2948
f 3223/4160/2971 3256/4193/3004 3257/4194/3005 3258/4195/3006
f 3192/4129/2941 3209/4146/2957 3222/4159/2970 3193/4130/2942
f 3224/4161/2972 3187/4124/2936 3190/4127/2939 3259/4196/3007
f 3196/4133/2945 3223/4160/2971 3258/4195/3006 3197/4134/2946
f 3225/4162/2973 3260/4197/3008 3261/4198/3009 3262/4199/3010
f 3226/4163/2974 3225/4162/2973 3262/4199/3010 3263/4200/3011
f 3260/4197/3008 3195/4132/2944 3198/4135/2947 3261/4198/3009
f 3198/4135/2947 3197/4134/2946 3264/4201/3012 3265/4202/3013
f 3197/4134/2946 3258/4195/3006 3266/4203/3014 3264/4201/3012
f 3263/4200/3011 3262/4199/3010 3267/4204/3015 3268/4205/3016
f 3261/4198/3009 3198/4135/2947 3265/4202/3013 3269/4206/3017
f 3258/4195/3006 3257/4194/3005 3270/4207/3018 3266/4203/3014
f 3262/4199/3010 3261/4198/3009 3269/4206/3017 3267/4204/3015
f 3264/4201/3012 3266/4203/3014 3271/4208/3019 3272/4209/3020
f 3268/4205/3016 3267/4204/3015 3273/4210/3021 3274/4211/3022
f 3269/4206/3017 3265/4202/3013 3275/4212/3023 3276/4213/3024
f 3267/4204/3015 3269/4206/3017 3276/4213/3024 3273/4210/3021
f 3266/4203/3014 3270/4207/3018 3277/4214/3025 3271/4208/3019
f 3265/4202/3013 3264/4201/3012 3272/4209/3020 3275/4212/3023
f 3277/4214/3025 3274/4211/3022 3273/4210/3021
f 3276/4213/3024 3271/4208/3019 3273/4210/3021
f 3275/4212/3023 3272/4209/3020 3276/4213/3024
f 3276/4213/3024 3272/4209/3020 3271/4208/3019
f 3271/4208/3019 3277/4214/3025 3273/4210/3021
f 3229/4166/2977 3260/4197/3008 3225/4162/2973 3228/4165/2976
f 3237/4174/2985 3190/4127/2939 3189/4126/2938 3234/4171/2982
f 3232/4169/2980 3234/4171/2982 3189/4126/2938 3195/4132/2944
f 3236/4173/2984 3259/4196/3007 3190/4127/2939 3237/4174/2985
f 3232/4169/2980 3195/4132/2944 3260/4197/3008 3229/4166/2977
f 3223/4160/2971 3222/4159/2970 3255/4192/3003 3256/4193/3004
f 3012/4215/72 3249/4186/2997 2855/4216/72
f 3253/4190/3001 3247/4184/2995 2855/4216/72
f 3247/4184/2995 3240/4177/2988 2855/4216/72
f 3012/4215/72 2850/4217/72 3236/4173/2984
f 3009/4218/72 3202/4139/2951 3201/4138/2950
f 3277/4214/3025 3221/4158/2969 2886/4219/72
f 3244/4181/2992 3012/4215/72 3239/4176/2987
f 3270/4207/3018 3257/4194/3005 3208/4145/2956
f 3239/4176/2987 3012/4215/72 3236/4173/2984
f 3227/4164/2975 2852/4220/72 3240/4177/2988
f 2850/4217/72 3259/4196/3007 3236/4173/2984
f 3226/4163/2974 2852/4220/72 3227/4164/2975
f 3226/4163/2974 3263/4200/3011 2852/4220/72
f 3263/4200/3011 2886/4219/72 2857/4221/72
f 3268/4205/3016 2886/4219/72 3263/4200/3011
f 3274/4211/3022 2886/4219/72 3268/4205/3016
f 3274/4211/3022 3277/4214/3025 2886/4219/72
f 3208/4145/2956 3257/4194/3005 3256/4193/3004
f 3270/4207/3018 3221/4158/2969 3277/4214/3025
f 3221/4158/2969 2887/4222/72 2886/4219/72
f 3255/4192/3003 3208/4145/2956 3256/4193/3004
f 3263/4200/3011 2857/4221/72 2852/4220/72
f 3211/4148/2959 3270/4207/3018 3208/4145/2956
f 3221/4158/2969 3270/4207/3018 3211/4148/2959
f 3240/4177/2988 2852/4220/72 2855/4216/72
f 2847/3681/2602 3224/4161/2972 2850/4217/72
f 3224/4161/2972 3259/4196/3007 2850/4217/72
f 2847/3681/2602 3201/4138/2950 3224/4161/2972
f 2846/3680/2601 3201/4138/2950 2847/3681/2602
f 3215/4152/2963 2887/4222/72 3221/4158/2969
f 3212/4149/2960 2887/4222/72 3215/4152/2963
f 3202/4139/2951 2887/4222/72 3212/4149/2960
f 2846/3680/2601 3009/4218/72 3201/4138/2950
f 3244/4181/2992 3249/4186/2997 3012/4215/72
f 3249/4186/2997 3253/4190/3001 2855/4216/72
f 3009/4218/72 2887/4222/72 3202/4139/2951
f 3278/4223/3026 3279/4224/3027 3280/4225/3028 3281/4226/3029
f 3282/4227/3030 3283/4228/3031 3278/4223/3026 3281/4226/3029
f 3284/4229/3032 3285/4230/3033 3286/4231/3034 3287/4232/3035
f 3288/4233/3036 3289/4234/3037 3290/4235/3038 3291/4236/3039
f 3283/4228/3031 3284/4229/3032 3287/4232/3035 3278/4223/3026
f 3285/4230/3033 3288/4233/3036 3291/4236/3039 3286/4231/3034
f 3283/4228/3031 3282/4227/3030 3292/4237/3040 3293/4238/3041
f 3285/4230/3033 3284/4229/3032 3294/4239/3042 3295/4240/3043
f 3289/4234/3037 3288/4233/3036 3296/4241/3044 3297/4242/3045
f 3284/4229/3032 3283/4228/3031 3293/4238/3041 3294/4239/3042
f 3288/4233/3036 3285/4230/3033 3295/4240/3043 3296/4241/3044
f 3298/4243/3046 3289/4234/3037 3297/4242/3045 3299/4244/3047
f 3294/4239/3042 3293/4238/3041 3300/4245/3048 3301/4246/3049
f 3296/4241/3044 3295/4240/3043 3302/4247/3050 3303/4248/3051
f 3299/4244/3047 3297/4242/3045 3304/4249/3052 3305/4250/3053
f 3293/4238/3041 3292/4237/3040 3306/4251/3054 3300/4245/3048
f 3295/4240/3043 3294/4239/3042 3301/4246/3049 3302/4247/3050
f 3297/4242/3045 3296/4241/3044 3303/4248/3051 3304/4249/3052
f 3299/4244/3047 3305/4250/3053 3307/4252/3055 3308/4253/3056
f 3298/4243/3046 3299/4244/3047 3308/4253/3056 3309/4254/3057
f 3289/4234/3037 3298/4243/3046 3310/4255/3058 3290/4235/3038
f 3310/4255/3058 3298/4243/3046 3309/4254/3057 3311/4256/3059
f 3280/4225/3028 3312/4257/3060 3281/4226/3029
f 3313/4258/3061 3314/4259/3062 3291/4236/3039
f 3313/4258/3061 3291/4236/3039 3315/4260/3063
f 3290/4235/3038 3316/4261/3064 3315/4260/3063 3291/4236/3039
f 3310/4255/3058 3317/4262/3065 3316/4261/3064 3290/4235/3038
f 3291/4236/3039 3318/4263/3066 3319/4264/3067 3286/4231/3034
f 3319/4264/3067 3320/4265/3068 3286/4231/3034
f 3286/4231/3034 3320/4265/3068 3321/4266/3069 3287/4232/3035
f 3287/4232/3035 3321/4266/3069 3279/4224/3027 3278/4223/3026
f 3322/4267/253 3323/4268/491 3324/4269/2898 3325/4270/948
f 3292/4237/3040 3326/4271/3070 3327/4272/1055 3306/4251/3054
f 3328/4273/3071 3329/4274/60 3330/4275/3072
f 3331/4276/3073 3332/4277/3074 3333/4278/60 3329/4274/60
f 3329/4274/60 3334/4279/60 3335/4280/3075 3330/4275/3072
f 3330/4275/3072 3335/4280/3075 3336/4281/3076 3337/4282/3077
f 3328/4273/3071 3330/4275/3072 3337/4282/3077 3338/4283/3078
f 3339/4284/3079 3328/4273/3071 3338/4283/3078 3340/4285/3080
f 3341/4286/1055 3336/4281/3076 3335/4287/72 3334/4288/72
f 3336/4281/3076 3341/4286/1055 3342/4289/253 3343/4290/253
f 3337/4282/3077 3336/4281/3076 3343/4290/253 3344/4291/253
f 3340/4285/3080 3338/4283/3078 3337/4282/3077 3344/4291/253
f 3345/4292/253 3346/4293/3081 3347/4294/3082 3348/4295/755
f 3349/4296/491 3350/4297/3083 3351/4298/3082 3352/4299/755
f 3353/4300/491 3354/4301/3083 3355/4302/3082 3356/4303/755
f 3357/4304/491 3358/4305/3083 3359/4306/3082 3360/4307/755
f 3361/4308/491 3362/4309/3083 3363/4310/3082 3364/4311/755
f 3365/4312/491 3366/4313/3083 3367/4314/3082 3368/4315/755
f 3369/4316/491 3370/4317/3083 3371/4318/3082 3372/4319/755
f 3373/4320/491 3374/4321/3083 3375/4322/3082 3376/4323/755
f 3377/4324/491 3378/4325/3083 3379/4326/3082 3380/4327/755
f 3381/4328/491 3382/4329/3083 3383/4330/3082 3384/4331/755
f 3385/4332/491 3386/4333/3083 3387/4334/3082 3388/4335/755
f 3389/4336/491 3390/4337/3083 3391/4338/3082 3392/4339/755
f 3393/4340/491 3394/4341/3083 3395/4342/3082 3396/4343/755
f 3397/4344/491 3398/4345/3083 3399/4346/3082 3400/4347/755
f 3395/4342/3082 3394/4341/3083 3401/4348/3084 3402/4349/3085
f 3371/4318/3082 3370/4317/3083 3403/4350/3084 3404/4351/3085
f 3399/4346/3082 3398/4345/3083 3405/4352/3084 3406/4353/3085
f 3375/4322/3082 3374/4321/3083 3407/4354/3084 3408/4355/3085
f 3379/4326/3082 3378/4325/3083 3409/4356/3084 3410/4357/3085
f 3355/4302/3082 3354/4301/3083 3411/4358/3084 3412/4359/3085
f 3383/4330/3082 3382/4329/3083 3413/4360/3084 3414/4361/3085
f 3415/4362/3082 3416/4363/3083 3417/4364/3084 3418/4365/3086
f 3359/4306/3082 3358/4305/3083 3419/4366/3084 3420/4367/3085
f 3387/4334/3082 3386/4333/3083 3421/4368/3084 3422/4369/3085
f 3363/4310/3082 3362/4309/3083 3423/4370/3084 3424/4371/3085
f 3391/4338/3082 3390/4337/3083 3425/4372/3084 3426/4373/3085
f 3351/4298/3082 3350/4297/3083 3427/4374/3084 3428/4375/3085
f 3367/4314/3082 3366/4313/3083 3429/4376/3084 3430/4377/3085
f 3410/4357/3085 3409/4356/3084 3431/4378/72 3432/4379/72
f 3413/4360/3084 3410/4357/3085 3432/4379/72 3433/4380/72
f 3414/4361/3085 3413/4360/3084 3433/4380/72 3434/4381/72
f 3420/4367/3085 3419/4366/3084 3435/4382/72 3436/4383/72
f 3421/4368/3084 3414/4361/3085 3434/4381/72 3437/4384/72
f 3411/4358/3084 3428/4375/3085 3438/4385/72 3439/4386/72
f 3422/4369/3085 3421/4368/3084 3437/4384/72 3440/4387/72
f 3419/4366/3084 3412/4359/3085 3441/4388/72 3435/4382/72
f 3423/4370/3084 3420/4367/3085 3436/4383/72 3442/4389/72
f 3428/4375/3085 3427/4374/3084 3443/4390/72 3438/4385/72
f 3425/4372/3084 3422/4369/3085 3440/4387/72 3444/4391/72
f 3412/4359/3085 3411/4358/3084 3439/4386/72 3441/4388/72
f 3424/4371/3085 3423/4370/3084 3442/4389/72 3445/4392/72
f 3426/4373/3085 3425/4372/3084 3444/4391/72 3446/4393/72
f 3429/4376/3084 3424/4371/3085 3445/4392/72 3447/4394/72
f 3401/4348/3084 3426/4373/3085 3446/4393/72 3448/4395/72
f 3430/4377/3085 3429/4376/3084 3447/4394/72 3449/4396/72
f 3402/4349/3085 3401/4348/3084 3448/4395/72 3450/4397/72
f 3405/4352/3084 3402/4349/3085 3450/4397/72 3451/4398/72
f 3404/4351/3085 3403/4350/3084 3452/4399/72 3453/4400/72
f 3406/4353/3085 3405/4352/3084 3451/4398/72 3454/4401/72
f 3407/4354/3084 3404/4351/3085 3453/4400/72 3455/4402/72
f 3417/4364/3084 3406/4353/3085 3454/4401/72 3456/4403/72
f 3408/4355/3085 3407/4354/3084 3455/4402/72 3457/4404/72
f 3418/4365/3086 3417/4364/3084 3456/4403/72 3458/4405/72
f 3409/4356/3084 3408/4355/3085 3457/4404/72 3431/4378/72
f 3459/4406/72 3460/4407/3085 3461/4408/3087 3462/4409/3088
f 3342/4289/253 3341/4286/1055 3346/4293/3081 3345/4292/253
f 3346/4293/3081 3461/4408/3087 3460/4407/3085 3347/4294/3082
f 3462/4409/3088 3461/4408/3087 3346/4293/3081 3463/4410/3089
f 3341/4286/1055 3334/4288/72 3463/4410/3089 3346/4293/3081
f 3414/4361/3085 3421/4368/3084 3464/4411/491 3465/4412/755
f 3426/4373/3085 3401/4348/3084 3466/4413/491 3467/4414/755
f 3404/4351/3085 3407/4354/3084 3468/4415/491 3469/4416/755
f 3406/4353/3085 3417/4364/3084 3470/4417/491 3471/4418/755
f 3424/4371/3085 3429/4376/3084 3472/4419/491 3473/4420/755
f 3410/4357/3085 3413/4360/3084 3474/4421/491 3475/4422/755
f 3428/4375/3085 3411/4358/3084 3476/4423/491 3477/4424/755
f 3422/4369/3085 3425/4372/3084 3478/4425/491 3479/4426/755
f 3412/4359/3085 3419/4366/3084 3480/4427/491 3481/4428/755
f 3402/4349/3085 3405/4352/3084 3482/4429/491 3483/4430/755
f 3420/4367/3085 3423/4370/3084 3484/4431/491 3485/4432/755
f 3408/4355/3085 3409/4356/3084 3486/4433/491 3487/4434/755
f 3459/4406/72 3443/4390/72 3427/4374/3084 3460/4407/3085
f 3460/4407/3085 3427/4374/3084 3488/4435/491 3489/4436/755
f 3452/4399/72 3403/4350/3084 3430/4377/3085 3449/4396/72
f 3430/4377/3085 3403/4350/3084 3490/4437/491 3491/4438/755
f 3347/4294/3082 3460/4407/3085 3489/4436/755 3348/4295/755
f 3353/4300/491 3476/4423/491 3411/4358/3084 3354/4301/3083
f 3355/4302/3082 3412/4359/3085 3481/4428/755 3356/4303/755
f 3351/4298/3082 3428/4375/3085 3477/4424/755 3352/4299/755
f 3357/4304/491 3480/4427/491 3419/4366/3084 3358/4305/3083
f 3359/4306/3082 3420/4367/3085 3485/4432/755 3360/4307/755
f 3361/4308/491 3484/4431/491 3423/4370/3084 3362/4309/3083
f 3363/4310/3082 3424/4371/3085 3473/4420/755 3364/4311/755
f 3365/4312/491 3472/4419/491 3429/4376/3084 3366/4313/3083
f 3367/4314/3082 3430/4377/3085 3491/4438/755 3368/4315/755
f 3369/4316/491 3490/4437/491 3403/4350/3084 3370/4317/3083
f 3371/4318/3082 3404/4351/3085 3469/4416/755 3372/4319/755
f 3373/4320/491 3468/4415/491 3407/4354/3084 3374/4321/3083
f 3375/4322/3082 3408/4355/3085 3487/4434/755 3376/4323/755
f 3377/4324/491 3486/4433/491 3409/4356/3084 3378/4325/3083
f 3379/4326/3082 3410/4357/3085 3475/4422/755 3380/4327/755
f 3381/4328/491 3474/4421/491 3413/4360/3084 3382/4329/3083
f 3383/4330/3082 3414/4361/3085 3465/4412/755 3384/4331/755
f 3385/4332/491 3464/4411/491 3421/4368/3084 3386/4333/3083
f 3387/4334/3082 3422/4369/3085 3479/4426/755 3388/4335/755
f 3389/4336/491 3478/4425/491 3425/4372/3084 3390/4337/3083
f 3391/4338/3082 3426/4373/3085 3467/4414/755 3392/4339/755
f 3393/4340/491 3466/4413/491 3401/4348/3084 3394/4341/3083
f 3395/4342/3082 3402/4349/3085 3483/4430/755 3396/4343/755
f 3397/4344/491 3482/4429/491 3405/4352/3084 3398/4345/3083
f 3399/4346/3082 3406/4353/3085 3471/4418/755 3400/4347/755
f 3492/4439/491 3470/4417/491 3417/4364/3084 3416/4363/3083
f 3493/4440/3090 3494/4441/3091 3495/4442/3092
f 3496/4443/3093 3495/4442/3092 3497/4444/3094
f 3494/4441/3091 3497/4444/3094 3495/4442/3092
f 3498/4445/3095 3499/4446/3096 3500/4447/3097 3501/4448/3098
f 3502/4449/3099 3503/4450/3100 3504/4451/3101 3505/4452/3102
f 3506/4453/3103 3507/4454/3104 3508/4455/3105 3509/4456/3106
f 3505/4452/3102 3504/4451/3101 3499/4446/3096 3498/4445/3095
f 3509/4456/3106 3508/4455/3105 3503/4450/3100 3502/4449/3099
f 3510/4457/3107 3511/4458/3108 3507/4454/3104 3506/4453/3103
f 3504/4451/3101 3512/4459/3109 3513/4460/3110 3499/4446/3096
f 3508/4455/3105 3514/4461/3111 3515/4462/3112 3503/4450/3100
f 3511/4458/3108 3516/4463/3113 3517/4464/3114 3507/4454/3104
f 3499/4446/3096 3513/4460/3110 3518/4465/3115 3500/4447/3097
f 3503/4450/3100 3515/4462/3112 3512/4459/3109 3504/4451/3101
f 3507/4454/3104 3517/4464/3114 3514/4461/3111 3508/4455/3105
f 3511/4458/3108 3519/4466/3116 3520/4467/3117 3516/4463/3113
f 3510/4457/3107 3521/4468/3118 3519/4466/3116 3511/4458/3108
f 3510/4457/3107 3506/4453/3103 3522/4469/3119 3523/4470/3120
f 3326/4271/3070 3292/4237/3040 3282/4227/3030 3281/4226/3029 3312/4257/3060
f 3318/4263/3066 3291/4236/3039 3314/4259/3062
f 3524/4471/83 3322/4472/83 3325/4473/83 3518/4474/83
f 3339/4284/3079 3329/4274/60 3328/4273/3071
f 3525/4475/3121 3331/4276/3073 3329/4274/60
f 3525/4475/3121 3329/4274/60 3339/4284/3079
f 3331/4276/3073 3526/4476/3122 3527/4477/3123 3332/4277/3074
f 3525/4475/3121 3528/4478/3124 3526/4476/3122 3331/4276/3073
f 3339/4284/3079 3340/4285/3080 3528/4478/3124 3525/4475/3121
f 3529/4479/948 3333/4480/254 3332/4481/254 3527/4477/3123
f 3527/4477/3123 3343/4290/253 3342/4289/253 3529/4479/948
f 3526/4476/3122 3344/4291/253 3343/4290/253 3527/4477/3123
f 3340/4285/3080 3344/4291/253 3526/4476/3122 3528/4478/3124
f 3345/4292/253 3348/4295/755 3530/4482/3125 3531/4483/3126
f 3349/4296/491 3352/4299/755 3532/4484/3125 3533/4485/3127
f 3353/4300/491 3356/4303/755 3534/4486/3125 3535/4487/3127
f 3357/4304/491 3360/4307/755 3536/4488/3125 3537/4489/3127
f 3361/4308/491 3364/4311/755 3538/4490/3125 3539/4491/3127
f 3365/4312/491 3368/4315/755 3540/4492/3125 3541/4493/3127
f 3369/4316/491 3372/4319/755 3542/4494/3125 3543/4495/3127
f 3373/4320/491 3376/4323/755 3544/4496/3125 3545/4497/3127
f 3377/4324/491 3380/4327/755 3546/4498/3125 3547/4499/3127
f 3381/4328/491 3384/4331/755 3548/4500/3125 3549/4501/3127
f 3385/4332/491 3388/4335/755 3550/4502/3125 3551/4503/3127
f 3389/4336/491 3392/4339/755 3552/4504/3125 3553/4505/3127
f 3393/4340/491 3396/4343/755 3554/4506/3125 3555/4507/3127
f 3397/4344/491 3400/4347/755 3556/4508/3125 3557/4509/3127
f 3554/4506/3125 3558/4510/3128 3559/4511/3129 3555/4507/3127
f 3542/4494/3125 3560/4512/3128 3561/4513/3129 3543/4495/3127
f 3556/4508/3125 3562/4514/3128 3563/4515/3129 3557/4509/3127
f 3544/4496/3125 3564/4516/3128 3565/4517/3129 3545/4497/3127
f 3546/4498/3125 3566/4518/3128 3567/4519/3129 3547/4499/3127
f 3534/4486/3125 3568/4520/3128 3569/4521/3129 3535/4487/3127
f 3548/4500/3125 3570/4522/3128 3571/4523/3129 3549/4501/3127
f 3572/4524/3125 3573/4525/3130 3574/4526/3129 3575/4527/3127
f 3536/4488/3125 3576/4528/3128 3577/4529/3129 3537/4489/3127
f 3550/4502/3125 3578/4530/3128 3579/4531/3129 3551/4503/3127
f 3538/4490/3125 3580/4532/3128 3581/4533/3129 3539/4491/3127
f 3552/4504/3125 3582/4534/3128 3583/4535/3129 3553/4505/3127
f 3532/4484/3125 3584/4536/3128 3585/4537/3129 3533/4485/3127
f 3540/4492/3125 3586/4538/3128 3587/4539/3129 3541/4493/3127
f 3566/4518/3128 3588/4540/254 3589/4541/254 3567/4519/3129
f 3571/4523/3129 3590/4542/254 3588/4540/254 3566/4518/3128
f 3570/4522/3128 3591/4543/254 3590/4542/254 3571/4523/3129
f 3576/4528/3128 3592/4544/254 3593/4545/254 3577/4529/3129
f 3579/4531/3129 3594/4546/254 3591/4543/254 3570/4522/3128
f 3569/4521/3129 3595/4547/254 3596/4548/254 3584/4536/3128
f 3578/4530/3128 3597/4549/254 3594/4546/254 3579/4531/3129
f 3577/4529/3129 3593/4545/254 3598/4550/254 3568/4520/3128
f 3581/4533/3129 3599/4551/254 3592/4544/254 3576/4528/3128
f 3584/4536/3128 3596/4548/254 3600/4552/254 3585/4537/3129
f 3583/4535/3129 3601/4553/254 3597/4549/254 3578/4530/3128
f 3568/4520/3128 3598/4550/254 3595/4547/254 3569/4521/3129
f 3580/4532/3128 3602/4554/254 3599/4551/254 3581/4533/3129
f 3582/4534/3128 3603/4555/254 3601/4553/254 3583/4535/3129
f 3587/4539/3129 3604/4556/254 3602/4554/254 3580/4532/3128
f 3559/4511/3129 3605/4557/254 3603/4555/254 3582/4534/3128
f 3586/4538/3128 3606/4558/254 3604/4556/254 3587/4539/3129
f 3558/4510/3128 3607/4559/254 3605/4557/254 3559/4511/3129
f 3563/4515/3129 3608/4560/254 3607/4559/254 3558/4510/3128
f 3560/4512/3128 3609/4561/254 3610/4562/254 3561/4513/3129
f 3562/4514/3128 3611/4563/254 3608/4560/254 3563/4515/3129
f 3565/4517/3129 3612/4564/254 3609/4561/254 3560/4512/3128
f 3574/4526/3129 3613/4565/254 3611/4563/254 3562/4514/3128
f 3564/4516/3128 3614/4566/254 3612/4564/254 3565/4517/3129
f 3573/4525/3130 3615/4567/254 3613/4565/254 3574/4526/3129
f 3567/4519/3129 3589/4541/254 3614/4566/254 3564/4516/3128
f 3616/4568/254 3617/4569/3131 3618/4570/3132 3619/4571/3128
f 3342/4289/253 3345/4292/253 3531/4483/3126 3529/4479/948
f 3531/4483/3126 3530/4482/3125 3619/4571/3128 3618/4570/3132
f 3617/4569/3131 3620/4572/3133 3531/4483/3126 3618/4570/3132
f 3529/4479/948 3531/4483/3126 3620/4572/3133 3333/4480/254
f 3570/4522/3128 3465/4412/755 3464/4411/491 3579/4531/3129
f 3582/4534/3128 3467/4414/755 3466/4413/491 3559/4511/3129
f 3560/4512/3128 3469/4416/755 3468/4415/491 3565/4517/3129
f 3562/4514/3128 3471/4418/755 3470/4417/491 3574/4526/3129
f 3580/4532/3128 3473/4420/755 3472/4419/491 3587/4539/3129
f 3566/4518/3128 3475/4422/755 3474/4421/491 3571/4523/3129
f 3584/4536/3128 3477/4424/755 3476/4423/491 3569/4521/3129
f 3578/4530/3128 3479/4426/755 3478/4425/491 3583/4535/3129
f 3568/4520/3128 3481/4428/755 3480/4427/491 3577/4529/3129
f 3558/4510/3128 3483/4430/755 3482/4429/491 3563/4515/3129
f 3576/4528/3128 3485/4432/755 3484/4431/491 3581/4533/3129
f 3564/4516/3128 3487/4434/755 3486/4433/491 3567/4519/3129
f 3616/4568/254 3619/4571/3128 3585/4537/3129 3600/4552/254
f 3619/4571/3128 3489/4436/755 3488/4435/491 3585/4537/3129
f 3610/4562/254 3606/4558/254 3586/4538/3128 3561/4513/3129
f 3586/4538/3128 3491/4438/755 3490/4437/491 3561/4513/3129
f 3530/4482/3125 3348/4295/755 3489/4436/755 3619/4571/3128
f 3353/4300/491 3535/4487/3127 3569/4521/3129 3476/4423/491
f 3534/4486/3125 3356/4303/755 3481/4428/755 3568/4520/3128
f 3532/4484/3125 3352/4299/755 3477/4424/755 3584/4536/3128
f 3357/4304/491 3537/4489/3127 3577/4529/3129 3480/4427/491
f 3536/4488/3125 3360/4307/755 3485/4432/755 3576/4528/3128
f 3361/4308/491 3539/4491/3127 3581/4533/3129 3484/4431/491
f 3538/4490/3125 3364/4311/755 3473/4420/755 3580/4532/3128
f 3365/4312/491 3541/4493/3127 3587/4539/3129 3472/4419/491
f 3540/4492/3125 3368/4315/755 3491/4438/755 3586/4538/3128
f 3369/4316/491 3543/4495/3127 3561/4513/3129 3490/4437/491
f 3542/4494/3125 3372/4319/755 3469/4416/755 3560/4512/3128
f 3373/4320/491 3545/4497/3127 3565/4517/3129 3468/4415/491
f 3544/4496/3125 3376/4323/755 3487/4434/755 3564/4516/3128
f 3377/4324/491 3547/4499/3127 3567/4519/3129 3486/4433/491
f 3546/4498/3125 3380/4327/755 3475/4422/755 3566/4518/3128
f 3381/4328/491 3549/4501/3127 3571/4523/3129 3474/4421/491
f 3548/4500/3125 3384/4331/755 3465/4412/755 3570/4522/3128
f 3385/4332/491 3551/4503/3127 3579/4531/3129 3464/4411/491
f 3550/4502/3125 3388/4335/755 3479/4426/755 3578/4530/3128
f 3389/4336/491 3553/4505/3127 3583/4535/3129 3478/4425/491
f 3552/4504/3125 3392/4339/755 3467/4414/755 3582/4534/3128
f 3393/4340/491 3555/4507/3127 3559/4511/3129 3466/4413/491
f 3554/4506/3125 3396/4343/755 3483/4430/755 3558/4510/3128
f 3397/4344/491 3557/4509/3127 3563/4515/3129 3482/4429/491
f 3556/4508/3125 3400/4347/755 3471/4418/755 3562/4514/3128
f 3492/4439/491 3575/4527/3127 3574/4526/3129 3470/4417/491
f 3621/4573/3134 3318/4263/3066 3314/4259/3062 3622/4574/3135
f 3320/4265/3068 3496/4443/3093 3497/4444/3094 3321/4266/3069
f 3312/4257/3060 3493/4440/3090 3623/4575/3136 3624/4576/3137
f 3318/4263/3066 3621/4573/3134 3625/4577/3138 3319/4264/3067
f 3279/4224/3027 3494/4441/3091 3493/4440/3090 3280/4225/3028
f 3321/4266/3069 3497/4444/3094 3494/4441/3091 3279/4224/3027
f 3319/4264/3067 3625/4577/3138 3496/4443/3093 3320/4265/3068
f 3622/4574/3135 3314/4259/3062 3313/4258/3061 3626/4578/3139
f 3626/4578/3139 3313/4258/3061 3315/4260/3063 3627/4579/3140
f 3627/4579/3140 3315/4260/3063 3316/4261/3064 3628/4580/3141
f 3628/4580/3141 3316/4261/3064 3317/4262/3065 3629/4581/3142
f 3629/4581/3142 3317/4262/3065 3630/4582/3143 3631/4583/486
f 3311/4256/3059 3630/4582/3143 3317/4262/3065 3310/4255/3058
f 3325/4270/948 3324/4269/2898 3500/4447/3097 3518/4465/3115
f 3632/4584/3144 3628/4580/3141 3629/4581/3142
f 3632/4584/3144 3621/4573/3134 3628/4580/3141
f 3621/4573/3134 3627/4579/3140 3628/4580/3141
f 3622/4574/3135 3627/4579/3140 3621/4573/3134
f 3632/4584/3144 3625/4577/3138 3621/4573/3134
f 3622/4574/3135 3626/4578/3139 3627/4579/3140
f 3493/4440/3090 3495/4442/3092 3633/4585/3145 3623/4575/3136
f 3632/4584/3144 3629/4581/3142 3634/4586/3146 3635/4587/3147
f 3629/4581/3142 3631/4583/486 3636/4588/486 3634/4586/3146
f 3635/4587/3147 3637/4589/3148 3633/4585/3145
f 3623/4575/3136 3638/4590/3149 3624/4576/3137
f 3634/4586/3146 3639/4591/3150 3640/4592/3151
f 3634/4586/3146 3636/4588/486 3641/4593/500 3642/4594/3152
f 3495/4442/3092 3496/4443/3093 3625/4577/3138 3632/4584/3144
f 3632/4584/3144 3635/4587/3147 3633/4585/3145 3495/4442/3092
f 3280/4225/3028 3493/4440/3090 3312/4257/3060
f 3634/4586/3146 3642/4594/3152 3643/4595/3153 3639/4591/3150
f 3639/4591/3150 3643/4595/3153 3644/4596/3154 3640/4592/3151
f 3640/4592/3151 3644/4596/3154 3645/4597/3155 3646/4598/3156
f 3646/4598/3156 3645/4597/3155 3647/4599/3157 3637/4589/3148
f 3637/4589/3148 3647/4599/3157 3633/4585/3145
f 3635/4587/3147 3634/4586/3146 3640/4592/3151 3637/4589/3148
f 3640/4592/3151 3646/4598/3156 3637/4589/3148
f 3648/4600/3158 3649/4601/3159 3642/4594/3152 3641/4593/500
f 3649/4601/3159 3650/4602/3160 3643/4595/3153 3642/4594/3152
f 3643/4595/3153 3650/4602/3160 3651/4603/3161 3644/4596/3154
f 3645/4597/3155 3644/4596/3154 3651/4603/3161
f 3645/4597/3155 3651/4603/3161 3652/4604/3162 3647/4599/3157
f 3623/4575/3136 3633/4585/3145 3647/4599/3157 3638/4590/3149
f 3653/4605/3030 3624/4576/3137 3638/4590/3149 3654/4606/3031
f 3654/4606/3031 3638/4590/3149 3655/4607/3163
f 3655/4607/3163 3638/4590/3149 3647/4599/3157 3652/4604/3162
f 3654/4606/3031 3655/4607/3163 3656/4608/3164 3657/4609/3165
f 3651/4603/3161 3650/4602/3160 3658/4610/3166 3659/4611/3167
f 3650/4602/3160 3649/4601/3159 3660/4612/3168 3658/4610/3166
f 3655/4607/3163 3652/4604/3162 3661/4613/3169 3656/4608/3164
f 3653/4605/3030 3654/4606/3031 3657/4609/3165 3662/4614/3170
f 3649/4601/3159 3648/4600/3158 3663/4615/473 3660/4612/3168
f 3652/4604/3162 3651/4603/3161 3659/4611/3167 3661/4613/3169
f 3664/4616/11 3665/4617/755 3415/4362/3082 3666/4618/11
f 3665/4617/755 3664/4616/11 3667/4619/11 3572/4524/3125
f 3415/4362/3082 3665/4617/755 3492/4439/491 3416/4363/3083
f 3665/4617/755 3572/4524/3125 3575/4527/3127 3492/4439/491
f 3312/4257/3060 3463/4620/72 3334/4621/482 3326/4271/3070
f 3462/4622/3171 3463/4623/3171 3666/4624/3171 3458/4625/3171
f 3666/4626/72 3463/4620/72 3312/4257/3060 3624/4576/3137
f 3668/4627/3172 3669/4628/3173 3670/4629/3174 3671/4630/3175
f 3672/4631/3176 3673/4632/3177 3674/4633/3178
f 3675/4634/3179 3676/4635/3180 3677/4636/3181
f 3678/4637/3182 3668/4627/3172 3671/4630/3175 3679/4638/254
f 3668/4627/3172 3678/4637/3182 3680/4639/3183
f 3324/4269/2898 3333/4640/534 3620/4641/254
f 3306/4642/83 3327/4643/83 3322/4472/83 3524/4471/83
f 3327/4272/1055 3326/4271/3070 3323/4644/491 3322/4645/253
f 3324/4269/2898 3323/4268/491 3329/4646/83 3333/4640/534
f 3326/4271/3070 3334/4621/482 3329/4647/83 3323/4644/491
f 3681/4648/83 3524/4471/83 3514/4649/83
f 3307/4650/83 3305/4651/83 3681/4648/83
f 3681/4648/83 3305/4651/83 3304/4652/83
f 3516/4653/83 3520/4654/83 3681/4648/83
f 3516/4653/83 3681/4648/83 3517/4655/83
f 3517/4655/83 3681/4648/83 3514/4649/83
f 3524/4471/83 3681/4648/83 3303/4656/83
f 3515/4657/83 3514/4649/83 3524/4471/83
f 3524/4471/83 3303/4656/83 3302/4658/83
f 3512/4659/83 3515/4657/83 3524/4471/83
f 3524/4471/83 3302/4658/83 3301/4660/83
f 3513/4661/83 3512/4659/83 3524/4471/83
f 3524/4471/83 3301/4660/83 3300/4662/83
f 3518/4474/83 3513/4661/83 3524/4471/83
f 3524/4471/83 3300/4662/83 3306/4642/83
f 3681/4648/83 3304/4652/83 3303/4656/83
f 3498/4445/3095 3682/4663/3184 3505/4452/3102
f 3669/4628/3173 3680/4639/3183 3675/4634/3179
f 3678/4637/3182 3683/4664/3185 3680/4639/3183
f 3683/4664/3185 3678/4637/3182 3684/4665/3186 3685/4666/3187
f 3680/4639/3183 3669/4628/3173 3668/4627/3172
f 3667/4667/254 3686/4668/3188 3687/4669/3189 3620/4641/254
f 3506/4453/3103 3509/4456/3106 3688/4670/3190 3522/4469/3119
f 3521/4468/3118 3510/4457/3107 3523/4470/3120 3684/4665/3186
f 3669/4628/3173 3675/4634/3179 3677/4636/3181 3670/4629/3174
f 3689/4671/3191 3672/4631/3176 3690/4672/3192 3686/4668/3188
f 3691/4673/3193 3673/4632/3177 3672/4631/3176 3689/4671/3191
f 3522/4469/3119 3684/4665/3186 3523/4470/3120
f 3688/4670/3190 3676/4635/3180 3675/4634/3179
f 3686/4668/3188 3667/4667/254 3691/4673/3193 3689/4671/3191
f 3686/4668/3188 3690/4672/3192 3692/4674/3194 3687/4669/3189
f 3692/4674/3194 3690/4672/3192 3672/4631/3176 3682/4663/3184
f 3692/4674/3194 3682/4663/3184 3693/4675/3195 3687/4669/3189
f 3683/4664/3185 3694/4676/3196 3675/4634/3179 3680/4639/3183
f 3685/4666/3187 3695/4677/3197 3688/4670/3190 3696/4678/3198
f 3685/4666/3187 3684/4665/3186 3695/4677/3197
f 3684/4665/3186 3522/4469/3119 3688/4670/3190 3695/4677/3197
f 3685/4666/3187 3696/4678/3198 3697/4679/3199 3698/4680/3200
f 3696/4678/3198 3688/4670/3190 3675/4634/3179 3694/4676/3196
f 3698/4680/3200 3697/4679/3199 3699/4681/3201 3700/4682/3202
f 3694/4676/3196 3683/4664/3185 3700/4682/3202 3699/4681/3201
f 3683/4664/3185 3685/4666/3187 3698/4680/3200 3700/4682/3202
f 3696/4678/3198 3694/4676/3196 3699/4681/3201 3697/4679/3199
f 3693/4675/3195 3682/4663/3184 3498/4445/3095 3501/4448/3098
f 3687/4669/3189 3693/4675/3195 3324/4269/2898 3620/4641/254
f 3500/4447/3097 3324/4269/2898 3501/4448/3098
f 3693/4675/3195 3501/4448/3098 3324/4269/2898
f 3674/4633/3178 3505/4452/3102 3682/4663/3184 3672/4631/3176
f 3505/4452/3102 3674/4633/3178 3701/4683/3203 3502/4449/3099
f 3688/4670/3190 3509/4456/3106 3676/4635/3180
f 3502/4449/3099 3701/4683/3203 3676/4635/3180 3509/4456/3106
f 3573/4684/11 3572/4524/3125 3667/4619/11 3615/4685/11
f 3648/4686/60 3702/4687/60 3703/4688/5 3663/4689/3204
f 3704/4690/11 3664/4691/11 3666/4692/11 3662/4693/11
f 3661/4694/11 3659/4695/11 3656/4696/11
f 3691/4697/11 3667/4698/11 3664/4691/11 3704/4690/11
f 3676/4699/11 3673/4700/11 3677/4701/11
f 3701/4702/11 3673/4700/11 3676/4699/11
f 3659/4695/11 3657/4703/11 3656/4696/11
f 3674/4704/11 3673/4700/11 3701/4702/11
f 3418/4705/11 3458/4706/11 3666/4618/11 3415/4362/3082
f 3678/4707/60 3679/4708/5 3703/4688/5 3702/4687/60
f 3624/4576/3137 3653/4605/3030 3662/4614/3170 3666/4626/72
f 3349/4296/491 3533/4485/3127 3585/4537/3129 3488/4435/491
f 3349/4296/491 3488/4435/491 3427/4374/3084 3350/4297/3083
f 3617/4709/3205 3615/4710/3205 3667/4711/3205 3620/4712/3205
f 3641/4593/500 3636/4588/486 3648/4600/3158
f 3636/4588/486 3631/4583/486 3311/4256/3059 3648/4600/3206
f 3630/4582/3143 3311/4256/3059 3631/4583/486
f 3660/4713/11 3663/4689/3204 3703/4688/5
f 3679/4708/5 3671/4714/11 3703/4688/5
f 3703/4688/5 3671/4714/11 3670/4715/11
f 3703/4688/5 3670/4715/11 3677/4701/11
f 3703/4688/5 3704/4690/11 3659/4695/11
f 3658/4716/11 3703/4688/5 3659/4695/11
f 3704/4690/11 3703/4688/5 3677/4701/11
f 3704/4690/11 3677/4701/11 3673/4700/11
f 3657/4703/11 3659/4695/11 3704/4690/11
f 3704/4690/11 3673/4700/11 3691/4697/11
f 3662/4693/11 3657/4703/11 3704/4690/11
f 3658/4716/11 3660/4713/11 3703/4688/5
f 3705/4717/3207 3706/4718/3208 3707/4719/3209 3708/4720/3210
f 3708/4720/3210 3707/4719/3209 3709/4721/3211 3710/4722/3212
f 3711/4723/3213 3712/4724/3214 3713/4725/3215 3714/4726/3216
f 3705/4717/3207 3715/4727/1 3711/4723/3213 3714/4726/3216
f 3716/4728/3217 3706/4718/3208 3713/4725/3215 3712/4724/3214
f 3709/4721/3211 3707/4719/3209 3706/4718/3208 3716/4728/3217
f 3708/4720/3210 3710/4722/3212 3715/4727/1 3705/4717/3207
f 3714/4726/3216 3713/4725/3215 3706/4718/3208 3705/4717/3207
f 3717/4729/3218 3718/4730/3219 3719/4731/3220 3720/4732/3221
f 3720/4732/3221 3719/4731/3220 3721/4733/3222 3722/4734/3223
f 3723/4735/3224 3724/4736/3225 3725/4737/3226 3726/4738/3227
f 3717/4729/3218 3727/4739/3228 3723/4735/3224 3726/4738/3227
f 3728/4740/3229 3718/4730/3219 3725/4737/3226 3724/4736/3225
f 3721/4733/3222 3719/4731/3220 3718/4730/3219 3728/4740/3229
f 3720/4732/3221 3722/4734/3223 3727/4739/3228 3717/4729/3218
f 3726/4738/3227 3725/4737/3226 3718/4730/3219 3717/4729/3218
f 3729/4741/84 3730/4742/87 3731/4743/87 3732/4744/84
f 3733/4745/77 3734/4746/3230 3735/4747/3231 3736/4748/3232
f 3737/4749/3233 3738/4750/3233 3739/4751/3234 3740/4752/3234
f 3741/4753/80 3742/4754/83 3743/4755/3235 3744/4756/3236
f 3742/4754/83 3745/4757/98 3746/4758/98 3743/4755/3235
f 3747/4759/11 3748/4760/92 3749/4761/3237 3750/4762/3238
f 3751/4763/88 3740/4752/3234 3739/4751/3234 3752/4764/88
f 3734/4746/3230 3753/4765/3239 3754/4766/3240 3735/4747/3231
f 3753/4765/3239 3755/4767/94 3756/4768/3241 3754/4766/3240
f 3748/4760/92 3733/4745/77 3736/4748/3232 3749/4761/3237
f 3755/4767/94 3741/4753/80 3744/4756/3236 3756/4768/3241
f 3730/4742/87 3747/4759/11 3750/4762/3238 3731/4743/87
f 3737/4749/3233 3729/4741/84 3732/4744/84 3738/4750/3233
f 3745/4757/98 3751/4763/88 3752/4764/88 3746/4758/98
f 3744/4756/3236 3743/4755/3235 3750/4762/3238 3749/4761/3237
f 3749/4761/3237 3736/4748/3232 3756/4768/3241 3744/4756/3236
f 3736/4748/3232 3735/4747/3231 3754/4766/3240 3756/4768/3241
f 3750/4762/3238 3743/4755/3235 3757/4769/3242 3758/4770/3243
f 3738/4750/3233 3759/4771/3244 3760/4772/3245 3739/4751/3234
f 3732/4744/84 3731/4743/87 3761/4773/3246 3762/4774/3247
f 3731/4743/87 3750/4762/3238 3758/4770/3243 3761/4773/3246
f 3752/4764/88 3739/4751/3234 3760/4772/3245 3763/4775/3248
f 3746/4758/98 3752/4764/88 3763/4775/3248 3764/4776/3249
f 3738/4750/3233 3732/4744/84 3762/4774/3247 3759/4771/3244
f 3743/4755/3235 3746/4758/98 3764/4776/3249 3757/4769/3242
f 3761/4773/3246 3758/4770/3243 3757/4769/3242 3764/4776/3249
f 3762/4774/3247 3761/4773/3246 3764/4776/3249 3763/4775/3248
f 3759/4771/3244 3762/4774/3247 3763/4775/3248 3760/4772/3245
f 3765/4777/84 3766/4778/87 3767/4779/87 3768/4780/84
f 3769/4781/77 3770/4782/3230 3771/4783/3231 3772/4784/3232
f 3773/4785/3233 3774/4786/3233 3775/4787/3234 3776/4788/3234
f 3777/4789/80 3778/4790/83 3779/4791/3235 3780/4792/3236
f 3778/4790/83 3781/4793/98 3782/4794/98 3779/4791/3235
f 3783/4795/11 3784/4796/92 3785/4797/3237 3786/4798/3238
f 3787/4799/88 3776/4788/3234 3775/4787/3234 3788/4800/88
f 3770/4782/3230 3789/4801/3239 3790/4802/3240 3771/4783/3231
f 3789/4801/3239 3791/4803/94 3792/4804/3241 3790/4802/3240
f 3784/4796/92 3769/4781/77 3772/4784/3232 3785/4797/3237
f 3791/4803/94 3777/4789/80 3780/4792/3236 3792/4804/3241
f 3766/4778/87 3783/4795/11 3786/4798/3238 3767/4779/87
f 3773/4785/3233 3765/4777/84 3768/4780/84 3774/4786/3233
f 3781/4793/98 3787/4799/88 3788/4800/88 3782/4794/98
f 3780/4792/3236 3779/4791/3235 3786/4798/3238 3785/4797/3237
f 3785/4797/3237 3772/4784/3232 3792/4804/3241 3780/4792/3236
f 3772/4784/3232 3771/4783/3231 3790/4802/3240 3792/4804/3241
f 3786/4798/3238 3779/4791/3235 3793/4805/3242 3794/4806/3243
f 3774/4786/3233 3795/4807/3244 3796/4808/3245 3775/4787/3234
f 3768/4780/84 3767/4779/87 3797/4809/3246 3798/4810/3247
f 3767/4779/87 3786/4798/3238 3794/4806/3243 3797/4809/3246
f 3788/4800/88 3775/4787/3234 3796/4808/3245 3799/4811/3248
f 3782/4794/98 3788/4800/88 3799/4811/3248 3800/4812/3249
f 3774/4786/3233 3768/4780/84 3798/4810/3247 3795/4807/3244
f 3779/4791/3235 3782/4794/98 3800/4812/3249 3793/4805/3242
f 3797/4809/3246 3794/4806/3243 3793/4805/3242 3800/4812/3249
f 3798/4810/3247 3797/4809/3246 3800/4812/3249 3799/4811/3248
f 3795/4807/3244 3798/4810/3247 3799/4811/3248 3796/4808/3245
f 3801/4813/3250 3802/4814/3251 3803/4815/3252 3804/4816/3253
f 3805/4817/3254 3806/4818/3255 3807/4819/3256 3808/4820/3257
f 3809/4821/3258 3810/4822/3259 3811/4823/3260 3812/4824/3261
f 3813/4825/3262 3814/4826/3263 3815/4827/3264 3816/4828/3265
f 3817/4829/3266 3818/4830/3267 3819/4831/3268 3820/4832/3269
f 3821/4833/3270 3822/4834/3271 3823/4835/3272 3824/4836/3273
f 3825/4837/3274 3826/4838/3275 3827/4839/3276 3828/4840/3277
f 3829/4841/3278 3830/4842/3279 3831/4843/3280
f 3816/4828/3265 3832/4844/3281 3813/4825/3262
f 3823/4835/3272 3830/4842/3279 3829/4841/3278 3824/4836/3273
f 3833/4845/3282 3821/4833/3270 3824/4836/3273 3834/4846/3283
f 3835/4847/3284 3836/4848/3285 3837/4849/3286 3838/4850/3287
f 3839/4851/3288 3822/4834/3271 3821/4833/3270 3840/4852/3289
f 3841/4853/3290 3842/4854/3291 3843/4855/3292 3844/4856/3293
f 3845/4857/3294 3846/4858/3295 3847/4859/3296 3848/4860/3297
f 3849/4861/3298 3804/4816/3253 3803/4815/3252 3850/4862/3299
f 3851/4863/3300 3833/4845/3282 3834/4846/3283 3852/4864/3301
f 3824/4836/3273 3829/4841/3278 3853/4865/3302 3834/4846/3283
f 3854/4866/3303 3855/4867/3304 3856/4868/3305 3857/4869/3306
f 3840/4852/3289 3821/4833/3270 3833/4845/3282 3858/4870/3307
f 3859/4871/3308 3835/4847/3284 3838/4850/3287 3860/4872/3309
f 3861/4873/3310 3862/4874/3311 3863/4875/3312 3864/4876/3313
f 3865/4877/3314 3866/4878/3315 3867/4879/3316 3868/4880/3317
f 3869/4881/3318 3851/4863/3300 3852/4864/3301 3870/4882/3319
f 3871/4883/3320 3872/4884/3321 3873/4885/3322 3874/4886/3323
f 3834/4846/3283 3853/4865/3302 3875/4887/3324 3852/4864/3301
f 3858/4870/3307 3833/4845/3282 3851/4863/3300 3876/4888/3325
f 3877/4889/3326 3878/4890/3327 3855/4867/3304 3854/4866/3303
f 3879/4891/3328 3880/4892/3329 3881/4893/3330 3882/4894/3331
f 3883/4895/3332 3884/4896/3333 3885/4897/3334 3886/4898/3335
f 3887/4899/3336 3869/4881/3318 3870/4882/3319 3888/4900/3337
f 3852/4864/3301 3875/4887/3324 3889/4901/3338 3870/4882/3319
f 3876/4888/3325 3851/4863/3300 3869/4881/3318 3890/4902/3307
f 3891/4903/3339 3887/4899/3336 3888/4900/3337 3892/4904/3340
f 3893/4905/3341 3894/4906/3342 3895/4907/3343 3896/4908/3344
f 3870/4882/3319 3889/4901/3338 3897/4909/3345 3888/4900/3337
f 3898/4910/3346 3899/4911/3347 3900/4912/3348 3901/4913/3349
f 3890/4902/3307 3869/4881/3318 3887/4899/3336 3902/4914/3350
f 3903/4915/3351 3904/4916/3352 3905/4917/3353 3906/4918/3354
f 3907/4919/3355 3908/4920/3356 3909/4921/3357 3910/4922/3358
f 3911/4923/3359 3912/4924/3360 3913/4925/3361 3914/4926/3362
f 3915/4927/3363 3891/4903/3339 3892/4904/3340 3916/4928/3364
f 3888/4900/3337 3897/4909/3345 3917/4929/3365 3892/4904/3340
f 3918/4930/3366 3919/4931/3367 3920/4932/3368 3921/4933/3369
f 3902/4914/3350 3887/4899/3336 3891/4903/3339 3922/4934/3289
f 3923/4935/3370 3924/4936/3371 3925/4937/3372 3926/4938/3373
f 3927/4939/3374 3928/4940/3375 3929/4941/3376 3930/4942/3377
f 3924/4936/3371 3931/4943/3378 3932/4944/3379 3925/4937/3372
f 3933/4945/3380 3915/4927/3363 3916/4928/3364 3934/4946/3381
f 3935/4947/3382 3936/4948/3383 3937/4949/3384 3938/4950/3385
f 3892/4904/3340 3917/4929/3365 3939/4951/3386 3916/4928/3364
f 3922/4934/3289 3891/4903/3339 3915/4927/3363 3940/4952/3325
f 3931/4943/3378 3924/4936/3371 3941/4953/3387 3942/4954/3388
f 3923/4935/3370 3919/4931/3367 3943/4955/3389 3944/4956/3390
f 3918/4930/3366 3899/4911/3347 3945/4957/3391 3946/4958/3392
f 3947/4959/3393 3933/4945/3380 3934/4946/3381 3948/4960/3394
f 3916/4928/3364 3939/4951/3386 3949/4961/3395 3934/4946/3381
f 3950/4962/3396 3951/4963/3397 3952/4964/3398 3953/4965/3399
f 3940/4952/3325 3915/4927/3363 3933/4945/3380 3954/4966/3307
f 3955/4967/3400 3956/4968/3401 3957/4969/3402 3958/4970/3403
f 3956/4968/3401 3937/4949/3384 3936/4948/3383 3957/4969/3402
f 3959/4971/3404 3947/4959/3393 3948/4960/3394 3960/4972/3405
f 3961/4973/3406 3962/4974/3407 3963/4975/3408 3964/4976/3409
f 3934/4946/3381 3949/4961/3395 3965/4977/3410 3948/4960/3394
f 3954/4966/3307 3933/4945/3380 3947/4959/3393 3966/4978/3289
f 3967/4979/3411 3968/4980/3412 3969/4981/3413 3970/4982/3414
f 3971/4983/3415 3972/4984/3416 3973/4985/3417 3974/4986/3418
f 3975/4987/3419 3976/4988/3420 3977/4989/3421 3978/4990/3422
f 3979/4991/3318 3959/4971/3404 3960/4972/3405 3980/4992/3423
f 3948/4960/3394 3965/4977/3410 3981/4993/3424 3960/4972/3405
f 3966/4978/3289 3947/4959/3393 3959/4971/3404 3982/4994/3289
f 3983/4995/3425 3979/4991/3318 3980/4992/3423 3984/4996/3426
f 3985/4997/3427 3865/4877/3314 3868/4880/3317 3986/4998/3428
f 3960/4972/3405 3981/4993/3424 3987/4999/3429 3980/4992/3423
f 3982/4994/3289 3959/4971/3404 3979/4991/3318 3988/5000/3325
f 3989/5001/3430 3990/5002/3431 3991/5003/3432 3992/5004/3433
f 3993/5005/3434 3994/5006/3435 3995/5007/3436 3996/5008/3437
f 3997/5009/3438 3998/5010/3439 3999/5011/3440 4000/5012/3441
f 4001/5013/3442 3983/4995/3425 3984/4996/3426 4002/5014/3443
f 3980/4992/3423 3987/4999/3429 4003/5015/3444 3984/4996/3426
f 3988/5000/3325 3979/4991/3318 3983/4995/3425 4004/5016/3325
f 3977/4989/3421 4005/5017/3445 4006/5018/3446 4007/5019/3447
f 3978/4990/3422 3977/4989/3421 4007/5019/3447 4008/5020/3448
f 4009/5021/3449 4001/5013/3442 4002/5014/3443 4010/5022/3450
f 3992/5004/3433 4011/5023/3451 4012/5024/3452 3989/5001/3430
f 3984/4996/3426 4003/5015/3444 4013/5025/3453 4002/5014/3443
f 3974/4986/3418 3973/4985/3417 4014/5026/3454 4015/5027/3455
f 4004/5016/3325 3983/4995/3425 4001/5013/3442 4016/5028/3456
f 3985/4997/3427 4017/5029/3457 3866/4878/3315 3865/4877/3314
f 4018/5030/3458 4019/5031/3459 3862/4874/3311 3861/4873/3310
f 4020/5032/3460 4021/5033/3461 3835/4847/3284 3859/4871/3308
f 4022/5034/3462 4009/5021/3449 4010/5022/3450 4023/5035/3463
f 4002/5014/3443 4013/5025/3453 4024/5036/3464 4010/5022/3450
f 4025/5037/3465 4026/5038/3466 4027/5039/3467 4028/5040/3468
f 4016/5028/3456 4001/5013/3442 4009/5021/3449 4029/5041/3456
f 3970/4982/3414 3969/4981/3413 4030/5042/3469 4031/5043/3470
f 4032/5044/3471 4025/5037/3465 4028/5040/3468 4033/5045/3472
f 4034/5046/3473 4035/5047/3474 4036/5048/3475 4037/5049/3476
f 4038/5050/3477 4022/5034/3462 4023/5035/3463 4039/5051/3478
f 3970/4982/3414 4031/5043/3470 4040/5052/3479 3967/4979/3411
f 4010/5022/3450 4024/5036/3464 4041/5053/3480 4023/5035/3463
f 3893/4905/3341 4042/5054/3481 4043/5055/3482 3894/4906/3342
f 4029/5041/3456 4009/5021/3449 4022/5034/3462 4044/5056/3289
f 3961/4973/3406 4045/5057/3483 4046/5058/3484 3962/4974/3407
f 4047/5059/3485 4048/5060/3486 4049/5061/3487 4050/5062/3488
f 4051/5063/3489 4052/5064/3490 4053/5065/3491 4054/5066/3492
f 4055/5067/3493 4038/5050/3477 4039/5051/3478 4056/5068/3494
f 4023/5035/3463 4041/5053/3480 4057/5069/3495 4039/5051/3478
f 4044/5056/3289 4022/5034/3462 4038/5050/3477 4058/5070/3496
f 4059/5071/3497 3884/4896/3333 4060/5072/3498 4061/5073/3499
f 4062/5074/3500 4055/5067/3493 4056/5068/3494 4063/5075/3501
f 3942/4954/3388 4064/5076/3502 3932/4944/3379 3931/4943/3378
f 4039/5051/3478 4057/5069/3495 4065/5077/3503 4056/5068/3494
f 3883/4895/3332 3880/4892/3329 4066/5078/3504 4067/5079/3505
f 4058/5070/3496 4038/5050/3477 4055/5067/3493 4068/5080/3506
f 3937/4949/3384 3956/4968/3401 4069/5081/3507 3938/4950/3385
f 3955/4967/3400 3951/4963/3397 4070/5082/3508 4071/5083/3418
f 3950/4962/3396 3928/4940/3375 4072/5084/3509 4073/5085/3510
f 4074/5086/3511 4062/5074/3500 4063/5075/3501 4075/5087/3512
f 4056/5068/3494 4065/5077/3503 4076/5088/3513 4063/5075/3501
f 4068/5080/3506 4055/5067/3493 4062/5074/3500 4077/5089/3514
f 3879/4891/3328 3878/4890/3327 4078/5090/3515 4079/5091/3516
f 4080/5092/3517 4021/5033/3461 4081/5093/3518 4082/5094/3519
f 3878/4890/3327 3877/4889/3326 4083/5095/3520 4078/5090/3515
f 4020/5032/3460 4019/5031/3459 4084/5096/3521 4085/5097/3522
f 4086/5098/3500 4074/5086/3511 4075/5087/3512 4087/5099/3523
f 3903/4915/3351 3906/4918/3354 4088/5100/3524 4089/5101/3525
f 4063/5075/3501 4076/5088/3513 4090/5102/3526 4075/5087/3512
f 4077/5089/3514 4062/5074/3500 4074/5086/3511 4091/5103/3514
f 3896/4908/3344 4092/5104/3527 4042/5054/3481 3893/4905/3341
f 4093/5105/3528 4094/5106/3529 4035/5047/3474 4034/5046/3473
f 4095/5107/3530 4096/5108/3531 4025/5037/3465 4032/5044/3471
f 4097/5109/3380 4086/5098/3500 4087/5099/3523 4098/5110/3532
f 4075/5087/3512 4090/5102/3526 4099/5111/3533 4087/5099/3523
f 4018/5030/3458 4017/5029/3457 4100/5112/3534 4101/5113/3535
f 4091/5103/3514 4074/5086/3511 4086/5098/3500 4102/5114/3514
f 4103/5115/3536 3806/4818/3255 4104/5116/3537 4105/5117/3538
f 4017/5029/3457 3985/4997/3427 3986/4998/3428 4100/5112/3534
f 3805/4817/3254 3810/4822/3259 4106/5118/3539 4107/5119/3540
f 3818/4830/3267 4097/5109/3380 4098/5110/3532 3825/4837/3274
f 3854/4866/3303 3857/4869/3306 4083/5095/3520 3877/4889/3326
f 4087/5099/3523 4099/5111/3533 4108/5120/3541 4098/5110/3532
f 3809/4821/3258 3814/4826/3263 4109/5121/3542 4110/5122/3543
f 4102/5114/3514 4086/5098/3500 4097/5109/3380 4111/5123/3307
f 3873/4885/3322 4112/5124/3544 4113/5125/3545 3874/4886/3323
f 4114/5126/3546 4115/5127/3547 4116/5128/3548 4117/5129/3549
f 4118/5130/3550 4119/5131/3551 4120/5132/3552 4121/5133/3553
f 3819/4831/3268 3818/4830/3267 3825/4837/3274 3828/4840/3277
f 4098/5110/3532 4108/5120/3541 3826/4838/3275 3825/4837/3274
f 4111/5123/3307 4097/5109/3380 3818/4830/3267 3817/4829/3266
f 3814/4826/3263 3813/4825/3262 3832/4844/3281 4109/5121/3542
f 3806/4818/3255 4103/5115/3536 4122/5134/3554 3807/4819/3256
f 4123/5135/3555 4059/5071/3497 4061/5073/3499 4124/5136/3556
f 4119/5131/3551 4125/5137/3557 4126/5138/3558 4120/5132/3552
f 4096/5108/3531 4127/5139/3559 4026/5038/3466 4025/5037/3465
f 4128/5140/3560 3927/4939/3374 3930/4942/3377 4129/5141/3561
f 3928/4940/3375 3927/4939/3374 4128/5140/3560 4072/5084/3509
f 3913/4925/3361 4130/5142/3562 4131/5143/3563 4132/5144/3564
f 4052/5064/3490 4133/5145/3565 4134/5146/3566 4053/5065/3491
f 4135/5147/3567 4136/5148/3568 4137/5149/3569 4138/5150/3570
f 3914/4926/3362 3913/4925/3361 4132/5144/3564 4139/5151/3571
f 4021/5033/3461 4080/5092/3517 3836/4848/3285 3835/4847/3284
f 3998/5010/3439 4136/5148/3568 4135/5147/3567 3999/5011/3440
f 4130/5142/3562 4140/5152/3572 4141/5153/3573 4131/5143/3563
f 3910/4922/3358 3909/4921/3357 4142/5154/3574 4143/5155/3575
f 3976/4988/3420 4144/5156/3576 4005/5017/3445 3977/4989/3421
f 4145/5157/3577 4146/5158/3578 4147/5159/3579 4148/5160/3580
f 3899/4911/3347 3898/4910/3346 4149/5161/3581 3945/4957/3391
f 4053/5065/3491 4134/5146/3566 4150/5162/3582 4151/5163/3583
f 4026/5038/3466 4127/5139/3559 4152/5164/3584 4027/5039/3467
f 3912/4924/3360 4140/5152/3572 4130/5142/3562 3913/4925/3361
f 3906/4918/3354 3905/4917/3353 4153/5165/3585 4088/5100/3524
f 3884/4896/3333 4059/5071/3497 4123/5135/3555 3885/4897/3334
f 4054/5066/3492 4053/5065/3491 4151/5163/3583 4154/5166/3586
f 3836/4848/3285 4080/5092/3517 4082/5094/3519 3837/4849/3286
f 4155/5167/3587 4156/5168/3588 4157/5169/3589 4158/5170/3590
f 4122/5134/3554 4103/5115/3536 4105/5117/3538 4148/5160/3580
f 4005/5017/3445 4144/5156/3576 4159/5171/3591 4006/5018/3446
f 4134/5146/3566 4133/5145/3565 4160/5172/3592 4150/5162/3582
f 4126/5138/3558 4125/5137/3557 4161/5173/3593 4162/5174/3594
f 3802/4814/3251 3801/4813/3250 4158/5170/3590 4157/5169/3589
f 4149/5161/3581 3898/4910/3346 3901/4913/3349 4163/5175/3595
f 3831/4843/3280 4164/5176/3596 4078/5090/3515 4083/5095/3520
f 4165/5177/3597 4166/5178/3598 4066/5078/3504 4079/5091/3516
f 4167/5179/3599 4168/5180/3600 4060/5072/3498 4067/5079/3505
f 3857/4869/3306 3856/4868/3305 4169/5181/3601 4089/5101/3525
f 4170/5182/3602 4171/5183/3603 4172/5184/3604 4173/5185/3605
f 4174/5186/3606 4175/5187/3607 4176/5188/3608 4177/5189/3609
f 4088/5100/3524 4153/5165/3585 3925/4937/3372 3932/4944/3379
f 4143/5155/3575 4142/5154/3574 3920/4932/3368 3926/4938/3373
f 4139/5151/3571 4132/5144/3564 3900/4912/3348 3921/4933/3369
f 4064/5076/3502 4178/5190/3610 4179/5191/3611 4040/5052/3479
f 4180/5192/3612 4181/5193/3613 4182/5194/3614 4183/5195/3615
f 4184/5196/3616 4185/5197/3617 4186/5198/3618 4187/5199/3619
f 4031/5043/3470 4030/5042/3469 4188/5200/3620 4012/5024/3452
f 4015/5027/3455 4014/5026/3454 4189/5201/3621 4190/5202/3622
f 4008/5020/3448 4007/5019/3447 4191/5203/3623 4192/5204/3624
f 4011/5023/3451 4193/5205/3625 4100/5112/3534 3986/4998/3428
f 4194/5206/3626 4195/5207/3627 4084/5096/3521 4101/5113/3535
f 4196/5208/3628 4197/5209/3629 4081/5093/3518 4085/5097/3522
f 3868/4880/3317 3867/4879/3316 4198/5210/3630 3964/4976/3409
f 3864/4876/3313 3863/4875/3312 4199/5211/3631 4200/5212/3632
f 3860/4872/3309 3838/4850/3287 4201/5213/3633 4202/5214/3634
f 3963/4975/3408 4203/5215/3635 3957/4969/3402 3936/4948/3383
f 4204/5216/3636 4205/5217/3637 3952/4964/3398 3958/4970/3403
f 4154/5166/3586 4151/5163/3583 3929/4941/3376 3953/4965/3399
f 3935/4947/3382 4206/5218/3638 4207/5219/3639 3895/4907/3343
f 4208/5220/3640 4209/5221/3641 4210/5222/3642 4211/5223/3643
f 4212/5224/3644 4213/5225/3645 4214/5226/3646 4215/5227/3647
f 3894/4906/3342 4043/5055/3482 4216/5228/3648 3872/4884/3321
f 4037/5049/3476 4036/5048/3475 4217/5229/3649 4218/5230/3650
f 4033/5045/3472 4028/5040/3468 4219/5231/3651 4220/5232/3652
f 3871/4883/3320 4221/5233/3653 4109/5121/3542 3832/4844/3281
f 4222/5234/3654 4223/5235/3655 4106/5118/3539 4110/5122/3543
f 4224/5236/3656 4225/5237/3657 4104/5116/3537 4107/5119/3540
f 4225/5237/3657 4162/5174/3594 4105/5117/3538 4104/5116/3537
f 4028/5040/3468 4027/5039/3467 4161/5173/3593 4219/5231/3651
f 4213/5225/3645 4129/5141/3561 4152/5164/3584 4214/5226/3646
f 4151/5163/3583 4150/5162/3582 3930/4942/3377 3929/4941/3376
f 3838/4850/3287 3837/4849/3286 4160/5172/3592 4201/5213/3633
f 4197/5209/3629 4138/5150/3570 4082/5094/3519 4081/5093/3518
f 4007/5019/3447 4006/5018/3446 4137/5149/3569 4191/5203/3623
f 4185/5197/3617 4163/5175/3595 4159/5171/3591 4186/5198/3618
f 4132/5144/3564 4131/5143/3563 3901/4913/3349 3900/4912/3348
f 4175/5187/3607 4124/5136/3556 4141/5153/3573 4176/5188/3608
f 4168/5180/3600 4157/5169/3589 4061/5073/3499 4060/5072/3498
f 3882/4894/3331 3881/4893/3330 4171/5183/3603 4170/5182/3602
f 3886/4898/3335 3885/4897/3334 4175/5187/3607 4174/5186/3606
f 3885/4897/3334 4123/5135/3555 4124/5136/3556 4175/5187/3607
f 4112/5124/3544 3873/4885/3322 3872/4884/3321 4216/5228/3648
f 4114/5126/3546 4112/5124/3544 4216/5228/3648 4218/5230/3650
f 4118/5130/3550 4115/5127/3547 4217/5229/3649 4220/5232/3652
f 3990/5002/3431 3989/5001/3430 4012/5024/3452 4188/5200/3620
f 4125/5137/3557 4119/5131/3551 4219/5231/3651 4161/5173/3593
f 3993/5005/3434 3990/5002/3431 4188/5200/3620 4190/5202/3622
f 3997/5009/3438 3994/5006/3435 4189/5201/3621 4192/5204/3624
f 4136/5148/3568 3998/5010/3439 4191/5203/3623 4137/5149/3569
f 3938/4950/3385 4069/5081/3507 4206/5218/3638 3935/4947/3382
f 4071/5083/3418 4070/5082/3508 4209/5221/3641 4208/5220/3640
f 4073/5085/3510 4072/5084/3509 4213/5225/3645 4212/5224/3644
f 3942/4954/3388 3941/4953/3387 4178/5190/3610 4064/5076/3502
f 4072/5084/3509 4128/5140/3560 4129/5141/3561 4213/5225/3645
f 3944/4956/3390 3943/4955/3389 4181/5193/3613 4180/5192/3612
f 3946/4958/3392 3945/4957/3391 4185/5197/3617 4184/5196/3616
f 3945/4957/3391 4149/5161/3581 4163/5175/3595 4185/5197/3617
f 4045/5057/3483 3961/4973/3406 3964/4976/3409 4198/5210/3630
f 4047/5059/3485 4045/5057/3483 4198/5210/3630 4200/5212/3632
f 4051/5063/3489 4048/5060/3486 4199/5211/3631 4202/5214/3634
f 3904/4916/3352 3903/4915/3351 4089/5101/3525 4169/5181/3601
f 4133/5145/3565 4052/5064/3490 4201/5213/3633 4160/5172/3592
f 3907/4919/3355 3904/4916/3352 4169/5181/3601 4173/5185/3605
f 3911/4923/3359 3908/4920/3356 4172/5184/3604 4177/5189/3609
f 4140/5152/3572 3912/4924/3360 4176/5188/3608 4141/5153/3573
f 3874/4886/3323 4113/5125/3545 4221/5233/3653 3871/4883/3320
f 4117/5129/3549 4116/5128/3548 4223/5235/3655 4222/5234/3654
f 4121/5133/3553 4120/5132/3552 4225/5237/3657 4224/5236/3656
f 3992/5004/3433 3991/5003/3432 4193/5205/3625 4011/5023/3451
f 4120/5132/3552 4126/5138/3558 4162/5174/3594 4225/5237/3657
f 3996/5008/3437 3995/5007/3436 4195/5207/3627 4194/5206/3626
f 4000/5012/3441 3999/5011/3440 4197/5209/3629 4196/5208/3628
f 3844/4856/3293 3843/4855/3292 4164/5176/3596 3831/4843/3280
f 3999/5011/3440 4135/5147/3567 4138/5150/3570 4197/5209/3629
f 3848/4860/3297 3847/4859/3296 4166/5178/3598 4165/5177/3597
f 3850/4862/3299 3803/4815/3252 4168/5180/3600 4167/5179/3599
f 3803/4815/3252 3802/4814/3251 4157/5169/3589 4168/5180/3600
f 4092/5104/3527 3896/4908/3344 3895/4907/3343 4207/5219/3639
f 4093/5105/3528 4092/5104/3527 4207/5219/3639 4211/5223/3643
f 4095/5107/3530 4094/5106/3529 4210/5222/3642 4215/5227/3647
f 3968/4980/3412 3967/4979/3411 4040/5052/3479 4179/5191/3611
f 4127/5139/3559 4096/5108/3531 4214/5226/3646 4152/5164/3584
f 3971/4983/3415 3968/4980/3412 4179/5191/3611 4183/5195/3615
f 3975/4987/3419 3972/4984/3416 4182/5194/3614 4187/5199/3619
f 4144/5156/3576 3976/4988/3420 4186/5198/3618 4159/5171/3591
f 3962/4974/3407 4046/5058/3484 4203/5215/3635 3963/4975/3408
f 4050/5062/3488 4049/5061/3487 4205/5217/3637 4204/5216/3636
f 4157/5169/3589 4156/5168/3588 4226/5238/3658 4061/5073/3499
f 4061/5073/3499 4226/5238/3658 4227/5239/3659 4124/5136/3556
f 4124/5136/3556 4227/5239/3659 4228/5240/3658 4141/5153/3573
f 4141/5153/3573 4228/5240/3658 4229/5241/3588 4131/5143/3563
f 4131/5143/3563 4229/5241/3588 4230/5242/3588 3901/4913/3349
f 3901/4913/3349 4230/5242/3588 4231/5243/3659 4163/5175/3595
f 4163/5175/3595 4231/5243/3659 4232/5244/3658 4159/5171/3591
f 4159/5171/3591 4232/5244/3658 4233/5245/3588 4006/5018/3446
f 4006/5018/3446 4233/5245/3588 4234/5246/3588 4137/5149/3569
f 4137/5149/3569 4234/5246/3588 4235/5247/3659 4138/5150/3570
f 4138/5150/3570 4235/5247/3659 4236/5248/3659 4082/5094/3519
f 4082/5094/3519 4236/5248/3659 4237/5249/3588 3837/4849/3286
f 3837/4849/3286 4237/5249/3588 4238/5250/3588 4160/5172/3592
f 4160/5172/3592 4238/5250/3588 4239/5251/3588 4150/5162/3582
f 4150/5162/3582 4239/5251/3588 4240/5252/3660 3930/4942/3377
f 4241/5253/3658 4242/5254/3659 4152/5164/3584 4129/5141/3561
f 4240/5252/3660 4241/5253/3658 4129/5141/3561 3930/4942/3377
f 4243/5255/3659 4027/5039/3467 4152/5164/3584 4242/5254/3659
f 4027/5039/3467 4243/5255/3659 4244/5256/3659 4161/5173/3593
f 4161/5173/3593 4244/5256/3659 4245/5257/3661 4162/5174/3594
f 4162/5174/3594 4245/5257/3661 4246/5258/3662 4105/5117/3538
f 4105/5117/3538 4246/5258/3662 4145/5157/3577 4148/5160/3580
f 3832/4844/3281 3826/4838/3275 4108/5120/3541 3871/4883/3320
f 3872/4884/3321 3871/4883/3320 4108/5120/3541 4099/5111/3533
f 4083/5095/3520 3857/4869/3306 3875/4887/3324 3853/4865/3302
f 3857/4869/3306 4089/5101/3525 3889/4901/3338 3875/4887/3324
f 4089/5101/3525 4088/5100/3524 3897/4909/3345 3889/4901/3338
f 4088/5100/3524 3932/4944/3379 3917/4929/3365 3897/4909/3345
f 3932/4944/3379 4064/5076/3502 3939/4951/3386 3917/4929/3365
f 4064/5076/3502 4040/5052/3479 3949/4961/3395 3939/4951/3386
f 4040/5052/3479 4031/5043/3470 3965/4977/3410 3949/4961/3395
f 4031/5043/3470 4012/5024/3452 3981/4993/3424 3965/4977/3410
f 4012/5024/3452 4011/5023/3451 3987/4999/3429 3981/4993/3424
f 4011/5023/3451 3986/4998/3428 4003/5015/3444 3987/4999/3429
f 3986/4998/3428 3868/4880/3317 4013/5025/3453 4003/5015/3444
f 3868/4880/3317 3964/4976/3409 4024/5036/3464 4013/5025/3453
f 3964/4976/3409 3963/4975/3408 4041/5053/3480 4024/5036/3464
f 3963/4975/3408 3936/4948/3383 4057/5069/3495 4041/5053/3480
f 3936/4948/3383 3935/4947/3382 4065/5077/3503 4057/5069/3495
f 3935/4947/3382 3895/4907/3343 4076/5088/3513 4065/5077/3503
f 3895/4907/3343 3894/4906/3342 4090/5102/3526 4076/5088/3513
f 3853/4865/3302 3829/4841/3278 3831/4843/3280 4083/5095/3520
f 4099/5111/3533 4090/5102/3526 3894/4906/3342 3872/4884/3321
f 4046/5058/3484 4050/5062/3488 4204/5216/3636 4203/5215/3635
f 3972/4984/3416 3971/4983/3415 4183/5195/3615 4182/5194/3614
f 4094/5106/3529 4093/5105/3528 4211/5223/3643 4210/5222/3642
f 3843/4855/3292 3848/4860/3297 4165/5177/3597 4164/5176/3596
f 3991/5003/3432 3996/5008/3437 4194/5206/3626 4193/5205/3625
f 4113/5125/3545 4117/5129/3549 4222/5234/3654 4221/5233/3653
f 3908/4920/3356 3907/4919/3355 4173/5185/3605 4172/5184/3604
f 4048/5060/3486 4047/5059/3485 4200/5212/3632 4199/5211/3631
f 3941/4953/3387 3944/4956/3390 4180/5192/3612 4178/5190/3610
f 4069/5081/3507 4071/5083/3418 4208/5220/3640 4206/5218/3638
f 3994/5006/3435 3993/5005/3434 4190/5202/3622 4189/5201/3621
f 4115/5127/3547 4114/5126/3546 4218/5230/3650 4217/5229/3649
f 3855/4867/3304 3882/4894/3331 4170/5182/3602 3856/4868/3305
f 4221/5233/3653 4222/5234/3654 4110/5122/3543 4109/5121/3542
f 4043/5055/3482 4037/5049/3476 4218/5230/3650 4216/5228/3648
f 4206/5218/3638 4208/5220/3640 4211/5223/3643 4207/5219/3639
f 4203/5215/3635 4204/5216/3636 3958/4970/3403 3957/4969/3402
f 3867/4879/3316 3864/4876/3313 4200/5212/3632 4198/5210/3630
f 4193/5205/3625 4194/5206/3626 4101/5113/3535 4100/5112/3534
f 4030/5042/3469 4015/5027/3455 4190/5202/3622 4188/5200/3620
f 4178/5190/3610 4180/5192/3612 4183/5195/3615 4179/5191/3611
f 4153/5165/3585 4143/5155/3575 3926/4938/3373 3925/4937/3372
f 3856/4868/3305 4170/5182/3602 4173/5185/3605 4169/5181/3601
f 4164/5176/3596 4165/5177/3597 4079/5091/3516 4078/5090/3515
f 3905/4917/3353 3910/4922/3358 4143/5155/3575 4153/5165/3585
f 4112/5124/3544 4114/5126/3546 4117/5129/3549 4113/5125/3545
f 3810/4822/3259 3809/4821/3258 4110/5122/3543 4106/5118/3539
f 4019/5031/3459 4018/5030/3458 4101/5113/3535 4084/5096/3521
f 4092/5104/3527 4093/5105/3528 4034/5046/3473 4042/5054/3481
f 3880/4892/3329 3879/4891/3328 4079/5091/3516 4066/5078/3504
f 3956/4968/3401 3955/4967/3400 4071/5083/3418 4069/5081/3507
f 4045/5057/3483 4047/5059/3485 4050/5062/3488 4046/5058/3484
f 4042/5054/3481 4034/5046/3473 4037/5049/3476 4043/5055/3482
f 4017/5029/3457 4018/5030/3458 3861/4873/3310 3866/4878/3315
f 3969/4981/3413 3974/4986/3418 4015/5027/3455 4030/5042/3469
f 3990/5002/3431 3993/5005/3434 3996/5008/3437 3991/5003/3432
f 3968/4980/3412 3971/4983/3415 3974/4986/3418 3969/4981/3413
f 3951/4963/3397 3955/4967/3400 3958/4970/3403 3952/4964/3398
f 3924/4936/3371 3923/4935/3370 3944/4956/3390 3941/4953/3387
f 3919/4931/3367 3923/4935/3370 3926/4938/3373 3920/4932/3368
f 3904/4916/3352 3907/4919/3355 3910/4922/3358 3905/4917/3353
f 3878/4890/3327 3879/4891/3328 3882/4894/3331 3855/4867/3304
f 3866/4878/3315 3861/4873/3310 3864/4876/3313 3867/4879/3316
f 3842/4854/3291 3845/4857/3294 3848/4860/3297 3843/4855/3292
f 3814/4826/3263 3809/4821/3258 3812/4824/3261 3815/4827/3264
f 3976/4988/3420 3975/4987/3419 4187/5199/3619 4186/5198/3618
f 4096/5108/3531 4095/5107/3530 4215/5227/3647 4214/5226/3646
f 3847/4859/3296 3850/4862/3299 4167/5179/3599 4166/5178/3598
f 3995/5007/3436 4000/5012/3441 4196/5208/3628 4195/5207/3627
f 4116/5128/3548 4121/5133/3553 4224/5236/3656 4223/5235/3655
f 3912/4924/3360 3911/4923/3359 4177/5189/3609 4176/5188/3608
f 4052/5064/3490 4051/5063/3489 4202/5214/3634 4201/5213/3633
f 3943/4955/3389 3946/4958/3392 4184/5196/3616 4181/5193/3613
f 4070/5082/3508 4073/5085/3510 4212/5224/3644 4209/5221/3641
f 3998/5010/3439 3997/5009/3438 4192/5204/3624 4191/5203/3623
f 4119/5131/3551 4118/5130/3550 4220/5232/3652 4219/5231/3651
f 3881/4893/3330 3886/4898/3335 4174/5186/3606 4171/5183/3603
f 4223/5235/3655 4224/5236/3656 4107/5119/3540 4106/5118/3539
f 4036/5048/3475 4033/5045/3472 4220/5232/3652 4217/5229/3649
f 4209/5221/3641 4212/5224/3644 4215/5227/3647 4210/5222/3642
f 4205/5217/3637 4154/5166/3586 3953/4965/3399 3952/4964/3398
f 3863/4875/3312 3860/4872/3309 4202/5214/3634 4199/5211/3631
f 4195/5207/3627 4196/5208/3628 4085/5097/3522 4084/5096/3521
f 4014/5026/3454 4008/5020/3448 4192/5204/3624 4189/5201/3621
f 4181/5193/3613 4184/5196/3616 4187/5199/3619 4182/5194/3614
f 4142/5154/3574 4139/5151/3571 3921/4933/3369 3920/4932/3368
f 4171/5183/3603 4174/5186/3606 4177/5189/3609 4172/5184/3604
f 4166/5178/3598 4167/5179/3599 4067/5079/3505 4066/5078/3504
f 4049/5061/3487 4054/5066/3492 4154/5166/3586 4205/5217/3637
f 3909/4921/3357 3914/4926/3362 4139/5151/3571 4142/5154/3574
f 4115/5127/3547 4118/5130/3550 4121/5133/3553 4116/5128/3548
f 3806/4818/3255 3805/4817/3254 4107/5119/3540 4104/5116/3537
f 4094/5106/3529 4095/5107/3530 4032/5044/3471 4035/5047/3474
f 4021/5033/3461 4020/5032/3460 4085/5097/3522 4081/5093/3518
f 3951/4963/3397 3950/4962/3396 4073/5085/3510 4070/5082/3508
f 3884/4896/3333 3883/4895/3332 4067/5079/3505 4060/5072/3498
f 4048/5060/3486 4051/5063/3489 4054/5066/3492 4049/5061/3487
f 4035/5047/3474 4032/5044/3471 4033/5045/3472 4036/5048/3475
f 4019/5031/3459 4020/5032/3460 3859/4871/3308 3862/4874/3311
f 3973/4985/3417 3978/4990/3422 4008/5020/3448 4014/5026/3454
f 3994/5006/3435 3997/5009/3438 4000/5012/3441 3995/5007/3436
f 3972/4984/3416 3975/4987/3419 3978/4990/3422 3973/4985/3417
f 3928/4940/3375 3950/4962/3396 3953/4965/3399 3929/4941/3376
f 3919/4931/3367 3918/4930/3366 3946/4958/3392 3943/4955/3389
f 3899/4911/3347 3918/4930/3366 3921/4933/3369 3900/4912/3348
f 3908/4920/3356 3911/4923/3359 3914/4926/3362 3909/4921/3357
f 3880/4892/3329 3883/4895/3332 3886/4898/3335 3881/4893/3330
f 3862/4874/3311 3859/4871/3308 3860/4872/3309 3863/4875/3312
f 3846/4858/3295 3849/4861/3298 3850/4862/3299 3847/4859/3296
f 3810/4822/3259 3805/4817/3254 3808/4820/3257 3811/4823/3260
f 4247/5259/3663 4248/5260/3664 4249/5261/3665 4250/5262/3666
f 4251/5263/3667 4252/5264/3668 4253/5265/3669 4254/5266/3670
f 4255/5267/3671 4256/5268/3672 4257/5269/3673 4258/5270/3674
f 4259/5271/3675 4255/5267/3671 4258/5270/3674 4260/5272/3676
f 4256/5268/3672 4247/5259/3663 4250/5262/3666 4257/5269/3673
f 4248/5260/3664 4261/5273/3677 4262/5274/3678 4249/5261/3665
f 4263/5275/3679 4264/5276/3680 4265/5277/3681 4266/5278/3682
f 4267/5279/3683 4268/5280/3684 4269/5281/3685 4270/5282/3686
f 4264/5276/3680 4251/5263/3667 4254/5266/3670 4265/5277/3681
f 4268/5280/3684 4271/5283/3687 4272/5284/3688 4269/5281/3685
f 4271/5283/3687 4259/5271/3675 4260/5272/3676 4272/5284/3688
f 4261/5273/3677 4263/5275/3679 4266/5278/3682 4262/5274/3678
f 3841/4853/3290 3830/4842/3279 4273/5285/3689 4274/5286/3690
f 3801/4813/3250 3804/4816/3253 4275/5287/3691 4276/5288/3692
f 4158/5170/3590 3801/4813/3250 4276/5288/3692 4277/5289/3693
f 3823/4835/3272 3822/4834/3271 4278/5290/3694 4279/5291/3695
f 4155/5167/3587 4158/5170/3590 4277/5289/3693 4280/5292/3696
f 3830/4842/3279 3823/4835/3272 4279/5291/3695 4273/5285/3689
f 3842/4854/3291 3841/4853/3290 4274/5286/3690 4281/5293/3697
f 3846/4858/3295 3845/4857/3294 4282/5294/3698 4283/5295/3699
f 3804/4816/3253 3849/4861/3298 4284/5296/3700 4275/5287/3691
f 3849/4861/3298 3846/4858/3295 4283/5295/3699 4284/5296/3700
f 3822/4834/3271 3839/4851/3288 4285/5297/3701 4278/5290/3694
f 3845/4857/3294 3842/4854/3291 4281/5293/3697 4282/5294/3698
f 4286/5298/3702 4287/5299/3703 4263/5275/3679 4261/5273/3677
f 4288/5300/3704 4289/5301/3705 4259/5271/3675 4271/5283/3687
f 4290/5302/3706 4288/5300/3704 4271/5283/3687 4268/5280/3684
f 4291/5303/3707 4292/5304/3708 4251/5263/3667 4264/5276/3680
f 4293/5305/3709 4290/5302/3706 4268/5280/3684 4267/5279/3683
f 4287/5299/3703 4291/5303/3707 4264/5276/3680 4263/5275/3679
f 4294/5306/3710 4286/5298/3702 4261/5273/3677 4248/5260/3664
f 4295/5307/3711 4296/5308/3712 4247/5259/3663 4256/5268/3672
f 4289/5301/3705 4297/5309/3713 4255/5267/3671 4259/5271/3675
f 4297/5309/3713 4295/5307/3711 4256/5268/3672 4255/5267/3671
f 4292/5304/3708 4298/5310/3714 4252/5264/3668 4251/5263/3667
f 4296/5308/3712 4294/5306/3710 4248/5260/3664 4247/5259/3663
f 4282/5294/3698 4281/5293/3697 4294/5306/3710 4296/5308/3712
f 4278/5290/3694 4285/5297/3701 4298/5310/3714 4292/5304/3708
f 4284/5296/3700 4283/5295/3699 4295/5307/3711 4297/5309/3713
f 4275/5287/3691 4284/5296/3700 4297/5309/3713 4289/5301/3705
f 4283/5295/3699 4282/5294/3698 4296/5308/3712 4295/5307/3711
f 4281/5293/3697 4274/5286/3690 4286/5298/3702 4294/5306/3710
f 4273/5285/3689 4279/5291/3695 4291/5303/3707 4287/5299/3703
f 4280/5292/3696 4277/5289/3693 4290/5302/3706 4293/5305/3709
f 4279/5291/3695 4278/5290/3694 4292/5304/3708 4291/5303/3707
f 4277/5289/3693 4276/5288/3692 4288/5300/3704 4290/5302/3706
f 4276/5288/3692 4275/5287/3691 4289/5301/3705 4288/5300/3704
f 4274/5286/3690 4273/5285/3689 4287/5299/3703 4286/5298/3702
f 4299/5311/3715 4300/5312/3716 4301/5313/3717 4302/5314/3718
f 4122/5134/3554 4148/5160/3580 4147/5159/3579 4303/5315/3719
f 4304/5316/3720 4299/5311/3715 4302/5314/3718 4305/5317/3721
f 4303/5315/3719 4147/5159/3579 4299/5311/3715 4304/5316/3720
f 4299/5311/3715 4147/5159/3579 4146/5158/3578 4300/5312/3716
f 4302/5314/3718 4301/5313/3717 4306/5318/3722 4307/5319/3723
f 4305/5317/3721 4302/5314/3718 4307/5319/3723 4308/5320/3724
f 3827/4839/3276 3816/4828/3265 4309/5321/3725 4310/5322/3726
f 3819/4831/3268 3828/4840/3277 4311/5323/3727 4312/5324/3728
f 3828/4840/3277 3827/4839/3276 4310/5322/3726 4311/5323/3727
f 3820/4832/3269 3819/4831/3268 4312/5324/3728 4313/5325/3729
f 4312/5324/3728 4311/5323/3727 4314/5326/3730 4315/5327/3731
f 4313/5325/3729 4312/5324/3728 4315/5327/3731 4316/5328/3732
f 4310/5322/3726 4309/5321/3725 4317/5329/3733 4318/5330/3734
f 4311/5323/3727 4310/5322/3726 4318/5330/3734 4314/5326/3730
f 4315/5327/3731 4314/5326/3730 4319/5331/3735 4320/5332/3736
f 4316/5328/3732 4315/5327/3731 4320/5332/3736 4321/5333/3737
f 4318/5330/3734 4317/5329/3733 4322/5334/3738 4323/5335/3739
f 4314/5326/3730 4318/5330/3734 4323/5335/3739 4319/5331/3735
f 4320/5332/3736 4319/5331/3735 4324/5336/3740 4325/5337/3741
f 4321/5333/3737 4320/5332/3736 4325/5337/3741 4326/5338/3742
f 4323/5335/3739 4322/5334/3738 4327/5339/3743 4328/5340/3744
f 4319/5331/3735 4323/5335/3739 4328/5340/3744 4324/5336/3740
f 3811/4823/3260 3808/4820/3257 4329/5341/3745 4330/5342/3746
f 3808/4820/3257 3807/4819/3256 4331/5343/3747 4329/5341/3745
f 3815/4827/3264 3812/4824/3261 4332/5344/3748 4333/5345/3749
f 3812/4824/3261 3811/4823/3260 4330/5342/3746 4332/5344/3748
f 3815/4827/3264 4333/5345/3749 4309/5321/3725 3816/4828/3265
f 3807/4819/3256 4122/5134/3554 4303/5315/3719 4331/5343/3747
f 4333/5345/3749 4332/5344/3748 4334/5346/3750 4335/5347/3751
f 4304/5316/3720 4336/5348/3752 4331/5343/3747 4303/5315/3719
f 4309/5321/3725 4333/5345/3749 4335/5347/3751 4317/5329/3733
f 4332/5344/3748 4330/5342/3746 4337/5349/3753 4334/5346/3750
f 4330/5342/3746 4329/5341/3745 4338/5350/3754 4337/5349/3753
f 4329/5341/3745 4331/5343/3747 4336/5348/3752 4338/5350/3754
f 4327/5339/3743 4322/5334/3738 4339/5351/3755 4340/5352/3756
f 4340/5352/3756 4339/5351/3755 4341/5353/3757 4342/5354/3758
f 4342/5354/3758 4341/5353/3757 4343/5355/3759 4344/5356/3760
f 4344/5356/3760 4343/5355/3759 4345/5357/3761 4346/5358/3762
f 4346/5358/3762 4345/5357/3761 4347/5359/3763 4348/5360/3764
f 4308/5320/3724 4348/5360/3764 4347/5359/3763 4305/5317/3721
f 4305/5317/3721 4347/5359/3763 4336/5348/3752 4304/5316/3720
f 4336/5348/3752 4347/5359/3763 4345/5357/3761 4338/5350/3754
f 4338/5350/3754 4345/5357/3761 4343/5355/3759 4337/5349/3753
f 4337/5349/3753 4343/5355/3759 4341/5353/3757 4334/5346/3750
f 4334/5346/3750 4341/5353/3757 4339/5351/3755 4335/5347/3751
f 4322/5334/3738 4317/5329/3733 4335/5347/3751 4339/5351/3755
f 3826/4838/3275 3832/4844/3281 3816/4828/3265 3827/4839/3276
f 4344/5361/3765 4346/5362/3766 4349/5363/3767 4350/5364/3768
f 4342/5365/3769 4344/5361/3765 4350/5364/3768 4351/5366/3770
f 4308/5367/3771 4307/5368/3772 4352/5369/3773 4348/5370/3774
f 4353/5371/3775 4324/5372/3776 4354/5373/3777
f 4352/5369/3773 4307/5368/3772 4355/5374/3778
f 4340/5375/3779 4342/5365/3769 4351/5366/3770 4356/5376/3780
f 4327/5377/3781 4340/5375/3779 4356/5376/3780 4357/5378/3782
f 4307/5368/3772 4306/5379/3783 4358/5380/3784 4355/5374/3778
f 4327/5377/3781 4357/5378/3782 4328/5381/3785
f 4326/5382/253 4325/5383/3786 4324/5372/3776 4353/5371/3775
f 4346/5362/3766 4348/5370/3774 4352/5369/3773 4349/5363/3767
f 4324/5372/3776 4328/5381/3785 4357/5378/3782 4354/5373/3777
f 4349/5363/3767 4352/5369/3773 4359/5384/3787 4360/5385/3788
f 4352/5369/3773 4355/5374/3778 4361/5386/3789 4359/5384/3787
f 4353/5371/3775 4354/5373/3777 4362/5387/3790 4363/5388/3791
f 4357/5378/3782 4356/5376/3780 4364/5389/3792 4365/5390/3793
f 4356/5376/3780 4351/5366/3770 4366/5391/3794 4364/5389/3792
f 4351/5366/3770 4350/5364/3768 4367/5392/3795 4366/5391/3794
f 4354/5373/3777 4357/5378/3782 4365/5390/3793 4362/5387/3790
f 4350/5364/3768 4349/5363/3767 4360/5385/3788 4367/5392/3795
f 4368/5393/500 4369/5394/3796 4370/5395/3797 4371/5396/5
f 4363/5388/3791 4362/5387/3790 4372/5397/3798 4373/5398/3799
f 4365/5390/3793 4364/5389/3792 4374/5399/3800 4375/5400/3801
f 4364/5389/3792 4366/5391/3794 4376/5401/3802 4374/5399/3800
f 4366/5391/3794 4367/5392/3795 4377/5402/3803 4376/5401/3802
f 4367/5392/3795 4360/5385/3788 4378/5403/3804 4377/5402/3803
f 4360/5385/3788 4359/5384/3787 4379/5404/3805 4378/5403/3804
f 4359/5384/3787 4361/5386/3789 4370/5395/3797 4379/5404/3805
f 4362/5387/3790 4365/5390/3793 4375/5400/3801 4372/5397/3798
f 4373/5398/3799 4372/5397/3798 4380/5405/3806 4381/5406/3807
f 4375/5400/3801 4374/5399/3800 4382/5407/3808 4383/5408/3809
f 4374/5399/3800 4376/5401/3802 4384/5409/3810 4382/5407/3808
f 4376/5401/3802 4377/5402/3803 4385/5410/3811 4384/5409/3810
f 4377/5402/3803 4378/5403/3804 4386/5411/3812 4385/5410/3811
f 4378/5403/3804 4379/5404/3805 4387/5412/3813 4386/5411/3812
f 4379/5404/3805 4370/5395/3797 4369/5394/3796 4387/5412/3813
f 4369/5394/3796 4368/5393/500 4388/5413/2601 4389/5414/3814
f 4372/5397/3798 4375/5400/3801 4383/5408/3809 4380/5405/3806
f 4358/5380/3784 4390/5415/11 4371/5396/5 4355/5374/3778
f 4370/5395/3797 4361/5386/3789 4355/5374/3778 4371/5396/5
f 4368/5393/500 4371/5396/5 4390/5415/11 4388/5413/2601
f 4369/5394/3796 4389/5414/3814 4391/5416/11
f 4381/5406/3807 4380/5405/3806 4391/5416/11
f 4383/5408/3809 4382/5407/3808 4391/5416/11
f 4382/5407/3808 4384/5409/3810 4391/5416/11
f 4384/5409/3810 4385/5410/3811 4391/5416/11
f 4385/5410/3811 4386/5411/3812 4391/5416/11
f 4386/5411/3812 4387/5412/3813 4391/5416/11
f 4387/5412/3813 4369/5394/3796 4391/5416/11
f 4380/5405/3806 4383/5408/3809 4391/5416/11
f 4272/5417/3815 4260/5418/3816 4392/5419/3817 4269/5420/3818
f 4260/5418/3816 4258/5421/3819 4393/5422/3820 4392/5419/3817
f 4257/5423/3821 4250/5424/3822 4394/5425/3823 4395/5426/3824
f 4250/5424/3822 4249/5427/3825 4396/5428/3826 4394/5425/3823
f 4397/5429/3827 4266/5430/3828 4265/5431/3829 4398/5432/3830
f 4270/5433/3831 4269/5420/3818 4392/5419/3817 4399/5434/3832
f 4258/5421/3819 4257/5423/3821 4395/5426/3824 4393/5422/3820
f 4398/5432/3830 4265/5431/3829 4254/5435/3833 4253/5436/3834
f 4397/5429/3827 4396/5428/3826 4266/5430/3828
f 4249/5427/3825 4262/5437/3835 4266/5430/3828 4396/5428/3826
f 4392/5419/3817 4393/5422/3820 4400/5438/3836 4401/5439/3837
f 4395/5426/3824 4394/5425/3823 4402/5440/3838 4403/5441/3839
f 4397/5429/3827 4398/5432/3830 4404/5442/3840 4405/5443/3841
f 4396/5428/3826 4397/5429/3827 4405/5443/3841 4406/5444/3842
f 4394/5425/3823 4396/5428/3826 4406/5444/3842 4402/5440/3838
f 4407/5445/3843 4401/5439/3837 4408/5446/3844 4409/5447/3845
f 4393/5422/3820 4395/5426/3824 4403/5441/3839 4400/5438/3836
f 4403/5441/3839 4402/5440/3838 4410/5448/3846 4411/5449/3847
f 4405/5443/3841 4404/5442/3840 4412/5450/3848 4413/5451/3849
f 4406/5444/3842 4405/5443/3841 4413/5451/3849 4414/5452/3850
f 4402/5440/3838 4406/5444/3842 4414/5452/3850 4410/5448/3846
f 4409/5447/3845 4408/5446/3844 4415/5453/3851 4416/5454/3852
f 4400/5438/3836 4403/5441/3839 4411/5449/3847 4417/5455/3853
f 4401/5439/3837 4400/5438/3836 4417/5455/3853 4408/5446/3844
f 4417/5455/3853 4411/5449/3847 4418/5456/3854 4419/5457/3855
f 4408/5446/3844 4417/5455/3853 4419/5457/3855 4415/5453/3851
f 4416/5454/3852 4415/5453/3851 4420/5458/3856 4421/5459/3857
f 4411/5449/3847 4410/5448/3846 4422/5460/3858 4418/5456/3854
f 4413/5451/3849 4412/5450/3848 4423/5461/3859 4424/5462/3860
f 4414/5452/3850 4413/5451/3849 4424/5462/3860 4425/5463/3861
f 4410/5448/3846 4414/5452/3850 4425/5463/3861 4422/5460/3858
f 4415/5453/3851 4419/5457/3855 4426/5464/3862 4420/5458/3856
f 4421/5459/3857 4420/5458/3856 4427/5465/3863 4428/5466/3864
f 4418/5456/3854 4422/5460/3858 4429/5467/3865 4430/5468/3866
f 4424/5462/3860 4423/5461/3859 4431/5469/3867 4432/5470/3868
f 4425/5463/3861 4424/5462/3860 4432/5470/3868 4433/5471/3869
f 4422/5460/3858 4425/5463/3861 4433/5471/3869 4429/5467/3865
f 4419/5457/3855 4418/5456/3854 4430/5468/3866 4426/5464/3862
f 4420/5458/3856 4426/5464/3862 4434/5472/3855 4427/5465/3863
f 4428/5466/3864 4427/5465/3863 4435/5473/3870 4436/5474/72
f 4430/5468/3866 4429/5467/3865 4437/5475/3858 4438/5476/3854
f 4432/5470/3868 4431/5469/3867 4439/5477/3871 4440/5478/3872
f 4433/5471/3869 4432/5470/3868 4440/5478/3872 4441/5479/3873
f 4429/5467/3865 4433/5471/3869 4441/5479/3873 4437/5475/3858
f 4426/5464/3862 4430/5468/3866 4438/5476/3854 4434/5472/3855
f 4438/5476/3854 4437/5475/3858 4442/5480/3874 4443/5481/3875
f 4440/5478/3872 4439/5477/3871 4444/5482/253 4445/5483/3876
f 4441/5479/3873 4440/5478/3872 4445/5483/3876 4446/5484/3877
f 4437/5475/3858 4441/5479/3873 4446/5484/3877 4442/5480/3874
f 4434/5472/3855 4438/5476/3854 4443/5481/3875 4447/5485/3819
f 4427/5465/3863 4434/5472/3855 4447/5485/3819 4435/5473/3870
f 4392/5419/3817 4401/5439/3837 4407/5445/3843 4399/5434/3832
f 4448/5486/3878 4449/5487/3879 4450/5488/3880 4451/5489/3881
f 4452/5490/3882 4453/5491/3883 4454/5492/3884 4455/5493/3885
f 4456/5494/3886 4457/5495/3887 4458/5496/3888 4459/5497/3889
f 4460/5498/3890 4461/5499/3891 4462/5500/3892 4463/5501/3893
f 4464/5502/3894 4465/5503/3895 4466/5504/3896 4467/5505/3897
f 4468/5506/3898 4469/5507/3899 4470/5508/3900 4471/5509/3901
f 4472/5510/3902 4473/5511/3903 4474/5512/3904 4475/5513/3905
f 4476/5514/3906 4477/5515/3907 4478/5516/3908 4479/5517/3909
f 4461/5499/3891 4460/5498/3890 4480/5518/3910
f 4470/5508/3900 4469/5507/3899 4478/5516/3908 4477/5515/3907
f 4481/5519/3911 4482/5520/3912 4469/5507/3899 4468/5506/3898
f 4483/5521/3913 4484/5522/3914 4485/5523/3915 4486/5524/3916
f 4487/5525/3917 4488/5526/3918 4468/5506/3898 4471/5509/3901
f 4476/5514/3906 4489/5527/3919 4490/5528/3920 4491/5529/3921
f 4492/5530/3922 4493/5531/3923 4494/5532/3924 4495/5533/3925
f 4496/5534/3926 4497/5535/3927 4450/5488/3880 4449/5487/3879
f 4498/5536/3928 4499/5537/3929 4482/5520/3912 4481/5519/3911
f 4469/5507/3899 4482/5520/3912 4500/5538/3930 4478/5516/3908
f 4501/5539/3931 4502/5540/3932 4503/5541/3933 4504/5542/3934
f 4488/5526/3918 4505/5543/3935 4481/5519/3911 4468/5506/3898
f 4506/5544/3936 4507/5545/3937 4484/5522/3914 4483/5521/3913
f 4508/5546/3938 4509/5547/3939 4510/5548/3940 4511/5549/3941
f 4512/5550/3942 4513/5551/3943 4514/5552/3944 4515/5553/3945
f 4516/5554/3946 4517/5555/3947 4499/5537/3929 4498/5536/3928
f 4518/5556/3948 4519/5557/3949 4520/5558/3950 4521/5559/3951
f 4482/5520/3912 4499/5537/3929 4522/5560/3952 4500/5538/3930
f 4505/5543/3935 4523/5561/3953 4498/5536/3928 4481/5519/3911
f 4524/5562/3954 4501/5539/3931 4504/5542/3934 4525/5563/3955
f 4526/5564/3956 4527/5565/3957 4528/5566/3958 4529/5567/3959
f 4530/5568/3960 4531/5569/3961 4532/5570/3962 4533/5571/3963
f 4534/5572/3964 4535/5573/3965 4517/5555/3947 4516/5554/3946
f 4499/5537/3929 4517/5555/3947 4536/5574/3966 4522/5560/3952
f 4523/5561/3953 4537/5575/3935 4516/5554/3946 4498/5536/3928
f 4538/5576/3967 4539/5577/3968 4535/5573/3965 4534/5572/3964
f 4540/5578/3969 4541/5579/3970 4542/5580/3971 4543/5581/3972
f 4517/5555/3947 4535/5573/3965 4544/5582/3973 4536/5574/3966
f 4545/5583/3974 4546/5584/3975 4547/5585/3976 4548/5586/3977
f 4537/5575/3935 4549/5587/3978 4534/5572/3964 4516/5554/3946
f 4550/5588/3979 4551/5589/3980 4552/5590/3981 4553/5591/3982
f 4554/5592/3983 4555/5593/3984 4556/5594/3985 4557/5595/3986
f 4558/5596/3987 4559/5597/3988 4560/5598/3989 4561/5599/3990
f 4562/5600/3991 4563/5601/3992 4539/5577/3968 4538/5576/3967
f 4535/5573/3965 4539/5577/3968 4564/5602/3993 4544/5582/3973
f 4565/5603/3994 4566/5604/3995 4567/5605/3996 4568/5606/3997
f 4549/5587/3978 4569/5607/3918 4538/5576/3967 4534/5572/3964
f 4570/5608/3998 4571/5609/3999 4572/5610/4000 4573/5611/4001
f 4574/5612/4002 4575/5613/4003 4576/5614/4004 4577/5615/4005
f 4573/5611/4001 4572/5610/4000 4578/5616/4006 4579/5617/4007
f 4580/5618/4008 4581/5619/4009 4563/5601/3992 4562/5600/3991
f 4582/5620/4010 4583/5621/4011 4584/5622/4012 4585/5623/4013
f 4539/5577/3968 4563/5601/3992 4586/5624/4014 4564/5602/3993
f 4569/5607/3918 4587/5625/3953 4562/5600/3991 4538/5576/3967
f 4579/5617/4007 4588/5626/4015 4589/5627/4016 4573/5611/4001
f 4570/5608/3998 4590/5628/4017 4591/5629/4018 4568/5606/3997
f 4565/5603/3994 4592/5630/4019 4593/5631/4020 4548/5586/3977
f 4594/5632/4021 4595/5633/4022 4581/5619/4009 4580/5618/4008
f 4563/5601/3992 4581/5619/4009 4596/5634/4023 4586/5624/4014
f 4597/5635/4024 4598/5636/4025 4599/5637/4026 4600/5638/4027
f 4587/5625/3953 4601/5639/3935 4580/5618/4008 4562/5600/3991
f 4602/5640/4028 4603/5641/4029 4604/5642/4030 4605/5643/4031
f 4605/5643/4031 4604/5642/4030 4585/5623/4013 4584/5622/4012
f 4606/5644/4032 4607/5645/4033 4595/5633/4022 4594/5632/4021
f 4608/5646/4034 4609/5647/4035 4610/5648/4036 4611/5649/4037
f 4581/5619/4009 4595/5633/4022 4612/5650/4038 4596/5634/4023
f 4601/5639/3935 4613/5651/3918 4594/5632/4021 4580/5618/4008
f 4614/5652/4039 4615/5653/4040 4616/5654/4041 4617/5655/4042
f 4618/5656/4043 4619/5657/4044 4620/5658/4045 4621/5659/4046
f 4622/5660/4047 4623/5661/4048 4624/5662/4049 4625/5663/4050
f 4626/5664/4051 4627/5665/4052 4607/5645/4033 4606/5644/4032
f 4595/5633/4022 4607/5645/4033 4628/5666/4053 4612/5650/4038
f 4613/5651/3918 4629/5667/3918 4606/5644/4032 4594/5632/4021
f 4630/5668/4054 4631/5669/4055 4627/5665/4052 4626/5664/4051
f 4632/5670/4056 4633/5671/4057 4513/5551/3943 4512/5550/3942
f 4607/5645/4033 4627/5665/4052 4634/5672/4058 4628/5666/4053
f 4629/5667/3918 4635/5673/3953 4626/5664/4051 4606/5644/4032
f 4636/5674/4059 4637/5675/4060 4638/5676/4061 4639/5677/4062
f 4640/5678/4063 4641/5679/4064 4642/5680/4065 4643/5681/4066
f 4644/5682/4067 4645/5683/4068 4646/5684/4069 4647/5685/4070
f 4648/5686/4071 4649/5687/4072 4631/5669/4055 4630/5668/4054
f 4627/5665/4052 4631/5669/4055 4650/5688/4073 4634/5672/4058
f 4635/5673/3953 4651/5689/3953 4630/5668/4054 4626/5664/4051
f 4624/5662/4049 4652/5690/4074 4653/5691/4075 4654/5692/4076
f 4623/5661/4048 4655/5693/4077 4652/5690/4074 4624/5662/4049
f 4656/5694/4078 4657/5695/4079 4649/5687/4072 4648/5686/4071
f 4637/5675/4060 4636/5674/4059 4658/5696/4080 4659/5697/4081
f 4631/5669/4055 4649/5687/4072 4660/5698/4082 4650/5688/4073
f 4619/5657/4044 4661/5699/4083 4662/5700/4084 4620/5658/4045
f 4651/5689/3953 4663/5701/4085 4648/5686/4071 4630/5668/4054
f 4632/5670/4056 4512/5550/3942 4515/5553/3945 4664/5702/4086
f 4665/5703/4087 4508/5546/3938 4511/5549/3941 4666/5704/4088
f 4667/5705/4089 4506/5544/3936 4483/5521/3913 4668/5706/4090
f 4669/5707/4091 4670/5708/4092 4657/5695/4079 4656/5694/4078
f 4649/5687/4072 4657/5695/4079 4671/5709/4093 4660/5698/4082
f 4672/5710/4094 4673/5711/4095 4674/5712/4096 4675/5713/4097
f 4663/5701/4085 4676/5714/4085 4656/5694/4078 4648/5686/4071
f 4615/5653/4040 4677/5715/4098 4678/5716/4099 4616/5654/4041
f 4679/5717/4100 4680/5718/4101 4673/5711/4095 4672/5710/4094
f 4681/5719/4102 4682/5720/4103 4683/5721/4104 4684/5722/4105
f 4685/5723/4106 4686/5724/4107 4670/5708/4092 4669/5707/4091
f 4615/5653/4040 4614/5652/4039 4687/5725/4108 4677/5715/4098
f 4657/5695/4079 4670/5708/4092 4688/5726/4109 4671/5709/4093
f 4540/5578/3969 4543/5581/3972 4689/5727/4110 4690/5728/4111
f 4676/5714/4085 4691/5729/3918 4669/5707/4091 4656/5694/4078
f 4608/5646/4034 4611/5649/4037 4692/5730/4112 4693/5731/4113
f 4694/5732/4114 4695/5733/4115 4696/5734/4116 4697/5735/4117
f 4698/5736/4118 4699/5737/4119 4700/5738/4120 4701/5739/4121
f 4702/5740/4122 4703/5741/4123 4686/5724/4107 4685/5723/4106
f 4670/5708/4092 4686/5724/4107 4704/5742/4124 4688/5726/4109
f 4691/5729/3918 4705/5743/4125 4685/5723/4106 4669/5707/4091
f 4706/5744/4126 4707/5745/4127 4708/5746/4128 4533/5571/3963
f 4709/5747/4129 4710/5748/4130 4703/5741/4123 4702/5740/4122
f 4588/5626/4015 4579/5617/4007 4578/5616/4006 4711/5749/4131
f 4686/5724/4107 4703/5741/4123 4712/5750/4132 4704/5742/4124
f 4530/5568/3960 4713/5751/4133 4714/5752/4134 4529/5567/3959
f 4705/5743/4125 4715/5753/4135 4702/5740/4122 4685/5723/4106
f 4584/5622/4012 4583/5621/4011 4716/5754/4136 4605/5643/4031
f 4602/5640/4028 4717/5755/4044 4718/5756/4137 4600/5638/4027
f 4597/5635/4024 4719/5757/4138 4720/5758/4139 4577/5615/4005
f 4721/5759/4140 4722/5760/4141 4710/5748/4130 4709/5747/4129
f 4703/5741/4123 4710/5748/4130 4723/5761/4142 4712/5750/4132
f 4715/5753/4135 4724/5762/4143 4709/5747/4129 4702/5740/4122
f 4526/5564/3956 4725/5763/4144 4726/5764/4145 4525/5563/3955
f 4727/5765/4146 4728/5766/4147 4729/5767/4148 4668/5706/4090
f 4525/5563/3955 4726/5764/4145 4730/5768/4149 4524/5562/3954
f 4667/5705/4089 4731/5769/4150 4732/5770/4151 4666/5704/4088
f 4733/5771/4129 4734/5772/4152 4722/5760/4141 4721/5759/4140
f 4550/5588/3979 4735/5773/4153 4736/5774/4154 4551/5589/3980
f 4710/5748/4130 4722/5760/4141 4737/5775/4155 4723/5761/4142
f 4724/5762/4143 4738/5776/4143 4721/5759/4140 4709/5747/4129
f 4541/5579/3970 4540/5578/3969 4690/5728/4111 4739/5777/4156
f 4740/5778/4157 4681/5719/4102 4684/5722/4105 4741/5779/4158
f 4742/5780/4159 4679/5717/4100 4672/5710/4094 4743/5781/4160
f 4744/5782/4008 4745/5783/4161 4734/5772/4152 4733/5771/4129
f 4722/5760/4141 4734/5772/4152 4746/5784/4162 4737/5775/4155
f 4665/5703/4087 4747/5785/4163 4748/5786/4164 4664/5702/4086
f 4738/5776/4143 4749/5787/4143 4733/5771/4129 4721/5759/4140
f 4750/5788/4165 4751/5789/4166 4752/5790/4167 4455/5493/3885
f 4664/5702/4086 4748/5786/4164 4633/5671/4057 4632/5670/4056
f 4452/5490/3882 4753/5791/4168 4754/5792/4169 4459/5497/3889
f 4467/5505/3897 4472/5510/3902 4745/5783/4161 4744/5782/4008
f 4501/5539/3931 4524/5562/3954 4730/5768/4149 4502/5540/3932
f 4734/5772/4152 4745/5783/4161 4755/5793/4170 4746/5784/4162
f 4456/5494/3886 4756/5794/4171 4757/5795/4172 4463/5501/3893
f 4749/5787/4143 4758/5796/3935 4744/5782/4008 4733/5771/4129
f 4520/5558/3950 4519/5557/3949 4759/5797/4173 4760/5798/4174
f 4761/5799/4175 4762/5800/4176 4763/5801/4177 4764/5802/4178
f 4765/5803/4179 4766/5804/4180 4767/5805/4181 4768/5806/4182
f 4466/5504/3896 4473/5511/3903 4472/5510/3902 4467/5505/3897
f 4745/5783/4161 4472/5510/3902 4475/5513/3905 4755/5793/4170
f 4758/5796/3935 4464/5502/3894 4467/5505/3897 4744/5782/4008
f 4463/5501/3893 4757/5795/4172 4480/5518/3910 4460/5498/3890
f 4455/5493/3885 4454/5492/3884 4769/5807/4183 4750/5788/4165
f 4770/5808/4184 4771/5809/4185 4707/5745/4127 4706/5744/4126
f 4768/5806/4182 4767/5805/4181 4772/5810/4186 4773/5811/4187
f 4743/5781/4160 4672/5710/4094 4675/5713/4097 4774/5812/4188
f 4775/5813/4189 4776/5814/4190 4575/5613/4003 4574/5612/4002
f 4577/5615/4005 4720/5758/4139 4775/5813/4189 4574/5612/4002
f 4560/5598/3989 4777/5815/4191 4778/5816/4192 4779/5817/4193
f 4701/5739/4121 4700/5738/4120 4780/5818/4194 4781/5819/4195
f 4782/5820/4196 4783/5821/4197 4784/5822/4198 4785/5823/4199
f 4559/5597/3988 4786/5824/4200 4777/5815/4191 4560/5598/3989
f 4668/5706/4090 4483/5521/3913 4486/5524/3916 4727/5765/4146
f 4647/5685/4070 4646/5684/4069 4782/5820/4196 4785/5823/4199
f 4779/5817/4193 4778/5816/4192 4787/5825/4201 4788/5826/4202
f 4555/5593/3984 4789/5827/4203 4790/5828/4204 4556/5594/3985
f 4625/5663/4050 4624/5662/4049 4654/5692/4076 4791/5829/4205
f 4145/5157/3577 4792/5830/4206 4793/5831/4207 4146/5158/3578
f 4548/5586/3977 4593/5631/4020 4794/5832/4208 4545/5583/3974
f 4700/5738/4120 4795/5833/4209 4796/5834/4210 4780/5818/4194
f 4675/5713/4097 4674/5712/4096 4797/5835/4211 4774/5812/4188
f 4561/5599/3990 4560/5598/3989 4779/5817/4193 4788/5826/4202
f 4551/5589/3980 4736/5774/4154 4798/5836/4212 4552/5590/3981
f 4533/5571/3963 4532/5570/3962 4770/5808/4184 4706/5744/4126
f 4699/5737/4119 4799/5837/4213 4795/5833/4209 4700/5738/4120
f 4486/5524/3916 4485/5523/3915 4728/5766/4147 4727/5765/4146
f 4155/5167/3587 4800/5838/4214 4801/5839/4215 4156/5168/3588
f 4769/5807/4183 4792/5830/4206 4751/5789/4166 4750/5788/4165
f 4654/5692/4076 4653/5691/4075 4802/5840/4216 4791/5829/4205
f 4780/5818/4194 4796/5834/4210 4803/5841/4217 4781/5819/4195
f 4772/5810/4186 4804/5842/4218 4805/5843/4219 4773/5811/4187
f 4451/5489/3881 4801/5839/4215 4800/5838/4214 4448/5486/3878
f 4794/5832/4208 4806/5844/4220 4546/5584/3975 4545/5583/3974
f 4479/5517/3909 4730/5768/4149 4726/5764/4145 4807/5845/4221
f 4808/5846/4222 4725/5763/4144 4714/5752/4134 4809/5847/4223
f 4810/5848/4224 4713/5751/4133 4708/5746/4128 4811/5849/4225
f 4502/5540/3932 4735/5773/4153 4812/5850/4226 4503/5541/3933
f 4813/5851/4227 4814/5852/4228 4815/5853/4229 4816/5854/4230
f 4817/5855/4231 4818/5856/4232 4819/5857/4233 4820/5858/4234
f 4736/5774/4154 4578/5616/4006 4572/5610/4000 4798/5836/4212
f 4789/5827/4203 4571/5609/3999 4567/5605/3996 4790/5828/4204
f 4786/5824/4200 4566/5604/3995 4547/5585/3976 4777/5815/4191
f 4711/5749/4131 4687/5725/4108 4821/5859/4235 4822/5860/4236
f 4823/5861/4237 4824/5862/4238 4825/5863/4239 4826/5864/4240
f 4827/5865/4241 4828/5866/4242 4829/5867/4243 4830/5868/4244
f 4677/5715/4098 4658/5696/4080 4831/5869/4245 4678/5716/4099
f 4661/5699/4083 4832/5870/4246 4833/5871/4247 4662/5700/4084
f 4655/5693/4077 4834/5872/4248 4835/5873/4249 4652/5690/4074
f 4659/5697/4081 4633/5671/4057 4748/5786/4164 4836/5874/4250
f 4837/5875/4251 4747/5785/4163 4732/5770/4151 4838/5876/4252
f 4839/5877/4253 4731/5769/4150 4729/5767/4148 4840/5878/4254
f 4513/5551/3943 4609/5647/4035 4841/5879/4255 4514/5552/3944
f 4509/5547/3939 4842/5880/4256 4843/5881/4257 4510/5548/3940
f 4507/5545/3937 4844/5882/4258 4845/5883/4259 4484/5522/3914
f 4610/5648/4036 4585/5623/4013 4604/5642/4030 4846/5884/4260
f 4847/5885/4261 4603/5641/4029 4599/5637/4026 4848/5886/4262
f 4799/5837/4213 4598/5636/4025 4576/5614/4004 4795/5833/4209
f 4582/5620/4010 4542/5580/3971 4849/5887/4263 4850/5888/4264
f 4851/5889/4265 4852/5890/4266 4853/5891/4267 4854/5892/4268
f 4855/5893/4269 4856/5894/4270 4857/5895/4271 4858/5896/4272
f 4543/5581/3972 4521/5559/3951 4859/5897/4273 4689/5727/4110
f 4682/5720/4103 4860/5898/4274 4861/5899/4275 4683/5721/4104
f 4680/5718/4101 4862/5900/4276 4863/5901/4277 4673/5711/4095
f 4518/5556/3948 4480/5518/3910 4757/5795/4172 4864/5902/4278
f 4865/5903/4279 4756/5794/4171 4754/5792/4169 4866/5904/4280
f 4867/5905/4281 4753/5791/4168 4752/5790/4167 4868/5906/4282
f 4868/5906/4282 4752/5790/4167 4751/5789/4166 4804/5842/4218
f 4673/5711/4095 4863/5901/4277 4805/5843/4219 4674/5712/4096
f 4858/5896/4272 4857/5895/4271 4797/5835/4211 4776/5814/4190
f 4795/5833/4209 4576/5614/4004 4575/5613/4003 4796/5834/4210
f 4484/5522/3914 4845/5883/4259 4803/5841/4217 4485/5523/3915
f 4840/5878/4254 4729/5767/4148 4728/5766/4147 4783/5821/4197
f 4652/5690/4074 4835/5873/4249 4784/5822/4198 4653/5691/4075
f 4830/5868/4244 4829/5867/4243 4802/5840/4216 4806/5844/4220
f 4777/5815/4191 4547/5585/3976 4546/5584/3975 4778/5816/4192
f 4820/5858/4234 4819/5857/4233 4787/5825/4201 4771/5809/4185
f 4811/5849/4225 4708/5746/4128 4707/5745/4127 4801/5839/4215
f 4527/5565/3957 4813/5851/4227 4816/5854/4230 4528/5566/3958
f 4531/5569/3961 4817/5855/4231 4820/5858/4234 4532/5570/3962
f 4532/5570/3962 4820/5858/4234 4771/5809/4185 4770/5808/4184
f 4760/5798/4174 4859/5897/4273 4521/5559/3951 4520/5558/3950
f 4761/5799/4175 4860/5898/4274 4859/5897/4273 4760/5798/4174
f 4765/5803/4179 4862/5900/4276 4861/5899/4275 4764/5802/4178
f 4639/5677/4062 4831/5869/4245 4658/5696/4080 4636/5674/4059
f 4773/5811/4187 4805/5843/4219 4863/5901/4277 4768/5806/4182
f 4640/5678/4063 4832/5870/4246 4831/5869/4245 4639/5677/4062
f 4644/5682/4067 4834/5872/4248 4833/5871/4247 4643/5681/4066
f 4785/5823/4199 4784/5822/4198 4835/5873/4249 4647/5685/4070
f 4583/5621/4011 4582/5620/4010 4850/5888/4264 4716/5754/4136
f 4717/5755/4044 4851/5889/4265 4854/5892/4268 4718/5756/4137
f 4719/5757/4138 4855/5893/4269 4858/5896/4272 4720/5758/4139
f 4588/5626/4015 4711/5749/4131 4822/5860/4236 4589/5627/4016
f 4720/5758/4139 4858/5896/4272 4776/5814/4190 4775/5813/4189
f 4590/5628/4017 4823/5861/4237 4826/5864/4240 4591/5629/4018
f 4592/5630/4019 4827/5865/4241 4830/5868/4244 4593/5631/4020
f 4593/5631/4020 4830/5868/4244 4806/5844/4220 4794/5832/4208
f 4693/5731/4113 4841/5879/4255 4609/5647/4035 4608/5646/4034
f 4694/5732/4114 4842/5880/4256 4841/5879/4255 4693/5731/4113
f 4698/5736/4118 4844/5882/4258 4843/5881/4257 4697/5735/4117
f 4553/5591/3982 4812/5850/4226 4735/5773/4153 4550/5588/3979
f 4781/5819/4195 4803/5841/4217 4845/5883/4259 4701/5739/4121
f 4554/5592/3983 4814/5852/4228 4812/5850/4226 4553/5591/3982
f 4558/5596/3987 4818/5856/4232 4815/5853/4229 4557/5595/3986
f 4788/5826/4202 4787/5825/4201 4819/5857/4233 4561/5599/3990
f 4519/5557/3949 4518/5556/3948 4864/5902/4278 4759/5797/4173
f 4762/5800/4176 4865/5903/4279 4866/5904/4280 4763/5801/4177
f 4766/5804/4180 4867/5905/4281 4868/5906/4282 4767/5805/4181
f 4637/5675/4060 4659/5697/4081 4836/5874/4250 4638/5676/4061
f 4767/5805/4181 4868/5906/4282 4804/5842/4218 4772/5810/4186
f 4641/5679/4064 4837/5875/4251 4838/5876/4252 4642/5680/4065
f 4645/5683/4068 4839/5877/4253 4840/5878/4254 4646/5684/4069
f 4489/5527/3919 4479/5517/3909 4807/5845/4221 4490/5528/3920
f 4646/5684/4069 4840/5878/4254 4783/5821/4197 4782/5820/4196
f 4493/5531/3923 4808/5846/4222 4809/5847/4223 4494/5532/3924
f 4497/5535/3927 4810/5848/4224 4811/5849/4225 4450/5488/3880
f 4450/5488/3880 4811/5849/4225 4801/5839/4215 4451/5489/3881
f 4739/5777/4156 4849/5887/4263 4542/5580/3971 4541/5579/3970
f 4740/5778/4157 4852/5890/4266 4849/5887/4263 4739/5777/4156
f 4742/5780/4159 4856/5894/4270 4853/5891/4267 4741/5779/4158
f 4617/5655/4042 4821/5859/4235 4687/5725/4108 4614/5652/4039
f 4774/5812/4188 4797/5835/4211 4857/5895/4271 4743/5781/4160
f 4618/5656/4043 4824/5862/4238 4821/5859/4235 4617/5655/4042
f 4622/5660/4047 4828/5866/4242 4825/5863/4239 4621/5659/4046
f 4791/5829/4205 4802/5840/4216 4829/5867/4243 4625/5663/4050
f 4611/5649/4037 4610/5648/4036 4846/5884/4260 4692/5730/4112
f 4695/5733/4115 4847/5885/4261 4848/5886/4262 4696/5734/4116
f 4801/5839/4215 4707/5745/4127 4226/5238/3658 4156/5168/3588
f 4707/5745/4127 4771/5809/4185 4227/5239/3659 4226/5238/3658
f 4771/5809/4185 4787/5825/4201 4228/5240/3658 4227/5239/3659
f 4787/5825/4201 4778/5816/4192 4229/5241/3588 4228/5240/3658
f 4778/5816/4192 4546/5584/3975 4230/5242/3588 4229/5241/3588
f 4546/5584/3975 4806/5844/4220 4231/5243/3659 4230/5242/3588
f 4806/5844/4220 4802/5840/4216 4232/5244/3658 4231/5243/3659
f 4802/5840/4216 4653/5691/4075 4233/5245/3588 4232/5244/3658
f 4653/5691/4075 4784/5822/4198 4234/5246/3588 4233/5245/3588
f 4784/5822/4198 4783/5821/4197 4235/5247/3659 4234/5246/3588
f 4783/5821/4197 4728/5766/4147 4236/5248/3659 4235/5247/3659
f 4728/5766/4147 4485/5523/3915 4237/5249/3588 4236/5248/3659
f 4485/5523/3915 4803/5841/4217 4238/5250/3588 4237/5249/3588
f 4803/5841/4217 4796/5834/4210 4239/5251/3588 4238/5250/3588
f 4796/5834/4210 4575/5613/4003 4240/5252/3660 4239/5251/3588
f 4241/5253/3658 4776/5814/4190 4797/5835/4211 4242/5254/3659
f 4240/5252/3660 4575/5613/4003 4776/5814/4190 4241/5253/3658
f 4243/5255/3659 4242/5254/3659 4797/5835/4211 4674/5712/4096
f 4674/5712/4096 4805/5843/4219 4244/5256/3659 4243/5255/3659
f 4805/5843/4219 4804/5842/4218 4245/5257/3661 4244/5256/3659
f 4804/5842/4218 4751/5789/4166 4246/5258/3662 4245/5257/3661
f 4751/5789/4166 4792/5830/4206 4145/5157/3577 4246/5258/3662
f 4480/5518/3910 4518/5556/3948 4755/5793/4170 4475/5513/3905
f 4521/5559/3951 4746/5784/4162 4755/5793/4170 4518/5556/3948
f 4730/5768/4149 4500/5538/3930 4522/5560/3952 4502/5540/3932
f 4502/5540/3932 4522/5560/3952 4536/5574/3966 4735/5773/4153
f 4735/5773/4153 4536/5574/3966 4544/5582/3973 4736/5774/4154
f 4736/5774/4154 4544/5582/3973 4564/5602/3993 4578/5616/4006
f 4578/5616/4006 4564/5602/3993 4586/5624/4014 4711/5749/4131
f 4711/5749/4131 4586/5624/4014 4596/5634/4023 4687/5725/4108
f 4687/5725/4108 4596/5634/4023 4612/5650/4038 4677/5715/4098
f 4677/5715/4098 4612/5650/4038 4628/5666/4053 4658/5696/4080
f 4658/5696/4080 4628/5666/4053 4634/5672/4058 4659/5697/4081
f 4659/5697/4081 4634/5672/4058 4650/5688/4073 4633/5671/4057
f 4633/5671/4057 4650/5688/4073 4660/5698/4082 4513/5551/3943
f 4513/5551/3943 4660/5698/4082 4671/5709/4093 4609/5647/4035
f 4609/5647/4035 4671/5709/4093 4688/5726/4109 4610/5648/4036
f 4610/5648/4036 4688/5726/4109 4704/5742/4124 4585/5623/4013
f 4585/5623/4013 4704/5742/4124 4712/5750/4132 4582/5620/4010
f 4582/5620/4010 4712/5750/4132 4723/5761/4142 4542/5580/3971
f 4542/5580/3971 4723/5761/4142 4737/5775/4155 4543/5581/3972
f 4500/5538/3930 4730/5768/4149 4479/5517/3909 4478/5516/3908
f 4746/5784/4162 4521/5559/3951 4543/5581/3972 4737/5775/4155
f 4692/5730/4112 4846/5884/4260 4847/5885/4261 4695/5733/4115
f 4621/5659/4046 4825/5863/4239 4824/5862/4238 4618/5656/4043
f 4741/5779/4158 4853/5891/4267 4852/5890/4266 4740/5778/4157
f 4490/5528/3920 4807/5845/4221 4808/5846/4222 4493/5531/3923
f 4638/5676/4061 4836/5874/4250 4837/5875/4251 4641/5679/4064
f 4759/5797/4173 4864/5902/4278 4865/5903/4279 4762/5800/4176
f 4557/5595/3986 4815/5853/4229 4814/5852/4228 4554/5592/3983
f 4697/5735/4117 4843/5881/4257 4842/5880/4256 4694/5732/4114
f 4589/5627/4016 4822/5860/4236 4823/5861/4237 4590/5628/4017
f 4716/5754/4136 4850/5888/4264 4851/5889/4265 4717/5755/4044
f 4643/5681/4066 4833/5871/4247 4832/5870/4246 4640/5678/4063
f 4764/5802/4178 4861/5899/4275 4860/5898/4274 4761/5799/4175
f 4504/5542/3934 4503/5541/3933 4813/5851/4227 4527/5565/3957
f 4864/5902/4278 4757/5795/4172 4756/5794/4171 4865/5903/4279
f 4689/5727/4110 4859/5897/4273 4860/5898/4274 4682/5720/4103
f 4850/5888/4264 4849/5887/4263 4852/5890/4266 4851/5889/4265
f 4846/5884/4260 4604/5642/4030 4603/5641/4029 4847/5885/4261
f 4514/5552/3944 4841/5879/4255 4842/5880/4256 4509/5547/3939
f 4836/5874/4250 4748/5786/4164 4747/5785/4163 4837/5875/4251
f 4678/5716/4099 4831/5869/4245 4832/5870/4246 4661/5699/4083
f 4822/5860/4236 4821/5859/4235 4824/5862/4238 4823/5861/4237
f 4798/5836/4212 4572/5610/4000 4571/5609/3999 4789/5827/4203
f 4503/5541/3933 4812/5850/4226 4814/5852/4228 4813/5851/4227
f 4807/5845/4221 4726/5764/4145 4725/5763/4144 4808/5846/4222
f 4552/5590/3981 4798/5836/4212 4789/5827/4203 4555/5593/3984
f 4760/5798/4174 4759/5797/4173 4762/5800/4176 4761/5799/4175
f 4459/5497/3889 4754/5792/4169 4756/5794/4171 4456/5494/3886
f 4666/5704/4088 4732/5770/4151 4747/5785/4163 4665/5703/4087
f 4739/5777/4156 4690/5728/4111 4681/5719/4102 4740/5778/4157
f 4529/5567/3959 4714/5752/4134 4725/5763/4144 4526/5564/3956
f 4605/5643/4031 4716/5754/4136 4717/5755/4044 4602/5640/4028
f 4693/5731/4113 4692/5730/4112 4695/5733/4115 4694/5732/4114
f 4690/5728/4111 4689/5727/4110 4682/5720/4103 4681/5719/4102
f 4664/5702/4086 4515/5553/3945 4508/5546/3938 4665/5703/4087
f 4616/5654/4041 4678/5716/4099 4661/5699/4083 4619/5657/4044
f 4639/5677/4062 4638/5676/4061 4641/5679/4064 4640/5678/4063
f 4617/5655/4042 4616/5654/4041 4619/5657/4044 4618/5656/4043
f 4600/5638/4027 4599/5637/4026 4603/5641/4029 4602/5640/4028
f 4573/5611/4001 4589/5627/4016 4590/5628/4017 4570/5608/3998
f 4568/5606/3997 4567/5605/3996 4571/5609/3999 4570/5608/3998
f 4553/5591/3982 4552/5590/3981 4555/5593/3984 4554/5592/3983
f 4525/5563/3955 4504/5542/3934 4527/5565/3957 4526/5564/3956
f 4515/5553/3945 4514/5552/3944 4509/5547/3939 4508/5546/3938
f 4491/5529/3921 4490/5528/3920 4493/5531/3923 4492/5530/3922
f 4463/5501/3893 4462/5500/3892 4457/5495/3887 4456/5494/3886
f 4625/5663/4050 4829/5867/4243 4828/5866/4242 4622/5660/4047
f 4743/5781/4160 4857/5895/4271 4856/5894/4270 4742/5780/4159
f 4494/5532/3924 4809/5847/4223 4810/5848/4224 4497/5535/3927
f 4642/5680/4065 4838/5876/4252 4839/5877/4253 4645/5683/4068
f 4763/5801/4177 4866/5904/4280 4867/5905/4281 4766/5804/4180
f 4561/5599/3990 4819/5857/4233 4818/5856/4232 4558/5596/3987
f 4701/5739/4121 4845/5883/4259 4844/5882/4258 4698/5736/4118
f 4591/5629/4018 4826/5864/4240 4827/5865/4241 4592/5630/4019
f 4718/5756/4137 4854/5892/4268 4855/5893/4269 4719/5757/4138
f 4647/5685/4070 4835/5873/4249 4834/5872/4248 4644/5682/4067
f 4768/5806/4182 4863/5901/4277 4862/5900/4276 4765/5803/4179
f 4528/5566/3958 4816/5854/4230 4817/5855/4231 4531/5569/3961
f 4866/5904/4280 4754/5792/4169 4753/5791/4168 4867/5905/4281
f 4683/5721/4104 4861/5899/4275 4862/5900/4276 4680/5718/4101
f 4854/5892/4268 4853/5891/4267 4856/5894/4270 4855/5893/4269
f 4848/5886/4262 4599/5637/4026 4598/5636/4025 4799/5837/4213
f 4510/5548/3940 4843/5881/4257 4844/5882/4258 4507/5545/3937
f 4838/5876/4252 4732/5770/4151 4731/5769/4150 4839/5877/4253
f 4662/5700/4084 4833/5871/4247 4834/5872/4248 4655/5693/4077
f 4826/5864/4240 4825/5863/4239 4828/5866/4242 4827/5865/4241
f 4790/5828/4204 4567/5605/3996 4566/5604/3995 4786/5824/4200
f 4816/5854/4230 4815/5853/4229 4818/5856/4232 4817/5855/4231
f 4809/5847/4223 4714/5752/4134 4713/5751/4133 4810/5848/4224
f 4696/5734/4116 4848/5886/4262 4799/5837/4213 4699/5737/4119
f 4556/5594/3985 4790/5828/4204 4786/5824/4200 4559/5597/3988
f 4764/5802/4178 4763/5801/4177 4766/5804/4180 4765/5803/4179
f 4455/5493/3885 4752/5790/4167 4753/5791/4168 4452/5490/3882
f 4741/5779/4158 4684/5722/4105 4679/5717/4100 4742/5780/4159
f 4668/5706/4090 4729/5767/4148 4731/5769/4150 4667/5705/4089
f 4600/5638/4027 4718/5756/4137 4719/5757/4138 4597/5635/4024
f 4533/5571/3963 4708/5746/4128 4713/5751/4133 4530/5568/3960
f 4697/5735/4117 4696/5734/4116 4699/5737/4119 4698/5736/4118
f 4684/5722/4105 4683/5721/4104 4680/5718/4101 4679/5717/4100
f 4666/5704/4088 4511/5549/3941 4506/5544/3936 4667/5705/4089
f 4620/5658/4045 4662/5700/4084 4655/5693/4077 4623/5661/4048
f 4643/5681/4066 4642/5680/4065 4645/5683/4068 4644/5682/4067
f 4621/5659/4046 4620/5658/4045 4623/5661/4048 4622/5660/4047
f 4577/5615/4005 4576/5614/4004 4598/5636/4025 4597/5635/4024
f 4568/5606/3997 4591/5629/4018 4592/5630/4019 4565/5603/3994
f 4548/5586/3977 4547/5585/3976 4566/5604/3995 4565/5603/3994
f 4557/5595/3986 4556/5594/3985 4559/5597/3988 4558/5596/3987
f 4529/5567/3959 4528/5566/3958 4531/5569/3961 4530/5568/3960
f 4511/5549/3941 4510/5548/3940 4507/5545/3937 4506/5544/3936
f 4495/5533/3925 4494/5532/3924 4497/5535/3927 4496/5534/3926
f 4459/5497/3889 4458/5496/3888 4453/5491/3883 4452/5490/3882
f 4869/5907/4283 4870/5908/4284 4871/5909/4285 4872/5910/4286
f 4873/5911/4287 4874/5912/4288 4875/5913/4289 4876/5914/4290
f 4877/5915/4291 4878/5916/4292 4879/5917/4293 4880/5918/4294
f 4881/5919/4295 4882/5920/4296 4878/5916/4292 4877/5915/4291
f 4880/5918/4294 4879/5917/4293 4870/5908/4284 4869/5907/4283
f 4872/5910/4286 4871/5909/4285 4883/5921/4297 4884/5922/4298
f 4885/5923/4299 4886/5924/4300 4887/5925/4301 4888/5926/4302
f 4267/5279/3683 4270/5282/3686 4889/5927/4303 4890/5928/4304
f 4888/5926/4302 4887/5925/4301 4874/5912/4288 4873/5911/4287
f 4890/5928/4304 4889/5927/4303 4891/5929/4305 4892/5930/4306
f 4892/5930/4306 4891/5929/4305 4882/5920/4296 4881/5919/4295
f 4884/5922/4298 4883/5921/4297 4886/5924/4300 4885/5923/4299
f 4476/5514/3906 4893/5931/4307 4894/5932/4308 4477/5515/3907
f 4448/5486/3878 4895/5933/4309 4896/5934/4310 4449/5487/3879
f 4800/5838/4214 4897/5935/4311 4895/5933/4309 4448/5486/3878
f 4470/5508/3900 4898/5936/4312 4899/5937/4313 4471/5509/3901
f 4155/5167/3587 4280/5292/3696 4897/5935/4311 4800/5838/4214
f 4477/5515/3907 4894/5932/4308 4898/5936/4312 4470/5508/3900
f 4491/5529/3921 4900/5938/4314 4893/5931/4307 4476/5514/3906
f 4495/5533/3925 4901/5939/4315 4902/5940/4316 4492/5530/3922
f 4449/5487/3879 4896/5934/4310 4903/5941/4317 4496/5534/3926
f 4496/5534/3926 4903/5941/4317 4901/5939/4315 4495/5533/3925
f 4471/5509/3901 4899/5937/4313 4904/5942/4318 4487/5525/3917
f 4492/5530/3922 4902/5940/4316 4900/5938/4314 4491/5529/3921
f 4905/5943/4319 4884/5922/4298 4885/5923/4299 4906/5944/4320
f 4907/5945/4321 4892/5930/4306 4881/5919/4295 4908/5946/4322
f 4909/5947/4323 4890/5928/4304 4892/5930/4306 4907/5945/4321
f 4910/5948/4324 4888/5926/4302 4873/5911/4287 4911/5949/4325
f 4293/5305/3709 4267/5279/3683 4890/5928/4304 4909/5947/4323
f 4906/5944/4320 4885/5923/4299 4888/5926/4302 4910/5948/4324
f 4912/5950/4326 4872/5910/4286 4884/5922/4298 4905/5943/4319
f 4913/5951/4327 4880/5918/4294 4869/5907/4283 4914/5952/4328
f 4908/5946/4322 4881/5919/4295 4877/5915/4291 4915/5953/4329
f 4915/5953/4329 4877/5915/4291 4880/5918/4294 4913/5951/4327
f 4911/5949/4325 4873/5911/4287 4876/5914/4290 4916/5954/4330
f 4914/5952/4328 4869/5907/4283 4872/5910/4286 4912/5950/4326
f 4902/5940/4316 4914/5952/4328 4912/5950/4326 4900/5938/4314
f 4899/5937/4313 4911/5949/4325 4916/5954/4330 4904/5942/4318
f 4903/5941/4317 4915/5953/4329 4913/5951/4327 4901/5939/4315
f 4896/5934/4310 4908/5946/4322 4915/5953/4329 4903/5941/4317
f 4901/5939/4315 4913/5951/4327 4914/5952/4328 4902/5940/4316
f 4900/5938/4314 4912/5950/4326 4905/5943/4319 4893/5931/4307
f 4894/5932/4308 4906/5944/4320 4910/5948/4324 4898/5936/4312
f 4280/5292/3696 4293/5305/3709 4909/5947/4323 4897/5935/4311
f 4898/5936/4312 4910/5948/4324 4911/5949/4325 4899/5937/4313
f 4897/5935/4311 4909/5947/4323 4907/5945/4321 4895/5933/4309
f 4895/5933/4309 4907/5945/4321 4908/5946/4322 4896/5934/4310
f 4893/5931/4307 4905/5943/4319 4906/5944/4320 4894/5932/4308
f 4917/5955/4331 4918/5956/4332 4301/5313/3717 4300/5312/3716
f 4769/5807/4183 4919/5957/4333 4793/5831/4207 4792/5830/4206
f 4920/5958/4334 4921/5959/4335 4918/5956/4332 4917/5955/4331
f 4919/5957/4333 4920/5958/4334 4917/5955/4331 4793/5831/4207
f 4917/5955/4331 4300/5312/3716 4146/5158/3578 4793/5831/4207
f 4918/5956/4332 4922/5960/4336 4306/5318/3722 4301/5313/3717
f 4921/5959/4335 4923/5961/4337 4922/5960/4336 4918/5956/4332
f 4474/5512/3904 4924/5962/4338 4925/5963/4339 4461/5499/3891
f 4466/5504/3896 4926/5964/4340 4927/5965/4341 4473/5511/3903
f 4473/5511/3903 4927/5965/4341 4924/5962/4338 4474/5512/3904
f 4465/5503/3895 4928/5966/4342 4926/5964/4340 4466/5504/3896
f 4926/5964/4340 4929/5967/4343 4930/5968/4344 4927/5965/4341
f 4928/5966/4342 4931/5969/4345 4929/5967/4343 4926/5964/4340
f 4924/5962/4338 4932/5970/4346 4933/5971/4347 4925/5963/4339
f 4927/5965/4341 4930/5968/4344 4932/5970/4346 4924/5962/4338
f 4929/5967/4343 4934/5972/4348 4935/5973/4349 4930/5968/4344
f 4931/5969/4345 4936/5974/4350 4934/5972/4348 4929/5967/4343
f 4932/5970/4346 4937/5975/4351 4938/5976/4352 4933/5971/4347
f 4930/5968/4344 4935/5973/4349 4937/5975/4351 4932/5970/4346
f 4934/5972/4348 4939/5977/4353 4940/5978/4354 4935/5973/4349
f 4936/5974/4350 4941/5979/4355 4939/5977/4353 4934/5972/4348
f 4937/5975/4351 4942/5980/4356 4943/5981/4357 4938/5976/4352
f 4935/5973/4349 4940/5978/4354 4942/5980/4356 4937/5975/4351
f 4458/5496/3888 4944/5982/4358 4945/5983/4359 4453/5491/3883
f 4453/5491/3883 4945/5983/4359 4946/5984/4360 4454/5492/3884
f 4462/5500/3892 4947/5985/4361 4948/5986/4362 4457/5495/3887
f 4457/5495/3887 4948/5986/4362 4944/5982/4358 4458/5496/3888
f 4462/5500/3892 4461/5499/3891 4925/5963/4339 4947/5985/4361
f 4454/5492/3884 4946/5984/4360 4919/5957/4333 4769/5807/4183
f 4947/5985/4361 4949/5987/4363 4950/5988/4364 4948/5986/4362
f 4920/5958/4334 4919/5957/4333 4946/5984/4360 4951/5989/4365
f 4925/5963/4339 4933/5971/4347 4949/5987/4363 4947/5985/4361
f 4948/5986/4362 4950/5988/4364 4952/5990/4366 4944/5982/4358
f 4944/5982/4358 4952/5990/4366 4953/5991/4367 4945/5983/4359
f 4945/5983/4359 4953/5991/4367 4951/5989/4365 4946/5984/4360
f 4943/5981/4357 4954/5992/4368 4955/5993/4369 4938/5976/4352
f 4954/5992/4368 4956/5994/4370 4957/5995/4371 4955/5993/4369
f 4956/5994/4370 4958/5996/4372 4959/5997/4373 4957/5995/4371
f 4958/5996/4372 4960/5998/4374 4961/5999/4375 4959/5997/4373
f 4960/5998/4374 4962/6000/4376 4963/6001/4377 4961/5999/4375
f 4923/5961/4337 4921/5959/4335 4963/6001/4377 4962/6000/4376
f 4921/5959/4335 4920/5958/4334 4951/5989/4365 4963/6001/4377
f 4951/5989/4365 4953/5991/4367 4961/5999/4375 4963/6001/4377
f 4953/5991/4367 4952/5990/4366 4959/5997/4373 4961/5999/4375
f 4952/5990/4366 4950/5988/4364 4957/5995/4371 4959/5997/4373
f 4950/5988/4364 4949/5987/4363 4955/5993/4369 4957/5995/4371
f 4938/5976/4352 4955/5993/4369 4949/5987/4363 4933/5971/4347
f 4475/5513/3905 4474/5512/3904 4461/5499/3891 4480/5518/3910
f 4958/6002/4378 4964/6003/4379 4965/6004/4380 4960/6005/4381
f 4956/6006/4382 4966/6007/4383 4964/6003/4379 4958/6002/4378
f 4923/6008/4384 4962/6009/4385 4967/6010/4386 4922/6011/4387
f 4968/6012/4388 4969/6013/4389 4940/6014/4390
f 4967/6010/4386 4970/6015/4391 4922/6011/4387
f 4954/6016/4392 4971/6017/4393 4966/6007/4383 4956/6006/4382
f 4943/6018/4394 4972/6019/4395 4971/6017/4393 4954/6016/4392
f 4922/6011/4387 4970/6015/4391 4358/5380/3784 4306/5379/3783
f 4943/6018/4394 4942/6020/4396 4972/6019/4395
f 4941/6021/60 4968/6012/4388 4940/6014/4390 4939/6022/4397
f 4960/6005/4381 4965/6004/4380 4967/6010/4386 4962/6009/4385
f 4940/6014/4390 4969/6013/4389 4972/6019/4395 4942/6020/4396
f 4965/6004/4380 4973/6023/4398 4974/6024/4399 4967/6010/4386
f 4967/6010/4386 4974/6024/4399 4975/6025/4400 4970/6015/4391
f 4968/6012/4388 4976/6026/4401 4977/6027/4402 4969/6013/4389
f 4972/6019/4395 4978/6028/4403 4979/6029/4404 4971/6017/4393
f 4971/6017/4393 4979/6029/4404 4980/6030/4405 4966/6007/4383
f 4966/6007/4383 4980/6030/4405 4981/6031/4406 4964/6003/4379
f 4969/6013/4389 4977/6027/4402 4978/6028/4403 4972/6019/4395
f 4964/6003/4379 4981/6031/4406 4973/6023/4398 4965/6004/4380
f 4982/6032/1292 4983/6033/755 4984/6034/4407 4985/6035/4408
f 4976/6026/4401 4986/6036/4409 4987/6037/4410 4977/6027/4402
f 4978/6028/4403 4988/6038/4411 4989/6039/4412 4979/6029/4404
f 4979/6029/4404 4989/6039/4412 4990/6040/4413 4980/6030/4405
f 4980/6030/4405 4990/6040/4413 4991/6041/4414 4981/6031/4406
f 4981/6031/4406 4991/6041/4414 4992/6042/4415 4973/6023/4398
f 4973/6023/4398 4992/6042/4415 4993/6043/4416 4974/6024/4399
f 4974/6024/4399 4993/6043/4416 4984/6034/4407 4975/6025/4400
f 4977/6027/4402 4987/6037/4410 4988/6038/4411 4978/6028/4403
f 4986/6036/4409 4994/6044/4417 4995/6045/4418 4987/6037/4410
f 4988/6038/4411 4996/6046/4419 4997/6047/4420 4989/6039/4412
f 4989/6039/4412 4997/6047/4420 4998/6048/4421 4990/6040/4413
f 4990/6040/4413 4998/6048/4421 4999/6049/4422 4991/6041/4414
f 4991/6041/4414 4999/6049/4422 5000/6050/4423 4992/6042/4415
f 4992/6042/4415 5000/6050/4423 5001/6051/4424 4993/6043/4416
f 4993/6043/4416 5001/6051/4424 4985/6035/4408 4984/6034/4407
f 4985/6035/4408 4389/5414/3814 4388/5413/2601 4982/6032/1292
f 4987/6037/4410 4995/6045/4418 4996/6046/4419 4988/6038/4411
f 4358/5380/3784 4970/6015/4391 4983/6033/755 4390/5415/11
f 4984/6034/4407 4983/6033/755 4970/6015/4391 4975/6025/4400
f 4982/6032/1292 4388/5413/2601 4390/5415/11 4983/6033/755
f 4985/6035/4408 4391/5416/11 4389/5414/3814
f 4994/6044/4417 4391/5416/11 4995/6045/4418
f 4996/6046/4419 4391/5416/11 4997/6047/4420
f 4997/6047/4420 4391/5416/11 4998/6048/4421
f 4998/6048/4421 4391/5416/11 4999/6049/4422
f 4999/6049/4422 4391/5416/11 5000/6050/4423
f 5000/6050/4423 4391/5416/11 5001/6051/4424
f 5001/6051/4424 4391/5416/11 4985/6035/4408
f 4995/6045/4418 4391/5416/11 4996/6046/4419
f 4891/6052/4425 4889/6053/4426 5002/6054/4427 4882/6055/4428
f 4882/6055/4428 5002/6054/4427 5003/6056/4429 4878/6057/4430
f 4879/6058/4431 5004/6059/4432 5005/6060/4433 4870/6061/4434
f 4870/6061/4434 5005/6060/4433 5006/6062/4435 4871/6063/4436
f 5007/6064/4437 5008/6065/4438 4887/6066/4439 4886/6067/4440
f 4270/5433/3831 4399/5434/3832 5002/6054/4427 4889/6053/4426
f 4878/6057/4430 5003/6056/4429 5004/6059/4432 4879/6058/4431
f 5008/6065/4438 4875/6068/4441 4874/6069/4441 4887/6066/4439
f 5007/6064/4437 4886/6067/4440 5006/6062/4435
f 4871/6063/4436 5006/6062/4435 4886/6067/4440 4883/6070/4442
f 5002/6054/4427 5009/6071/4443 5010/6072/4444 5003/6056/4429
f 5004/6059/4432 5011/6073/4445 5012/6074/4446 5005/6060/4433
f 5007/6064/4437 5013/6075/4447 5014/6076/4448 5008/6065/4438
f 5006/6062/4435 5015/6077/4449 5013/6075/4447 5007/6064/4437
f 5005/6060/4433 5012/6074/4446 5015/6077/4449 5006/6062/4435
f 4407/5445/3843 4409/5447/3845 5016/6078/4450 5009/6071/4443
f 5003/6056/4429 5010/6072/4444 5011/6073/4445 5004/6059/4432
f 5011/6073/4445 5017/6079/4451 5018/6080/4452 5012/6074/4446
f 5013/6075/4447 5019/6081/4453 5020/6082/4454 5014/6076/4448
f 5015/6077/4449 5021/6083/4455 5019/6081/4453 5013/6075/4447
f 5012/6074/4446 5018/6080/4452 5021/6083/4455 5015/6077/4449
f 4409/5447/3845 5022/6084/4456 5023/6085/4457 5016/6078/4450
f 5010/6072/4444 5024/6086/4458 5017/6079/4451 5011/6073/4445
f 5009/6071/4443 5016/6078/4450 5024/6086/4458 5010/6072/4444
f 5024/6086/4458 5025/6087/4459 5026/6088/4460 5017/6079/4451
f 5016/6078/4450 5023/6085/4457 5025/6087/4459 5024/6086/4458
f 5022/6084/4456 5027/6089/4461 5028/6090/4462 5023/6085/4457
f 5017/6079/4451 5026/6088/4460 5029/6091/4463 5018/6080/4452
f 5019/6081/4453 5030/6092/4464 5031/6093/4465 5020/6082/4454
f 5021/6083/4455 5032/6094/4466 5030/6092/4464 5019/6081/4453
f 5018/6080/4452 5029/6091/4463 5032/6094/4466 5021/6083/4455
f 5023/6085/4457 5028/6090/4462 5033/6095/4467 5025/6087/4459
f 5027/6089/4461 4428/5466/3864 5034/6096/4468 5028/6090/4462
f 5026/6088/4460 5035/6097/4469 5036/6098/4470 5029/6091/4463
f 5030/6092/4464 5037/6099/4471 5038/6100/4472 5031/6093/4465
f 5032/6094/4466 5039/6101/4473 5037/6099/4471 5030/6092/4464
f 5029/6091/4463 5036/6098/4470 5039/6101/4473 5032/6094/4466
f 5025/6087/4459 5033/6095/4467 5035/6097/4469 5026/6088/4460
f 5028/6090/4462 5034/6096/4468 5040/6102/4459 5033/6095/4467
f 4428/5466/3864 4436/5474/72 5041/6103/4474 5034/6096/4468
f 5035/6097/4469 5042/6104/4460 5043/6105/4463 5036/6098/4470
f 5037/6099/4471 5044/6106/4475 5045/6107/4476 5038/6100/4472
f 5039/6101/4473 5046/6108/4477 5044/6106/4475 5037/6099/4471
f 5036/6098/4470 5043/6105/4463 5046/6108/4477 5039/6101/4473
f 5033/6095/4467 5040/6102/4459 5042/6104/4460 5035/6097/4469
f 5042/6104/4460 5047/6109/4478 5048/6110/4479 5043/6105/4463
f 5044/6106/4475 5049/6111/4480 5050/6112/4481 5045/6107/4476
f 5046/6108/4477 5051/6113/4482 5049/6111/4480 5044/6106/4475
f 5043/6105/4463 5048/6110/4479 5051/6113/4482 5046/6108/4477
f 5040/6102/4459 5052/6114/4430 5047/6109/4478 5042/6104/4460
f 5034/6096/4468 5041/6103/4474 5052/6114/4430 5040/6102/4459
f 5002/6054/4427 4399/5434/3832 4407/5445/3843 5009/6071/4443
f 3841/4853/3290 3844/4856/3293 3831/4843/3280 3830/4842/3279
f 4489/5527/3919 4476/5514/3906 4479/5517/3909
f 5053/6115/4483 5054/6116/4484 5055/6117/4485 5056/6118/4486
f 5057/6119/4487 5058/6120/4488 5059/6121/4489 5060/6122/4490
f 5061/6123/4491 5062/6124/4492 5063/6125/4493 5064/6126/4494
f 5065/6127/4495 5066/6128/4496 5067/6129/4497 5068/6130/4498
f 3817/4829/3266 3820/4832/3269 5069/6131/4499 5070/6132/4500
f 5071/6133/4501 5072/6134/4502 5073/6135/4503 5074/6136/4504
f 5075/6137/4505 5076/6138/4506 5077/6139/4507 5078/6140/4508
f 5079/6141/4509 5080/6142/4510 5081/6143/4511
f 5066/6128/4496 5065/6127/4495 5082/6144/4512
f 5073/6135/4503 5072/6134/4502 5079/6141/4509 5081/6143/4511
f 5083/6145/4513 5084/6146/4514 5072/6134/4502 5071/6133/4501
f 5085/6147/4515 5086/6148/4516 5087/6149/4517 5088/6150/4518
f 3839/4851/3288 3840/4852/3289 5071/6133/4501 5074/6136/4504
f 5089/6151/4519 5090/6152/4520 5091/6153/4521 5092/6154/4522
f 5093/6155/4523 5094/6156/4524 5095/6157/4525 5096/6158/4526
f 5097/6159/4527 5098/6160/4528 5055/6117/4485 5054/6116/4484
f 5099/6161/4529 5100/6162/4530 5084/6146/4514 5083/6145/4513
f 5072/6134/4502 5084/6146/4514 5101/6163/4531 5079/6141/4509
f 5102/6164/4532 5103/6165/4533 5104/6166/4534 5105/6167/4535
f 3840/4852/3289 3858/4870/3307 5083/6145/4513 5071/6133/4501
f 5106/6168/4536 5107/6169/4537 5086/6148/4516 5085/6147/4515
f 5108/6170/4538 5109/6171/4539 5110/6172/4540 5111/6173/4541
f 5112/6174/4542 5113/6175/4543 5114/6176/4544 5115/6177/4545
f 5116/6178/4546 5117/6179/4547 5100/6162/4530 5099/6161/4529
f 5118/6180/4548 5119/6181/4549 5120/6182/4550 5121/6183/4551
f 5084/6146/4514 5100/6162/4530 5122/6184/4552 5101/6163/4531
f 3858/4870/3307 3876/4888/3325 5099/6161/4529 5083/6145/4513
f 5123/6185/4553 5102/6164/4532 5105/6167/4535 5124/6186/4554
f 5125/6187/4555 5126/6188/4556 5127/6189/4557 5128/6190/4558
f 5129/6191/4559 5130/6192/4560 5131/6193/4561 5132/6194/4562
f 5133/6195/4563 5134/6196/4564 5117/6179/4547 5116/6178/4546
f 5100/6162/4530 5117/6179/4547 5135/6197/4565 5122/6184/4552
f 3876/4888/3325 3890/4902/3307 5116/6178/4546 5099/6161/4529
f 5136/6198/4566 5137/6199/4567 5134/6196/4564 5133/6195/4563
f 5138/6200/4568 5139/6201/4569 5140/6202/4570 5141/6203/4571
f 5117/6179/4547 5134/6196/4564 5142/6204/4572 5135/6197/4565
f 5143/6205/4573 5144/6206/4574 5145/6207/4575 5146/6208/4576
f 3890/4902/3307 3902/4914/3350 5133/6195/4563 5116/6178/4546
f 5147/6209/4577 5148/6210/4578 5149/6211/4579 5150/6212/4580
f 5151/6213/4581 5152/6214/4582 5153/6215/4583 5154/6216/4584
f 5155/6217/4585 5156/6218/4586 5157/6219/4587 5158/6220/4588
f 5159/6221/4589 5160/6222/4590 5137/6199/4567 5136/6198/4566
f 5134/6196/4564 5137/6199/4567 5161/6223/4591 5142/6204/4572
f 5162/6224/4592 5163/6225/4593 5164/6226/4594 5165/6227/4595
f 3902/4914/3350 3922/4934/3289 5136/6198/4566 5133/6195/4563
f 5166/6228/4596 5167/6229/4597 5168/6230/4598 5169/6231/4599
f 5170/6232/4600 5171/6233/4601 5172/6234/4602 5173/6235/4603
f 5169/6231/4599 5168/6230/4598 5174/6236/4604 5175/6237/4605
f 5176/6238/4606 5177/6239/4607 5160/6222/4590 5159/6221/4589
f 5178/6240/4608 5179/6241/4609 5180/6242/4610 5181/6243/4611
f 5137/6199/4567 5160/6222/4590 5182/6244/4612 5161/6223/4591
f 3922/4934/3289 3940/4952/3325 5159/6221/4589 5136/6198/4566
f 5175/6237/4605 5183/6245/4613 5184/6246/4614 5169/6231/4599
f 5166/6228/4596 5185/6247/4615 5186/6248/4616 5165/6227/4595
f 5162/6224/4592 5187/6249/4617 5188/6250/4618 5146/6208/4576
f 5189/6251/4619 5190/6252/4620 5177/6239/4607 5176/6238/4606
f 5160/6222/4590 5177/6239/4607 5191/6253/4621 5182/6244/4612
f 5192/6254/4622 5193/6255/4623 5194/6256/4624 5195/6257/4625
f 3940/4952/3325 3954/4966/3307 5176/6238/4606 5159/6221/4589
f 5196/6258/4626 5197/6259/4627 5198/6260/4628 5199/6261/4629
f 5199/6261/4629 5198/6260/4628 5181/6243/4611 5180/6242/4610
f 5200/6262/4630 5201/6263/4631 5190/6252/4620 5189/6251/4619
f 5202/6264/4632 5203/6265/4633 5204/6266/4634 5205/6267/4635
f 5177/6239/4607 5190/6252/4620 5206/6268/4636 5191/6253/4621
f 3954/4966/3307 3966/4978/3289 5189/6251/4619 5176/6238/4606
f 5207/6269/4637 5208/6270/4638 5209/6271/4639 5210/6272/4640
f 5211/6273/4641 5212/6274/4642 5213/6275/4643 5214/6276/4644
f 5215/6277/4645 5216/6278/4646 5217/6279/4647 5218/6280/4648
f 5219/6281/4546 5220/6282/4649 5201/6263/4631 5200/6262/4630
f 5190/6252/4620 5201/6263/4631 5221/6283/4650 5206/6268/4636
f 3966/4978/3289 3982/4994/3289 5200/6262/4630 5189/6251/4619
f 5222/6284/4651 5223/6285/4652 5220/6282/4649 5219/6281/4546
f 5224/6286/4653 5225/6287/4654 5113/6175/4543 5112/6174/4542
f 5201/6263/4631 5220/6282/4649 5226/6288/4655 5221/6283/4650
f 3982/4994/3289 3988/5000/3325 5219/6281/4546 5200/6262/4630
f 5227/6289/4656 5228/6290/4657 5229/6291/4658 5230/6292/4659
f 5231/6293/4660 5232/6294/4661 5233/6295/4662 5234/6296/4663
f 5235/6297/4664 5236/6298/4665 5237/6299/4666 5238/6300/4667
f 5239/6301/4668 5240/6302/4669 5223/6285/4652 5222/6284/4651
f 5220/6282/4649 5223/6285/4652 5241/6303/4670 5226/6288/4655
f 3988/5000/3325 4004/5016/3325 5222/6284/4651 5219/6281/4546
f 5217/6279/4647 5242/6304/4671 5243/6305/4672 5244/6306/4673
f 5216/6278/4646 5245/6307/4674 5242/6304/4671 5217/6279/4647
f 5246/6308/4675 5247/6309/4676 5240/6302/4669 5239/6301/4668
f 5228/6290/4657 5227/6289/4656 5248/6310/4677 5249/6311/4678
f 5223/6285/4652 5240/6302/4669 5250/6312/4679 5241/6303/4670
f 5212/6274/4642 5251/6313/4680 5252/6314/4681 5213/6275/4643
f 4004/5016/3325 4016/5028/3456 5239/6301/4668 5222/6284/4651
f 5224/6286/4653 5112/6174/4542 5115/6177/4545 5253/6315/4682
f 5254/6316/4683 5108/6170/4538 5111/6173/4541 5255/6317/4684
f 5256/6318/4685 5106/6168/4536 5085/6147/4515 5257/6319/4686
f 5258/6320/4687 5259/6321/4688 5247/6309/4676 5246/6308/4675
f 5240/6302/4669 5247/6309/4676 5260/6322/4689 5250/6312/4679
f 5261/6323/4690 5262/6324/4691 5263/6325/4692 5264/6326/4693
f 4016/5028/3456 4029/5041/3456 5246/6308/4675 5239/6301/4668
f 5208/6270/4638 5265/6327/4694 5266/6328/4695 5209/6271/4639
f 5267/6329/4696 5268/6330/4697 5262/6324/4691 5261/6323/4690
f 5269/6331/4698 5270/6332/4699 5271/6333/4700 5272/6334/4701
f 5273/6335/4702 5274/6336/4703 5259/6321/4688 5258/6320/4687
f 5208/6270/4638 5207/6269/4637 5275/6337/4704 5265/6327/4694
f 5247/6309/4676 5259/6321/4688 5276/6338/4705 5260/6322/4689
f 5138/6200/4568 5141/6203/4571 5277/6339/4706 5278/6340/4707
f 4029/5041/3456 4044/5056/3289 5258/6320/4687 5246/6308/4675
f 5202/6264/4632 5205/6267/4635 5279/6341/4708 5280/6342/4709
f 5281/6343/4710 5282/6344/4711 5283/6345/4712 5284/6346/4713
f 5285/6347/4714 5286/6348/4715 5287/6349/4716 5288/6350/4717
f 5289/6351/4718 5290/6352/4719 5274/6336/4703 5273/6335/4702
f 5259/6321/4688 5274/6336/4703 5291/6353/4720 5276/6338/4705
f 4044/5056/3289 4058/5070/3496 5273/6335/4702 5258/6320/4687
f 5292/6354/4721 5293/6355/4722 5294/6356/4723 5132/6194/4562
f 5295/6357/4724 5296/6358/4725 5290/6352/4719 5289/6351/4718
f 5183/6245/4613 5175/6237/4605 5174/6236/4604 5297/6359/4726
f 5274/6336/4703 5290/6352/4719 5298/6360/4727 5291/6353/4720
f 5129/6191/4559 5299/6361/4728 5300/6362/4729 5128/6190/4558
f 4058/5070/3496 4068/5080/3506 5289/6351/4718 5273/6335/4702
f 5180/6242/4610 5179/6241/4609 5301/6363/4730 5199/6261/4629
f 5196/6258/4626 5302/6364/4642 5303/6365/4731 5195/6257/4625
f 5192/6254/4622 5304/6366/4732 5305/6367/4733 5173/6235/4603
f 5306/6368/4734 5307/6369/4735 5296/6358/4725 5295/6357/4724
f 5290/6352/4719 5296/6358/4725 5308/6370/4736 5298/6360/4727
f 4068/5080/3506 4077/5089/3514 5295/6357/4724 5289/6351/4718
f 5125/6187/4555 5309/6371/4737 5310/6372/4738 5124/6186/4554
f 5311/6373/4739 5312/6374/4740 5313/6375/4741 5257/6319/4686
f 5124/6186/4554 5310/6372/4738 5314/6376/4742 5123/6185/4553
f 5256/6318/4685 5315/6377/4743 5316/6378/4744 5255/6317/4684
f 5317/6379/4724 5318/6380/4745 5307/6369/4735 5306/6368/4734
f 5147/6209/4577 5319/6381/4746 5320/6382/4747 5148/6210/4578
f 5296/6358/4725 5307/6369/4735 5321/6383/4748 5308/6370/4736
f 4077/5089/3514 4091/5103/3514 5306/6368/4734 5295/6357/4724
f 5139/6201/4569 5138/6200/4568 5278/6340/4707 5322/6384/4749
f 5323/6385/4750 5269/6331/4698 5272/6334/4701 5324/6386/4751
f 5325/6387/4752 5267/6329/4696 5261/6323/4690 5326/6388/4753
f 5327/6389/4606 5328/6390/4754 5318/6380/4745 5317/6379/4724
f 5307/6369/4735 5318/6380/4745 5329/6391/4755 5321/6383/4748
f 5254/6316/4683 5330/6392/4756 5331/6393/4757 5253/6315/4682
f 4091/5103/3514 4102/5114/3514 5317/6379/4724 5306/6368/4734
f 5332/6394/4758 5333/6395/4759 5334/6396/4760 5060/6122/4490
f 5253/6315/4682 5331/6393/4757 5225/6287/4654 5224/6286/4653
f 5057/6119/4487 5335/6397/4761 5336/6398/4762 5064/6126/4494
f 5070/6132/4500 5075/6137/4505 5328/6390/4754 5327/6389/4606
f 5102/6164/4532 5123/6185/4553 5314/6376/4742 5103/6165/4533
f 5318/6380/4745 5328/6390/4754 5337/6399/4763 5329/6391/4755
f 5061/6123/4491 5338/6400/4764 5339/6401/4765 5068/6130/4498
f 4102/5114/3514 4111/5123/3307 5327/6389/4606 5317/6379/4724
f 5120/6182/4550 5119/6181/4549 5340/6402/4766 5341/6403/4767
f 5342/6404/4768 5343/6405/4769 5344/6406/4770 5345/6407/4771
f 5346/6408/4772 5347/6409/4773 5348/6410/4774 5349/6411/4775
f 5069/6131/4499 5076/6138/4506 5075/6137/4505 5070/6132/4500
f 5328/6390/4754 5075/6137/4505 5078/6140/4508 5337/6399/4763
f 4111/5123/3307 3817/4829/3266 5070/6132/4500 5327/6389/4606
f 5068/6130/4498 5339/6401/4765 5082/6144/4512 5065/6127/4495
f 5060/6122/4490 5059/6121/4489 5350/6412/4776 5332/6394/4758
f 5351/6413/4777 5352/6414/4778 5293/6355/4722 5292/6354/4721
f 5349/6411/4775 5348/6410/4774 5353/6415/4779 5354/6416/4780
f 5326/6388/4753 5261/6323/4690 5264/6326/4693 5355/6417/4781
f 5356/6418/4782 5357/6419/4783 5171/6233/4601 5170/6232/4600
f 5173/6235/4603 5305/6367/4733 5356/6418/4782 5170/6232/4600
f 5157/6219/4587 5358/6420/4784 5359/6421/4785 5360/6422/4786
f 5288/6350/4717 5287/6349/4716 5361/6423/4787 5362/6424/4788
f 5363/6425/4789 5364/6426/4790 5365/6427/4791 5366/6428/4792
f 5156/6218/4586 5367/6429/4793 5358/6420/4784 5157/6219/4587
f 5257/6319/4686 5085/6147/4515 5088/6150/4518 5311/6373/4739
f 5238/6300/4667 5237/6299/4666 5363/6425/4789 5366/6428/4792
f 5360/6422/4786 5359/6421/4785 5368/6430/4794 5369/6431/4795
f 5152/6214/4582 5370/6432/4796 5371/6433/4797 5153/6215/4583
f 5218/6280/4648 5217/6279/4647 5244/6306/4673 5372/6434/4798
f 5373/6435/4799 5374/6436/4800 5375/6437/4801 5376/6438/4802
f 5146/6208/4576 5188/6250/4618 5377/6439/4803 5143/6205/4573
f 5287/6349/4716 5378/6440/4804 5379/6441/4805 5361/6423/4787
f 5264/6326/4693 5263/6325/4692 5380/6442/4806 5355/6417/4781
f 5158/6220/4588 5157/6219/4587 5360/6422/4786 5369/6431/4795
f 5148/6210/4578 5320/6382/4747 5381/6443/4807 5149/6211/4579
f 5132/6194/4562 5131/6193/4561 5351/6413/4777 5292/6354/4721
f 5286/6348/4715 5382/6444/4808 5378/6440/4804 5287/6349/4716
f 5088/6150/4518 5087/6149/4517 5312/6374/4740 5311/6373/4739
f 5383/6445/4809 5384/6446/4810 5385/6447/4811 5386/6448/4812
f 5350/6412/4776 5374/6436/4800 5333/6395/4759 5332/6394/4758
f 5244/6306/4673 5243/6305/4672 5387/6449/4813 5372/6434/4798
f 5361/6423/4787 5379/6441/4805 5388/6450/4814 5362/6424/4788
f 5353/6415/4779 5389/6451/4815 5390/6452/4816 5354/6416/4780
f 5056/6118/4486 5385/6447/4811 5384/6446/4810 5053/6115/4483
f 5377/6439/4803 5391/6453/4817 5144/6206/4574 5143/6205/4573
f 5080/6142/4510 5314/6376/4742 5310/6372/4738 5392/6454/4818
f 5393/6455/4819 5309/6371/4737 5300/6362/4729 5394/6456/4820
f 5395/6457/4821 5299/6361/4728 5294/6356/4723 5396/6458/4822
f 5103/6165/4533 5319/6381/4746 5397/6459/4823 5104/6166/4534
f 5398/6460/4824 5399/6461/4825 5400/6462/4826 5401/6463/4827
f 5402/6464/4828 5403/6465/4829 5404/6466/4830 5405/6467/4831
f 5320/6382/4747 5174/6236/4604 5168/6230/4598 5381/6443/4807
f 5370/6432/4796 5167/6229/4597 5164/6226/4594 5371/6433/4797
f 5367/6429/4793 5163/6225/4593 5145/6207/4575 5358/6420/4784
f 5297/6359/4726 5275/6337/4704 5406/6468/4832 5407/6469/4833
f 5408/6470/4834 5409/6471/4835 5410/6472/4836 5411/6473/4837
f 5412/6474/4838 5413/6475/4839 5414/6476/4840 5415/6477/4841
f 5265/6327/4694 5248/6310/4677 5416/6478/4842 5266/6328/4695
f 5251/6313/4680 5417/6479/4843 5418/6480/4844 5252/6314/4681
f 5245/6307/4674 5419/6481/4845 5420/6482/4846 5242/6304/4671
f 5249/6311/4678 5225/6287/4654 5331/6393/4757 5421/6483/4847
f 5422/6484/4848 5330/6392/4756 5316/6378/4744 5423/6485/4849
f 5424/6486/4850 5315/6377/4743 5313/6375/4741 5425/6487/4851
f 5113/6175/4543 5203/6265/4633 5426/6488/4852 5114/6176/4544
f 5109/6171/4539 5427/6489/4853 5428/6490/4854 5110/6172/4540
f 5107/6169/4537 5429/6491/4855 5430/6492/4856 5086/6148/4516
f 5204/6266/4634 5181/6243/4611 5198/6260/4628 5431/6493/4857
f 5432/6494/4858 5197/6259/4627 5194/6256/4624 5433/6495/4859
f 5382/6444/4808 5193/6255/4623 5172/6234/4602 5378/6440/4804
f 5178/6240/4608 5140/6202/4570 5434/6496/4860 5435/6497/4861
f 5436/6498/4862 5437/6499/4863 5438/6500/4864 5439/6501/4865
f 5440/6502/4866 5441/6503/4867 5442/6504/4868 5443/6505/4869
f 5141/6203/4571 5121/6183/4551 5444/6506/4870 5277/6339/4706
f 5270/6332/4699 5445/6507/4871 5446/6508/4872 5271/6333/4700
f 5268/6330/4697 5447/6509/4873 5448/6510/4874 5262/6324/4691
f 5118/6180/4548 5082/6144/4512 5339/6401/4765 5449/6511/4875
f 5450/6512/4876 5338/6400/4764 5336/6398/4762 5451/6513/4877
f 5452/6514/4878 5335/6397/4761 5334/6396/4760 5453/6515/4879
f 5453/6515/4879 5334/6396/4760 5333/6395/4759 5389/6451/4815
f 5262/6324/4691 5448/6510/4874 5390/6452/4816 5263/6325/4692
f 5443/6505/4869 5442/6504/4868 5380/6442/4806 5357/6419/4783
f 5378/6440/4804 5172/6234/4602 5171/6233/4601 5379/6441/4805
f 5086/6148/4516 5430/6492/4856 5388/6450/4814 5087/6149/4517
f 5425/6487/4851 5313/6375/4741 5312/6374/4740 5364/6426/4790
f 5242/6304/4671 5420/6482/4846 5365/6427/4791 5243/6305/4672
f 5415/6477/4841 5414/6476/4840 5387/6449/4813 5391/6453/4817
f 5358/6420/4784 5145/6207/4575 5144/6206/4574 5359/6421/4785
f 5405/6467/4831 5404/6466/4830 5368/6430/4794 5352/6414/4778
f 5396/6458/4822 5294/6356/4723 5293/6355/4722 5385/6447/4811
f 5126/6188/4556 5398/6460/4824 5401/6463/4827 5127/6189/4557
f 5130/6192/4560 5402/6464/4828 5405/6467/4831 5131/6193/4561
f 5131/6193/4561 5405/6467/4831 5352/6414/4778 5351/6413/4777
f 5341/6403/4767 5444/6506/4870 5121/6183/4551 5120/6182/4550
f 5342/6404/4768 5445/6507/4871 5444/6506/4870 5341/6403/4767
f 5346/6408/4772 5447/6509/4873 5446/6508/4872 5345/6407/4771
f 5230/6292/4659 5416/6478/4842 5248/6310/4677 5227/6289/4656
f 5354/6416/4780 5390/6452/4816 5448/6510/4874 5349/6411/4775
f 5231/6293/4660 5417/6479/4843 5416/6478/4842 5230/6292/4659
f 5235/6297/4664 5419/6481/4845 5418/6480/4844 5234/6296/4663
f 5366/6428/4792 5365/6427/4791 5420/6482/4846 5238/6300/4667
f 5179/6241/4609 5178/6240/4608 5435/6497/4861 5301/6363/4730
f 5302/6364/4642 5436/6498/4862 5439/6501/4865 5303/6365/4731
f 5304/6366/4732 5440/6502/4866 5443/6505/4869 5305/6367/4733
f 5183/6245/4613 5297/6359/4726 5407/6469/4833 5184/6246/4614
f 5305/6367/4733 5443/6505/4869 5357/6419/4783 5356/6418/4782
f 5185/6247/4615 5408/6470/4834 5411/6473/4837 5186/6248/4616
f 5187/6249/4617 5412/6474/4838 5415/6477/4841 5188/6250/4618
f 5188/6250/4618 5415/6477/4841 5391/6453/4817 5377/6439/4803
f 5280/6342/4709 5426/6488/4852 5203/6265/4633 5202/6264/4632
f 5281/6343/4710 5427/6489/4853 5426/6488/4852 5280/6342/4709
f 5285/6347/4714 5429/6491/4855 5428/6490/4854 5284/6346/4713
f 5150/6212/4580 5397/6459/4823 5319/6381/4746 5147/6209/4577
f 5362/6424/4788 5388/6450/4814 5430/6492/4856 5288/6350/4717
f 5151/6213/4581 5399/6461/4825 5397/6459/4823 5150/6212/4580
f 5155/6217/4585 5403/6465/4829 5400/6462/4826 5154/6216/4584
f 5369/6431/4795 5368/6430/4794 5404/6466/4830 5158/6220/4588
f 5119/6181/4549 5118/6180/4548 5449/6511/4875 5340/6402/4766
f 5343/6405/4769 5450/6512/4876 5451/6513/4877 5344/6406/4770
f 5347/6409/4773 5452/6514/4878 5453/6515/4879 5348/6410/4774
f 5228/6290/4657 5249/6311/4678 5421/6483/4847 5229/6291/4658
f 5348/6410/4774 5453/6515/4879 5389/6451/4815 5353/6415/4779
f 5232/6294/4661 5422/6484/4848 5423/6485/4849 5233/6295/4662
f 5236/6298/4665 5424/6486/4850 5425/6487/4851 5237/6299/4666
f 5090/6152/4520 5080/6142/4510 5392/6454/4818 5091/6153/4521
f 5237/6299/4666 5425/6487/4851 5364/6426/4790 5363/6425/4789
f 5094/6156/4524 5393/6455/4819 5394/6456/4820 5095/6157/4525
f 5098/6160/4528 5395/6457/4821 5396/6458/4822 5055/6117/4485
f 5055/6117/4485 5396/6458/4822 5385/6447/4811 5056/6118/4486
f 5322/6384/4749 5434/6496/4860 5140/6202/4570 5139/6201/4569
f 5323/6385/4750 5437/6499/4863 5434/6496/4860 5322/6384/4749
f 5325/6387/4752 5441/6503/4867 5438/6500/4864 5324/6386/4751
f 5210/6272/4640 5406/6468/4832 5275/6337/4704 5207/6269/4637
f 5355/6417/4781 5380/6442/4806 5442/6504/4868 5326/6388/4753
f 5211/6273/4641 5409/6471/4835 5406/6468/4832 5210/6272/4640
f 5215/6277/4645 5413/6475/4839 5410/6472/4836 5214/6276/4644
f 5372/6434/4798 5387/6449/4813 5414/6476/4840 5218/6280/4648
f 5205/6267/4635 5204/6266/4634 5431/6493/4857 5279/6341/4708
f 5282/6344/4711 5432/6494/4858 5433/6495/4859 5283/6345/4712
f 5385/6447/4811 5293/6355/4722 5454/6516/4880 5386/6448/4812
f 5293/6355/4722 5352/6414/4778 5455/6517/4881 5454/6516/4880
f 5352/6414/4778 5368/6430/4794 5456/6518/4880 5455/6517/4881
f 5368/6430/4794 5359/6421/4785 5457/6519/4812 5456/6518/4880
f 5359/6421/4785 5144/6206/4574 5458/6520/4812 5457/6519/4812
f 5144/6206/4574 5391/6453/4817 5459/6521/4881 5458/6520/4812
f 5391/6453/4817 5387/6449/4813 5460/6522/4880 5459/6521/4881
f 5387/6449/4813 5243/6305/4672 5461/6523/4812 5460/6522/4880
f 5243/6305/4672 5365/6427/4791 5462/6524/4812 5461/6523/4812
f 5365/6427/4791 5364/6426/4790 5463/6525/4881 5462/6524/4812
f 5364/6426/4790 5312/6374/4740 5464/6526/4881 5463/6525/4881
f 5312/6374/4740 5087/6149/4517 5465/6527/4812 5464/6526/4881
f 5087/6149/4517 5388/6450/4814 5466/6528/4812 5465/6527/4812
f 5388/6450/4814 5379/6441/4805 5467/6529/4812 5466/6528/4812
f 5379/6441/4805 5171/6233/4601 5468/6530/4882 5467/6529/4812
f 5469/6531/4880 5357/6419/4783 5380/6442/4806 5470/6532/4881
f 5468/6530/4882 5171/6233/4601 5357/6419/4783 5469/6531/4880
f 5471/6533/4881 5470/6532/4881 5380/6442/4806 5263/6325/4692
f 5263/6325/4692 5390/6452/4816 5472/6534/4881 5471/6533/4881
f 5390/6452/4816 5389/6451/4815 5473/6535/4883 5472/6534/4881
f 5389/6451/4815 5333/6395/4759 5474/6536/4884 5473/6535/4883
f 5333/6395/4759 5374/6436/4800 5373/6435/4799 5474/6536/4884
f 5082/6144/4512 5118/6180/4548 5337/6399/4763 5078/6140/4508
f 5121/6183/4551 5329/6391/4755 5337/6399/4763 5118/6180/4548
f 5314/6376/4742 5101/6163/4531 5122/6184/4552 5103/6165/4533
f 5103/6165/4533 5122/6184/4552 5135/6197/4565 5319/6381/4746
f 5319/6381/4746 5135/6197/4565 5142/6204/4572 5320/6382/4747
f 5320/6382/4747 5142/6204/4572 5161/6223/4591 5174/6236/4604
f 5174/6236/4604 5161/6223/4591 5182/6244/4612 5297/6359/4726
f 5297/6359/4726 5182/6244/4612 5191/6253/4621 5275/6337/4704
f 5275/6337/4704 5191/6253/4621 5206/6268/4636 5265/6327/4694
f 5265/6327/4694 5206/6268/4636 5221/6283/4650 5248/6310/4677
f 5248/6310/4677 5221/6283/4650 5226/6288/4655 5249/6311/4678
f 5249/6311/4678 5226/6288/4655 5241/6303/4670 5225/6287/4654
f 5225/6287/4654 5241/6303/4670 5250/6312/4679 5113/6175/4543
f 5113/6175/4543 5250/6312/4679 5260/6322/4689 5203/6265/4633
f 5203/6265/4633 5260/6322/4689 5276/6338/4705 5204/6266/4634
f 5204/6266/4634 5276/6338/4705 5291/6353/4720 5181/6243/4611
f 5181/6243/4611 5291/6353/4720 5298/6360/4727 5178/6240/4608
f 5178/6240/4608 5298/6360/4727 5308/6370/4736 5140/6202/4570
f 5140/6202/4570 5308/6370/4736 5321/6383/4748 5141/6203/4571
f 5101/6163/4531 5314/6376/4742 5080/6142/4510 5079/6141/4509
f 5329/6391/4755 5121/6183/4551 5141/6203/4571 5321/6383/4748
f 5279/6341/4708 5431/6493/4857 5432/6494/4858 5282/6344/4711
f 5214/6276/4644 5410/6472/4836 5409/6471/4835 5211/6273/4641
f 5324/6386/4751 5438/6500/4864 5437/6499/4863 5323/6385/4750
f 5091/6153/4521 5392/6454/4818 5393/6455/4819 5094/6156/4524
f 5229/6291/4658 5421/6483/4847 5422/6484/4848 5232/6294/4661
f 5340/6402/4766 5449/6511/4875 5450/6512/4876 5343/6405/4769
f 5154/6216/4584 5400/6462/4826 5399/6461/4825 5151/6213/4581
f 5284/6346/4713 5428/6490/4854 5427/6489/4853 5281/6343/4710
f 5184/6246/4614 5407/6469/4833 5408/6470/4834 5185/6247/4615
f 5301/6363/4730 5435/6497/4861 5436/6498/4862 5302/6364/4642
f 5234/6296/4663 5418/6480/4844 5417/6479/4843 5231/6293/4660
f 5345/6407/4771 5446/6508/4872 5445/6507/4871 5342/6404/4768
f 5105/6167/4535 5104/6166/4534 5398/6460/4824 5126/6188/4556
f 5449/6511/4875 5339/6401/4765 5338/6400/4764 5450/6512/4876
f 5277/6339/4706 5444/6506/4870 5445/6507/4871 5270/6332/4699
f 5435/6497/4861 5434/6496/4860 5437/6499/4863 5436/6498/4862
f 5431/6493/4857 5198/6260/4628 5197/6259/4627 5432/6494/4858
f 5114/6176/4544 5426/6488/4852 5427/6489/4853 5109/6171/4539
f 5421/6483/4847 5331/6393/4757 5330/6392/4756 5422/6484/4848
f 5266/6328/4695 5416/6478/4842 5417/6479/4843 5251/6313/4680
f 5407/6469/4833 5406/6468/4832 5409/6471/4835 5408/6470/4834
f 5381/6443/4807 5168/6230/4598 5167/6229/4597 5370/6432/4796
f 5104/6166/4534 5397/6459/4823 5399/6461/4825 5398/6460/4824
f 5392/6454/4818 5310/6372/4738 5309/6371/4737 5393/6455/4819
f 5149/6211/4579 5381/6443/4807 5370/6432/4796 5152/6214/4582
f 5341/6403/4767 5340/6402/4766 5343/6405/4769 5342/6404/4768
f 5064/6126/4494 5336/6398/4762 5338/6400/4764 5061/6123/4491
f 5255/6317/4684 5316/6378/4744 5330/6392/4756 5254/6316/4683
f 5322/6384/4749 5278/6340/4707 5269/6331/4698 5323/6385/4750
f 5128/6190/4558 5300/6362/4729 5309/6371/4737 5125/6187/4555
f 5199/6261/4629 5301/6363/4730 5302/6364/4642 5196/6258/4626
f 5280/6342/4709 5279/6341/4708 5282/6344/4711 5281/6343/4710
f 5278/6340/4707 5277/6339/4706 5270/6332/4699 5269/6331/4698
f 5253/6315/4682 5115/6177/4545 5108/6170/4538 5254/6316/4683
f 5209/6271/4639 5266/6328/4695 5251/6313/4680 5212/6274/4642
f 5230/6292/4659 5229/6291/4658 5232/6294/4661 5231/6293/4660
f 5210/6272/4640 5209/6271/4639 5212/6274/4642 5211/6273/4641
f 5195/6257/4625 5194/6256/4624 5197/6259/4627 5196/6258/4626
f 5169/6231/4599 5184/6246/4614 5185/6247/4615 5166/6228/4596
f 5165/6227/4595 5164/6226/4594 5167/6229/4597 5166/6228/4596
f 5150/6212/4580 5149/6211/4579 5152/6214/4582 5151/6213/4581
f 5124/6186/4554 5105/6167/4535 5126/6188/4556 5125/6187/4555
f 5115/6177/4545 5114/6176/4544 5109/6171/4539 5108/6170/4538
f 5092/6154/4522 5091/6153/4521 5094/6156/4524 5093/6155/4523
f 5068/6130/4498 5067/6129/4497 5062/6124/4492 5061/6123/4491
f 5218/6280/4648 5414/6476/4840 5413/6475/4839 5215/6277/4645
f 5326/6388/4753 5442/6504/4868 5441/6503/4867 5325/6387/4752
f 5095/6157/4525 5394/6456/4820 5395/6457/4821 5098/6160/4528
f 5233/6295/4662 5423/6485/4849 5424/6486/4850 5236/6298/4665
f 5344/6406/4770 5451/6513/4877 5452/6514/4878 5347/6409/4773
f 5158/6220/4588 5404/6466/4830 5403/6465/4829 5155/6217/4585
f 5288/6350/4717 5430/6492/4856 5429/6491/4855 5285/6347/4714
f 5186/6248/4616 5411/6473/4837 5412/6474/4838 5187/6249/4617
f 5303/6365/4731 5439/6501/4865 5440/6502/4866 5304/6366/4732
f 5238/6300/4667 5420/6482/4846 5419/6481/4845 5235/6297/4664
f 5349/6411/4775 5448/6510/4874 5447/6509/4873 5346/6408/4772
f 5127/6189/4557 5401/6463/4827 5402/6464/4828 5130/6192/4560
f 5451/6513/4877 5336/6398/4762 5335/6397/4761 5452/6514/4878
f 5271/6333/4700 5446/6508/4872 5447/6509/4873 5268/6330/4697
f 5439/6501/4865 5438/6500/4864 5441/6503/4867 5440/6502/4866
f 5433/6495/4859 5194/6256/4624 5193/6255/4623 5382/6444/4808
f 5110/6172/4540 5428/6490/4854 5429/6491/4855 5107/6169/4537
f 5423/6485/4849 5316/6378/4744 5315/6377/4743 5424/6486/4850
f 5252/6314/4681 5418/6480/4844 5419/6481/4845 5245/6307/4674
f 5411/6473/4837 5410/6472/4836 5413/6475/4839 5412/6474/4838
f 5371/6433/4797 5164/6226/4594 5163/6225/4593 5367/6429/4793
f 5401/6463/4827 5400/6462/4826 5403/6465/4829 5402/6464/4828
f 5394/6456/4820 5300/6362/4729 5299/6361/4728 5395/6457/4821
f 5283/6345/4712 5433/6495/4859 5382/6444/4808 5286/6348/4715
f 5153/6215/4583 5371/6433/4797 5367/6429/4793 5156/6218/4586
f 5345/6407/4771 5344/6406/4770 5347/6409/4773 5346/6408/4772
f 5060/6122/4490 5334/6396/4760 5335/6397/4761 5057/6119/4487
f 5324/6386/4751 5272/6334/4701 5267/6329/4696 5325/6387/4752
f 5257/6319/4686 5313/6375/4741 5315/6377/4743 5256/6318/4685
f 5195/6257/4625 5303/6365/4731 5304/6366/4732 5192/6254/4622
f 5132/6194/4562 5294/6356/4723 5299/6361/4728 5129/6191/4559
f 5284/6346/4713 5283/6345/4712 5286/6348/4715 5285/6347/4714
f 5272/6334/4701 5271/6333/4700 5268/6330/4697 5267/6329/4696
f 5255/6317/4684 5111/6173/4541 5106/6168/4536 5256/6318/4685
f 5213/6275/4643 5252/6314/4681 5245/6307/4674 5216/6278/4646
f 5234/6296/4663 5233/6295/4662 5236/6298/4665 5235/6297/4664
f 5214/6276/4644 5213/6275/4643 5216/6278/4646 5215/6277/4645
f 5173/6235/4603 5172/6234/4602 5193/6255/4623 5192/6254/4622
f 5165/6227/4595 5186/6248/4616 5187/6249/4617 5162/6224/4592
f 5146/6208/4576 5145/6207/4575 5163/6225/4593 5162/6224/4592
f 5154/6216/4584 5153/6215/4583 5156/6218/4586 5155/6217/4585
f 5128/6190/4558 5127/6189/4557 5130/6192/4560 5129/6191/4559
f 5111/6173/4541 5110/6172/4540 5107/6169/4537 5106/6168/4536
f 5096/6158/4526 5095/6157/4525 5098/6160/4528 5097/6159/4527
f 5064/6126/4494 5063/6125/4493 5058/6120/4488 5057/6119/4487
f 5475/6537/4885 5476/6538/4886 5477/6539/4887 5478/6540/4888
f 5479/6541/4889 5480/6542/4890 4253/5265/3669 4252/5264/3668
f 5481/6543/4891 5482/6544/4892 5483/6545/4893 5484/6546/4894
f 5485/6547/4895 5486/6548/4896 5482/6544/4892 5481/6543/4891
f 5484/6546/4894 5483/6545/4893 5476/6538/4886 5475/6537/4885
f 5478/6540/4888 5477/6539/4887 5487/6549/4897 5488/6550/4898
f 5489/6551/4899 5490/6552/4900 5491/6553/4901 5492/6554/4902
f 5493/6555/4903 5494/6556/4904 5495/6557/4905 5496/6558/4906
f 5492/6554/4902 5491/6553/4901 5480/6542/4890 5479/6541/4889
f 5496/6558/4906 5495/6557/4905 5497/6559/4907 5498/6560/4908
f 5498/6560/4908 5497/6559/4907 5486/6548/4896 5485/6547/4895
f 5488/6550/4898 5487/6549/4897 5490/6552/4900 5489/6551/4899
f 5089/6151/4519 5499/6561/4909 5500/6562/4910 5081/6143/4511
f 5053/6115/4483 5501/6563/4911 5502/6564/4912 5054/6116/4484
f 5384/6446/4810 5503/6565/4913 5501/6563/4911 5053/6115/4483
f 5073/6135/4503 5504/6566/4914 5505/6567/4915 5074/6136/4504
f 5383/6445/4809 5506/6568/4916 5503/6565/4913 5384/6446/4810
f 5081/6143/4511 5500/6562/4910 5504/6566/4914 5073/6135/4503
f 5092/6154/4522 5507/6569/4917 5499/6561/4909 5089/6151/4519
f 5096/6158/4526 5508/6570/4918 5509/6571/4919 5093/6155/4523
f 5054/6116/4484 5502/6564/4912 5510/6572/4920 5097/6159/4527
f 5097/6159/4527 5510/6572/4920 5508/6570/4918 5096/6158/4526
f 5074/6136/4504 5505/6567/4915 4285/5297/3701 3839/4851/3288
f 5093/6155/4523 5509/6571/4919 5507/6569/4917 5092/6154/4522
f 5511/6573/4921 5488/6550/4898 5489/6551/4899 5512/6574/4922
f 5513/6575/4923 5498/6560/4908 5485/6547/4895 5514/6576/4924
f 5515/6577/4925 5496/6558/4906 5498/6560/4908 5513/6575/4923
f 5516/6578/4926 5492/6554/4902 5479/6541/4889 5517/6579/4927
f 5518/6580/4928 5493/6555/4903 5496/6558/4906 5515/6577/4925
f 5512/6574/4922 5489/6551/4899 5492/6554/4902 5516/6578/4926
f 5519/6581/4929 5478/6540/4888 5488/6550/4898 5511/6573/4921
f 5520/6582/4930 5484/6546/4894 5475/6537/4885 5521/6583/4931
f 5514/6576/4924 5485/6547/4895 5481/6543/4891 5522/6584/4932
f 5522/6584/4932 5481/6543/4891 5484/6546/4894 5520/6582/4930
f 5517/6579/4927 5479/6541/4889 4252/5264/3668 4298/5310/3714
f 5521/6583/4931 5475/6537/4885 5478/6540/4888 5519/6581/4929
f 5509/6571/4919 5521/6583/4931 5519/6581/4929 5507/6569/4917
f 5505/6567/4915 5517/6579/4927 4298/5310/3714 4285/5297/3701
f 5510/6572/4920 5522/6584/4932 5520/6582/4930 5508/6570/4918
f 5502/6564/4912 5514/6576/4924 5522/6584/4932 5510/6572/4920
f 5508/6570/4918 5520/6582/4930 5521/6583/4931 5509/6571/4919
f 5507/6569/4917 5519/6581/4929 5511/6573/4921 5499/6561/4909
f 5500/6562/4910 5512/6574/4922 5516/6578/4926 5504/6566/4914
f 5506/6568/4916 5518/6580/4928 5515/6577/4925 5503/6565/4913
f 5504/6566/4914 5516/6578/4926 5517/6579/4927 5505/6567/4915
f 5503/6565/4913 5515/6577/4925 5513/6575/4923 5501/6563/4911
f 5501/6563/4911 5513/6575/4923 5514/6576/4924 5502/6564/4912
f 5499/6561/4909 5511/6573/4921 5512/6574/4922 5500/6562/4910
f 5523/6585/4933 5524/6586/4934 5525/6587/4935 5526/6588/4936
f 5350/6412/4776 5527/6589/4937 5375/6437/4801 5374/6436/4800
f 5528/6590/4938 5529/6591/4939 5524/6586/4934 5523/6585/4933
f 5527/6589/4937 5528/6590/4938 5523/6585/4933 5375/6437/4801
f 5523/6585/4933 5526/6588/4936 5376/6438/4802 5375/6437/4801
f 5524/6586/4934 5530/6592/4940 5531/6593/4941 5525/6587/4935
f 5529/6591/4939 5532/6594/4942 5530/6592/4940 5524/6586/4934
f 5077/6139/4507 5533/6595/4943 5534/6596/4944 5066/6128/4496
f 5069/6131/4499 5535/6597/4945 5536/6598/4946 5076/6138/4506
f 5076/6138/4506 5536/6598/4946 5533/6595/4943 5077/6139/4507
f 3820/4832/3269 4313/5325/3729 5535/6597/4945 5069/6131/4499
f 5535/6597/4945 5537/6599/4947 5538/6600/4948 5536/6598/4946
f 4313/5325/3729 4316/5328/3732 5537/6599/4947 5535/6597/4945
f 5533/6595/4943 5539/6601/4949 5540/6602/4950 5534/6596/4944
f 5536/6598/4946 5538/6600/4948 5539/6601/4949 5533/6595/4943
f 5537/6599/4947 5541/6603/4951 5542/6604/4952 5538/6600/4948
f 4316/5328/3732 4321/5333/3737 5541/6603/4951 5537/6599/4947
f 5539/6601/4949 5543/6605/4953 5544/6606/4954 5540/6602/4950
f 5538/6600/4948 5542/6604/4952 5543/6605/4953 5539/6601/4949
f 5541/6603/4951 5545/6607/4955 5546/6608/4956 5542/6604/4952
f 4321/5333/3737 4326/5338/3742 5545/6607/4955 5541/6603/4951
f 5543/6605/4953 5547/6609/4957 5548/6610/4958 5544/6606/4954
f 5542/6604/4952 5546/6608/4956 5547/6609/4957 5543/6605/4953
f 5063/6125/4493 5549/6611/4959 5550/6612/4960 5058/6120/4488
f 5058/6120/4488 5550/6612/4960 5551/6613/4961 5059/6121/4489
f 5067/6129/4497 5552/6614/4962 5553/6615/4963 5062/6124/4492
f 5062/6124/4492 5553/6615/4963 5549/6611/4959 5063/6125/4493
f 5067/6129/4497 5066/6128/4496 5534/6596/4944 5552/6614/4962
f 5059/6121/4489 5551/6613/4961 5527/6589/4937 5350/6412/4776
f 5552/6614/4962 5554/6616/4964 5555/6617/4965 5553/6615/4963
f 5528/6590/4938 5527/6589/4937 5551/6613/4961 5556/6618/4966
f 5534/6596/4944 5540/6602/4950 5554/6616/4964 5552/6614/4962
f 5553/6615/4963 5555/6617/4965 5557/6619/4967 5549/6611/4959
f 5549/6611/4959 5557/6619/4967 5558/6620/4968 5550/6612/4960
f 5550/6612/4960 5558/6620/4968 5556/6618/4966 5551/6613/4961
f 5548/6610/4958 5559/6621/4969 5560/6622/4970 5544/6606/4954
f 5559/6621/4969 5561/6623/4971 5562/6624/4972 5560/6622/4970
f 5561/6623/4971 5563/6625/4973 5564/6626/4974 5562/6624/4972
f 5563/6625/4973 5565/6627/4975 5566/6628/4976 5564/6626/4974
f 5565/6627/4975 5567/6629/4977 5568/6630/4978 5566/6628/4976
f 5532/6594/4942 5529/6591/4939 5568/6630/4978 5567/6629/4977
f 5529/6591/4939 5528/6590/4938 5556/6618/4966 5568/6630/4978
f 5556/6618/4966 5558/6620/4968 5566/6628/4976 5568/6630/4978
f 5558/6620/4968 5557/6619/4967 5564/6626/4974 5566/6628/4976
f 5557/6619/4967 5555/6617/4965 5562/6624/4972 5564/6626/4974
f 5555/6617/4965 5554/6616/4964 5560/6622/4970 5562/6624/4972
f 5544/6606/4954 5560/6622/4970 5554/6616/4964 5540/6602/4950
f 5078/6140/4508 5077/6139/4507 5066/6128/4496 5082/6144/4512
f 5563/6631/4979 5569/6632/4980 5570/6633/4981 5565/6634/4982
f 5561/6635/4983 5571/6636/4984 5569/6632/4980 5563/6631/4979
f 5532/6637/4985 5567/6638/4986 5572/6639/4987 5530/6640/4988
f 4353/5371/3775 5573/6641/4989 5546/6642/4990
f 5572/6639/4987 5574/6643/4991 5530/6640/4988
f 5559/6644/4992 5575/6645/4993 5571/6636/4984 5561/6635/4983
f 5548/6646/4994 5576/6647/4995 5575/6645/4993 5559/6644/4992
f 5530/6640/4988 5574/6643/4991 5577/6648/4996 5531/6649/4997
f 5548/6646/4994 5547/6650/4998 5576/6647/4995
f 4326/5382/253 4353/5371/3775 5546/6642/4990 5545/6651/4999
f 5565/6634/4982 5570/6633/4981 5572/6639/4987 5567/6638/4986
f 5546/6642/4990 5573/6641/4989 5576/6647/4995 5547/6650/4998
f 5570/6633/4981 5578/6652/5000 5579/6653/5001 5572/6639/4987
f 5572/6639/4987 5579/6653/5001 5580/6654/5002 5574/6643/4991
f 4353/5371/3775 4363/5388/3791 5581/6655/5003 5573/6641/4989
f 5576/6647/4995 5582/6656/5004 5583/6657/5005 5575/6645/4993
f 5575/6645/4993 5583/6657/5005 5584/6658/5006 5571/6636/4984
f 5571/6636/4984 5584/6658/5006 5585/6659/5007 5569/6632/4980
f 5573/6641/4989 5581/6655/5003 5582/6656/5004 5576/6647/4995
f 5569/6632/4980 5585/6659/5007 5578/6652/5000 5570/6633/4981
f 5586/6660/624 5587/6661/5 5588/6662/5008 5589/6663/5009
f 4363/5388/3791 4373/5398/3799 5590/6664/5010 5581/6655/5003
f 5582/6656/5004 5591/6665/5011 5592/6666/5012 5583/6657/5005
f 5583/6657/5005 5592/6666/5012 5593/6667/5013 5584/6658/5006
f 5584/6658/5006 5593/6667/5013 5594/6668/5014 5585/6659/5007
f 5585/6659/5007 5594/6668/5014 5595/6669/5015 5578/6652/5000
f 5578/6652/5000 5595/6669/5015 5596/6670/5016 5579/6653/5001
f 5579/6653/5001 5596/6670/5016 5588/6662/5008 5580/6654/5002
f 5581/6655/5003 5590/6664/5010 5591/6665/5011 5582/6656/5004
f 4373/5398/3799 4381/5406/3807 5597/6671/5017 5590/6664/5010
f 5591/6665/5011 5598/6672/5018 5599/6673/5019 5592/6666/5012
f 5592/6666/5012 5599/6673/5019 5600/6674/5020 5593/6667/5013
f 5593/6667/5013 5600/6674/5020 5601/6675/5021 5594/6668/5014
f 5594/6668/5014 5601/6675/5021 5602/6676/5022 5595/6669/5015
f 5595/6669/5015 5602/6676/5022 5603/6677/5023 5596/6670/5016
f 5596/6670/5016 5603/6677/5023 5589/6663/5009 5588/6662/5008
f 5589/6663/5009 5604/6678/5024 5605/6679/2604 5586/6660/624
f 5590/6664/5010 5597/6671/5017 5598/6672/5018 5591/6665/5011
f 5577/6648/4996 5574/6643/4991 5587/6661/5 5606/6680/11
f 5588/6662/5008 5587/6661/5 5574/6643/4991 5580/6654/5002
f 5586/6660/624 5605/6679/2604 5606/6680/11 5587/6661/5
f 5589/6663/5009 4391/5416/11 5604/6678/5024
f 4381/5406/3807 4391/5416/11 5597/6671/5017
f 5598/6672/5018 4391/5416/11 5599/6673/5019
f 5599/6673/5019 4391/5416/11 5600/6674/5020
f 5600/6674/5020 4391/5416/11 5601/6675/5021
f 5601/6675/5021 4391/5416/11 5602/6676/5022
f 5602/6676/5022 4391/5416/11 5603/6677/5023
f 5603/6677/5023 4391/5416/11 5589/6663/5009
f 5597/6671/5017 4391/5416/11 5598/6672/5018
f 5497/6681/5025 5495/6682/5026 5607/6683/5027 5486/6684/5028
f 5486/6684/5028 5607/6683/5027 5608/6685/5029 5482/6686/5030
f 5483/6687/5031 5609/6688/5032 5610/6689/5033 5476/6690/5034
f 5476/6690/5034 5610/6689/5033 5611/6691/5035 5477/6692/5036
f 5612/6693/5037 4398/5432/3830 5491/6694/5038 5490/6695/5039
f 5494/6696/5040 5613/6697/5041 5607/6683/5027 5495/6682/5026
f 5482/6686/5030 5608/6685/5029 5609/6688/5032 5483/6687/5031
f 4398/5432/3830 4253/5436/3834 5480/6698/5042 5491/6694/5038
f 5612/6693/5037 5490/6695/5039 5611/6691/5035
f 5477/6692/5036 5611/6691/5035 5490/6695/5039 5487/6699/5043
f 5607/6683/5027 5614/6700/5044 5615/6701/5045 5608/6685/5029
f 5609/6688/5032 5616/6702/5046 5617/6703/5047 5610/6689/5033
f 5612/6693/5037 5618/6704/5048 4404/5442/3840 4398/5432/3830
f 5611/6691/5035 5619/6705/5049 5618/6704/5048 5612/6693/5037
f 5610/6689/5033 5617/6703/5047 5619/6705/5049 5611/6691/5035
f 5620/6706/5050 5621/6707/5051 5622/6708/5052 5614/6700/5044
f 5608/6685/5029 5615/6701/5045 5616/6702/5046 5609/6688/5032
f 5616/6702/5046 5623/6709/5053 5624/6710/5054 5617/6703/5047
f 5618/6704/5048 5625/6711/5055 4412/5450/3848 4404/5442/3840
f 5619/6705/5049 5626/6712/5056 5625/6711/5055 5618/6704/5048
f 5617/6703/5047 5624/6710/5054 5626/6712/5056 5619/6705/5049
f 5621/6707/5051 5627/6713/5057 5628/6714/5058 5622/6708/5052
f 5615/6701/5045 5629/6715/5059 5623/6709/5053 5616/6702/5046
f 5614/6700/5044 5622/6708/5052 5629/6715/5059 5615/6701/5045
f 5629/6715/5059 5630/6716/5060 5631/6717/5061 5623/6709/5053
f 5622/6708/5052 5628/6714/5058 5630/6716/5060 5629/6715/5059
f 5627/6713/5057 5632/6718/5062 5633/6719/5063 5628/6714/5058
f 5623/6709/5053 5631/6717/5061 5634/6720/5064 5624/6710/5054
f 5625/6711/5055 5635/6721/5065 4423/5461/3859 4412/5450/3848
f 5626/6712/5056 5636/6722/5066 5635/6721/5065 5625/6711/5055
f 5624/6710/5054 5634/6720/5064 5636/6722/5066 5626/6712/5056
f 5628/6714/5058 5633/6719/5063 5637/6723/5067 5630/6716/5060
f 5632/6718/5062 5638/6724/5068 5639/6725/5069 5633/6719/5063
f 5631/6717/5061 5640/6726/5070 5641/6727/5071 5634/6720/5064
f 5635/6721/5065 5642/6728/5072 4431/5469/3867 4423/5461/3859
f 5636/6722/5066 5643/6729/5073 5642/6728/5072 5635/6721/5065
f 5634/6720/5064 5641/6727/5071 5643/6729/5073 5636/6722/5066
f 5630/6716/5060 5637/6723/5067 5640/6726/5070 5631/6717/5061
f 5633/6719/5063 5639/6725/5069 5644/6730/5060 5637/6723/5067
f 5638/6724/5068 5645/6731/254 5646/6732/5074 5639/6725/5069
f 5640/6726/5070 5647/6733/5061 5648/6734/5064 5641/6727/5071
f 5642/6728/5072 5649/6735/5075 4439/5477/3871 4431/5469/3867
f 5643/6729/5073 5650/6736/5076 5649/6735/5075 5642/6728/5072
f 5641/6727/5071 5648/6734/5064 5650/6736/5076 5643/6729/5073
f 5637/6723/5067 5644/6730/5060 5647/6733/5061 5640/6726/5070
f 5647/6733/5061 5651/6737/5077 5652/6738/5034 5648/6734/5064
f 5649/6735/5075 5653/6739/5078 4444/5482/253 4439/5477/3871
f 5650/6736/5076 5654/6740/5079 5653/6739/5078 5649/6735/5075
f 5648/6734/5064 5652/6738/5034 5654/6740/5079 5650/6736/5076
f 5644/6730/5060 5655/6741/5030 5651/6737/5077 5647/6733/5061
f 5639/6725/5069 5646/6732/5074 5655/6741/5030 5644/6730/5060
f 5607/6683/5027 5613/6697/5041 5620/6706/5050 5614/6700/5044
f 5656/6742/5080 5657/6743/5081 5658/6744/5082 5659/6745/5083
f 5660/6746/5084 5661/6747/5085 5662/6748/5086 5663/6749/5087
f 5664/6750/5088 5665/6751/5089 5666/6752/5090 5667/6753/5091
f 5668/6754/5092 5669/6755/5093 5670/6756/5094 5671/6757/5095
f 4464/6758/3894 5672/6759/5096 5673/6760/5097 4465/6761/5098
f 5674/6762/5099 5675/6763/5100 5676/6764/5101 5677/6765/5102
f 5678/6766/5103 5679/6767/5104 5680/6768/5105 5681/6769/5106
f 5682/6770/5107 5683/6771/5108 5684/6772/5109 5685/6773/5110
f 5671/6757/5095 5686/6774/5111 5668/6754/5092
f 5676/6764/5101 5685/6773/5110 5684/6772/5109 5677/6765/5102
f 5687/6775/5112 5674/6762/5099 5677/6765/5102 5688/6776/5113
f 5689/6777/5114 5690/6778/5115 5691/6779/5116 5692/6780/5117
f 4487/6781/5118 5675/6763/5100 5674/6762/5099 4488/6782/3918
f 5682/6770/5107 5693/6783/5119 5694/6784/5120 5695/6785/5121
f 5696/6786/5122 5697/6787/5123 5698/6788/5124 5699/6789/5125
f 5700/6790/5126 5659/6745/5083 5658/6744/5082 5701/6791/5127
f 5702/6792/5128 5687/6775/5112 5688/6776/5113 5703/6793/5129
f 5677/6765/5102 5684/6772/5109 5704/6794/5130 5688/6776/5113
f 5705/6795/5131 5706/6796/5132 5707/6797/5133 5708/6798/5134
f 4488/6782/3918 5674/6762/5099 5687/6775/5112 4505/6799/3935
f 5709/6800/5135 5689/6777/5114 5692/6780/5117 5710/6801/5136
f 5711/6802/5137 5712/6803/5138 5713/6804/5139 5714/6805/5140
f 5715/6806/5141 5716/6807/5142 5717/6808/5143 5718/6809/5144
f 5719/6810/5145 5702/6792/5128 5703/6793/5129 5720/6811/5146
f 5721/6812/5147 5722/6813/5148 5723/6814/5149 5724/6815/5150
f 5688/6776/5113 5704/6794/5130 5725/6816/5151 5703/6793/5129
f 4505/6799/3935 5687/6775/5112 5702/6792/5128 4523/6817/3953
f 5726/6818/5152 5727/6819/5153 5706/6796/5132 5705/6795/5131
f 5728/6820/5154 5729/6821/5155 5730/6822/5156 5731/6823/5157
f 5732/6824/5158 5733/6825/5159 5734/6826/5160 5735/6827/5161
f 5736/6828/5162 5719/6810/5145 5720/6811/5146 5737/6829/5163
f 5703/6793/5129 5725/6816/5151 5738/6830/5164 5720/6811/5146
f 4523/6817/3953 5702/6792/5128 5719/6810/5145 4537/6831/3935
f 5739/6832/5165 5736/6828/5162 5737/6829/5163 5740/6833/5166
f 5741/6834/5167 5742/6835/5168 5743/6836/5169 5744/6837/5170
f 5720/6811/5146 5738/6830/5164 5745/6838/5171 5737/6829/5163
f 5746/6839/5172 5747/6840/5173 5748/6841/5174 5749/6842/5175
f 4537/6831/3935 5719/6810/5145 5736/6828/5162 4549/6843/3978
f 5750/6844/5176 5751/6845/5177 5752/6846/5178 5753/6847/5179
f 5754/6848/5180 5755/6849/5181 5756/6850/5182 5757/6851/5183
f 5758/6852/5184 5759/6853/5185 5760/6854/5186 5761/6855/5187
f 5762/6856/5188 5739/6832/5165 5740/6833/5166 5763/6857/5189
f 5737/6829/5163 5745/6838/5171 5764/6858/5190 5740/6833/5166
f 5765/6859/5191 5766/6860/5192 5767/6861/5193 5768/6862/5194
f 4549/6843/3978 5736/6828/5162 5739/6832/5165 4569/6863/3918
f 5769/6864/5195 5770/6865/5196 5771/6866/5197 5772/6867/5198
f 5773/6868/5199 5774/6869/5200 5775/6870/5201 5776/6871/5202
f 5770/6865/5196 5777/6872/5203 5778/6873/5204 5771/6866/5197
f 5779/6874/5205 5762/6856/5188 5763/6857/5189 5780/6875/5206
f 5781/6876/5207 5782/6877/5208 5783/6878/5209 5784/6879/5210
f 5740/6833/5166 5764/6858/5190 5785/6880/5211 5763/6857/5189
f 4569/6863/3918 5739/6832/5165 5762/6856/5188 4587/6881/3953
f 5777/6872/5203 5770/6865/5196 5786/6882/5212 5787/6883/5213
f 5769/6864/5195 5766/6860/5192 5788/6884/5214 5789/6885/5215
f 5765/6859/5191 5747/6840/5173 5790/6886/5216 5791/6887/5217
f 5792/6888/5218 5779/6874/5205 5780/6875/5206 5793/6889/5219
f 5763/6857/5189 5785/6880/5211 5794/6890/5220 5780/6875/5206
f 5795/6891/5221 5796/6892/5222 5797/6893/5223 5798/6894/5224
f 4587/6881/3953 5762/6856/5188 5779/6874/5205 4601/6895/3935
f 5799/6896/5225 5800/6897/5226 5801/6898/5227 5802/6899/5228
f 5800/6897/5226 5783/6878/5209 5782/6877/5208 5801/6898/5227
f 5803/6900/5229 5792/6888/5218 5793/6889/5219 5804/6901/5230
f 5805/6902/5231 5806/6903/5232 5807/6904/5233 5808/6905/5234
f 5780/6875/5206 5794/6890/5220 5809/6906/5235 5793/6889/5219
f 4601/6895/3935 5779/6874/5205 5792/6888/5218 4613/6907/3918
f 5810/6908/5236 5811/6909/5237 5812/6910/5238 5813/6911/5239
f 5814/6912/5240 5815/6913/5241 5816/6914/5242 5817/6915/5243
f 5818/6916/5244 5819/6917/5245 5820/6918/5246 5821/6919/5247
f 5822/6920/5248 5803/6900/5229 5804/6901/5230 5823/6921/5249
f 5793/6889/5219 5809/6906/5235 5824/6922/5250 5804/6901/5230
f 4613/6907/3918 5792/6888/5218 5803/6900/5229 4629/6923/3918
f 5825/6924/5251 5822/6920/5248 5823/6921/5249 5826/6925/5252
f 5827/6926/5253 5715/6806/5141 5718/6809/5144 5828/6927/5254
f 5804/6901/5230 5824/6922/5250 5829/6928/5255 5823/6921/5249
f 4629/6923/3918 5803/6900/5229 5822/6920/5248 4635/6929/3953
f 5830/6930/5256 5831/6931/5257 5832/6932/5258 5833/6933/5259
f 5834/6934/5260 5835/6935/5261 5836/6936/5262 5837/6937/5263
f 5838/6938/5264 5839/6939/5265 5840/6940/5266 5841/6941/5267
f 5842/6942/5268 5825/6924/5251 5826/6925/5252 5843/6943/5269
f 5823/6921/5249 5829/6928/5255 5844/6944/5270 5826/6925/5252
f 4635/6929/3953 5822/6920/5248 5825/6924/5251 4651/6945/3953
f 5820/6918/5246 5845/6946/5271 5846/6947/5272 5847/6948/5273
f 5821/6919/5247 5820/6918/5246 5847/6948/5273 5848/6949/5274
f 5849/6950/5275 5842/6942/5268 5843/6943/5269 5850/6951/5276
f 5833/6933/5259 5851/6952/5277 5852/6953/5278 5830/6930/5256
f 5826/6925/5252 5844/6944/5270 5853/6954/5279 5843/6943/5269
f 5817/6915/5243 5816/6914/5242 5854/6955/5280 5855/6956/5281
f 4651/6945/3953 5825/6924/5251 5842/6942/5268 4663/6957/4085
f 5827/6926/5253 5856/6958/5282 5716/6807/5142 5715/6806/5141
f 5857/6959/5283 5858/6960/5284 5712/6803/5138 5711/6802/5137
f 5859/6961/5285 5860/6962/5286 5689/6777/5114 5709/6800/5135
f 5861/6963/5287 5849/6950/5275 5850/6951/5276 5862/6964/5288
f 5843/6943/5269 5853/6954/5279 5863/6965/5289 5850/6951/5276
f 5864/6966/5290 5865/6967/5291 5866/6968/5292 5867/6969/5293
f 4663/6957/4085 5842/6942/5268 5849/6950/5275 4676/6970/4085
f 5813/6911/5239 5812/6910/5238 5868/6971/5294 5869/6972/5295
f 5870/6973/5296 5864/6966/5290 5867/6969/5293 5871/6974/5297
f 5872/6975/5298 5873/6976/5299 5874/6977/5300 5875/6978/5301
f 5876/6979/5302 5861/6963/5287 5862/6964/5288 5877/6980/5303
f 5813/6911/5239 5869/6972/5295 5878/6981/5304 5810/6908/5236
f 5850/6951/5276 5863/6965/5289 5879/6982/5305 5862/6964/5288
f 5741/6834/5167 5880/6983/5306 5881/6984/5307 5742/6835/5168
f 4676/6970/4085 5849/6950/5275 5861/6963/5287 4691/6985/3918
f 5805/6902/5231 5882/6986/5308 5883/6987/5309 5806/6903/5232
f 5884/6988/5310 5885/6989/5311 5886/6990/5312 5887/6991/5313
f 5888/6992/5314 5889/6993/5315 5890/6994/5316 5891/6995/5317
f 5892/6996/5318 5876/6979/5302 5877/6980/5303 5893/6997/5319
f 5862/6964/5288 5879/6982/5305 5894/6998/5320 5877/6980/5303
f 4691/6985/3918 5861/6963/5287 5876/6979/5302 4705/6999/4125
f 5895/7000/5321 5733/6825/5159 5896/7001/5322 5897/7002/5323
f 5898/7003/5324 5892/6996/5318 5893/6997/5319 5899/7004/5325
f 5787/6883/5213 5900/7005/5326 5778/6873/5204 5777/6872/5203
f 5877/6980/5303 5894/6998/5320 5901/7006/5327 5893/6997/5319
f 5732/6824/5158 5729/6821/5155 5902/7007/5328 5903/7008/5329
f 4705/6999/4125 5876/6979/5302 5892/6996/5318 4715/7009/4135
f 5783/6878/5209 5800/6897/5226 5904/7010/5330 5784/6879/5210
f 5799/6896/5225 5796/6892/5222 5905/7011/5331 5906/7012/5243
f 5795/6891/5221 5774/6869/5200 5907/7013/5332 5908/7014/5333
f 5909/7015/5334 5898/7003/5324 5899/7004/5325 5910/7016/5335
f 5893/6997/5319 5901/7006/5327 5911/7017/5336 5899/7004/5325
f 4715/7009/4135 5892/6996/5318 5898/7003/5324 4724/7018/4143
f 5728/6820/5154 5727/6819/5153 5912/7019/5337 5913/7020/5338
f 5914/7021/5339 5860/6962/5286 5915/7022/5340 5916/7023/5341
f 5727/6819/5153 5726/6818/5152 5917/7024/5342 5912/7019/5337
f 5859/6961/5285 5858/6960/5284 5918/7025/5343 5919/7026/5344
f 5920/7027/5324 5909/7015/5334 5910/7016/5335 5921/7028/5345
f 5750/6844/5176 5753/6847/5179 5922/7029/5346 5923/7030/5347
f 5899/7004/5325 5911/7017/5336 5924/7031/5348 5910/7016/5335
f 4724/7018/4143 5898/7003/5324 5909/7015/5334 4738/7032/4143
f 5744/6837/5170 5925/7033/5349 5880/6983/5306 5741/6834/5167
f 5926/7034/5350 5927/7035/5351 5873/6976/5299 5872/6975/5298
f 5928/7036/5352 5929/7037/5353 5864/6966/5290 5870/6973/5296
f 5930/7038/5205 5920/7027/5324 5921/7028/5345 5931/7039/5354
f 5910/7016/5335 5924/7031/5348 5932/7040/5355 5921/7028/5345
f 5857/6959/5283 5856/6958/5282 5933/7041/5356 5934/7042/5357
f 4738/7032/4143 5909/7015/5334 5920/7027/5324 4749/7043/4143
f 5935/7044/5358 5661/6747/5085 5936/7045/5359 5937/7046/5360
f 5856/6958/5282 5827/6926/5253 5828/6927/5254 5933/7041/5356
f 5660/6746/5084 5665/6751/5089 5938/7047/5361 5939/7048/5362
f 5672/6759/5096 5930/7038/5205 5931/7039/5354 5678/6766/5103
f 5705/6795/5131 5708/6798/5134 5917/7024/5342 5726/6818/5152
f 5921/7028/5345 5932/7040/5355 5940/7049/5363 5931/7039/5354
f 5664/6750/5088 5669/6755/5093 5941/7050/5364 5942/7051/5365
f 4749/7043/4143 5920/7027/5324 5930/7038/5205 4758/7052/3935
f 5723/6814/5149 5943/7053/5366 5944/7054/5367 5724/6815/5150
f 5945/7055/5368 5946/7056/5369 5947/7057/5370 5948/7058/5371
f 5949/7059/5372 5950/7060/5373 5951/7061/5374 5952/7062/5375
f 5673/6760/5097 5672/6759/5096 5678/6766/5103 5681/6769/5106
f 5931/7039/5354 5940/7049/5363 5679/6767/5104 5678/6766/5103
f 4758/7052/3935 5930/7038/5205 5672/6759/5096 4464/6758/3894
f 5669/6755/5093 5668/6754/5092 5686/6774/5111 5941/7050/5364
f 5661/6747/5085 5935/7044/5358 5953/7063/5376 5662/6748/5086
f 5954/7064/5377 5895/7000/5321 5897/7002/5323 5955/7065/5378
f 5950/7060/5373 5956/7066/5379 5957/7067/5380 5951/7061/5374
f 5929/7037/5353 5958/7068/5381 5865/6967/5291 5864/6966/5290
f 5959/7069/5382 5773/6868/5199 5776/6871/5202 5960/7070/5383
f 5774/6869/5200 5773/6868/5199 5959/7069/5382 5907/7013/5332
f 5760/6854/5186 5961/7071/5384 5962/7072/5385 5963/7073/5386
f 5889/6993/5315 5964/7074/5387 5965/7075/5388 5890/6994/5316
f 5966/7076/5389 5967/7077/5390 5968/7078/5391 5969/7079/5392
f 5761/6855/5187 5760/6854/5186 5963/7073/5386 5970/7080/5393
f 5860/6962/5286 5914/7021/5339 5690/6778/5115 5689/6777/5114
f 5839/6939/5265 5967/7077/5390 5966/7076/5389 5840/6940/5266
f 5961/7071/5384 5971/7081/5394 5972/7082/5395 5962/7072/5385
f 5757/6851/5183 5756/6850/5182 5973/7083/5396 5974/7084/5397
f 5819/6917/5245 5975/7085/5398 5845/6946/5271 5820/6918/5246
f 5373/6435/4799 5376/6438/4802 5976/7086/5399 5977/7087/5400
f 5747/6840/5173 5746/6839/5172 5978/7088/5401 5790/6886/5216
f 5890/6994/5316 5965/7075/5388 5979/7089/5402 5980/7090/5403
f 5865/6967/5291 5958/7068/5381 5981/7091/5404 5866/6968/5292
f 5759/6853/5185 5971/7081/5394 5961/7071/5384 5760/6854/5186
f 5753/6847/5179 5752/6846/5178 5982/7092/5405 5922/7029/5346
f 5733/6825/5159 5895/7000/5321 5954/7064/5377 5734/6826/5160
f 5891/6995/5317 5890/6994/5316 5980/7090/5403 5983/7093/5406
f 5690/6778/5115 5914/7021/5339 5916/7023/5341 5691/6779/5116
f 5383/6445/4809 5386/6448/4812 5984/7094/5407 5985/7095/5408
f 5953/7063/5376 5935/7044/5358 5937/7046/5360 5977/7087/5400
f 5845/6946/5271 5975/7085/5398 5986/7096/5409 5846/6947/5272
f 5965/7075/5388 5964/7074/5387 5987/7097/5410 5979/7089/5402
f 5957/7067/5380 5956/7066/5379 5988/7098/5411 5989/7099/5412
f 5657/6743/5081 5656/6742/5080 5985/7095/5408 5984/7094/5407
f 5978/7088/5401 5746/6839/5172 5749/6842/5175 5990/7100/5413
f 5683/6771/5108 5991/7101/5414 5912/7019/5337 5917/7024/5342
f 5992/7102/5415 5993/7103/5416 5902/7007/5328 5913/7020/5338
f 5994/7104/5417 5995/7105/5418 5896/7001/5322 5903/7008/5329
f 5708/6798/5134 5707/6797/5133 5996/7106/5419 5923/7030/5347
f 5997/7107/5420 5998/7108/5421 5999/7109/5422 6000/7110/5423
f 6001/7111/5424 6002/7112/5425 6003/7113/5426 6004/7114/5427
f 5922/7029/5346 5982/7092/5405 5771/6866/5197 5778/6873/5204
f 5974/7084/5397 5973/7083/5396 5767/6861/5193 5772/6867/5198
f 5970/7080/5393 5963/7073/5386 5748/6841/5174 5768/6862/5194
f 5900/7005/5326 6005/7115/5428 6006/7116/5429 5878/6981/5304
f 6007/7117/5430 6008/7118/5431 6009/7119/5432 6010/7120/5433
f 6011/7121/5434 6012/7122/5435 6013/7123/5436 6014/7124/5437
f 5869/6972/5295 5868/6971/5294 6015/7125/5438 5852/6953/5278
f 5855/6956/5281 5854/6955/5280 6016/7126/5439 6017/7127/5440
f 5848/6949/5274 5847/6948/5273 6018/7128/5441 6019/7129/5442
f 5851/6952/5277 6020/7130/5443 5933/7041/5356 5828/6927/5254
f 6021/7131/5444 6022/7132/5445 5918/7025/5343 5934/7042/5357
f 6023/7133/5446 6024/7134/5447 5915/7022/5340 5919/7026/5344
f 5718/6809/5144 5717/6808/5143 6025/7135/5448 5808/6905/5234
f 5714/6805/5140 5713/6804/5139 6026/7136/5449 6027/7137/5450
f 5710/6801/5136 5692/6780/5117 6028/7138/5451 6029/7139/5452
f 5807/6904/5233 6030/7140/5453 5801/6898/5227 5782/6877/5208
f 6031/7141/5454 6032/7142/5455 5797/6893/5223 5802/6899/5228
f 5983/7093/5406 5980/7090/5403 5775/6870/5201 5798/6894/5224
f 5781/6876/5207 6033/7143/5456 6034/7144/5457 5743/6836/5169
f 6035/7145/5458 6036/7146/5459 6037/7147/5460 6038/7148/5461
f 6039/7149/5462 6040/7150/5463 6041/7151/5464 6042/7152/5465
f 5742/6835/5168 5881/6984/5307 6043/7153/5466 5722/6813/5148
f 5875/6978/5301 5874/6977/5300 6044/7154/5467 6045/7155/5468
f 5871/6974/5297 5867/6969/5293 6046/7156/5469 6047/7157/5470
f 5721/6812/5147 6048/7158/5471 5941/7050/5364 5686/6774/5111
f 6049/7159/5472 6050/7160/5473 5938/7047/5361 5942/7051/5365
f 6051/7161/5474 6052/7162/5475 5936/7045/5359 5939/7048/5362
f 6052/7162/5475 5989/7099/5412 5937/7046/5360 5936/7045/5359
f 5867/6969/5293 5866/6968/5292 5988/7098/5411 6046/7156/5469
f 6040/7150/5463 5960/7070/5383 5981/7091/5404 6041/7151/5464
f 5980/7090/5403 5979/7089/5402 5776/6871/5202 5775/6870/5201
f 5692/6780/5117 5691/6779/5116 5987/7097/5410 6028/7138/5451
f 6024/7134/5447 5969/7079/5392 5916/7023/5341 5915/7022/5340
f 5847/6948/5273 5846/6947/5272 5968/7078/5391 6018/7128/5441
f 6012/7122/5435 5990/7100/5413 5986/7096/5409 6013/7123/5436
f 5963/7073/5386 5962/7072/5385 5749/6842/5175 5748/6841/5174
f 6002/7112/5425 5955/7065/5378 5972/7082/5395 6003/7113/5426
f 5995/7105/5418 5984/7094/5407 5897/7002/5323 5896/7001/5322
f 5731/6823/5157 5730/6822/5156 5998/7108/5421 5997/7107/5420
f 5735/6827/5161 5734/6826/5160 6002/7112/5425 6001/7111/5424
f 5734/6826/5160 5954/7064/5377 5955/7065/5378 6002/7112/5425
f 5943/7053/5366 5723/6814/5149 5722/6813/5148 6043/7153/5466
f 5945/7055/5368 5943/7053/5366 6043/7153/5466 6045/7155/5468
f 5949/7059/5372 5946/7056/5369 6044/7154/5467 6047/7157/5470
f 5831/6931/5257 5830/6930/5256 5852/6953/5278 6015/7125/5438
f 5956/7066/5379 5950/7060/5373 6046/7156/5469 5988/7098/5411
f 5834/6934/5260 5831/6931/5257 6015/7125/5438 6017/7127/5440
f 5838/6938/5264 5835/6935/5261 6016/7126/5439 6019/7129/5442
f 5967/7077/5390 5839/6939/5265 6018/7128/5441 5968/7078/5391
f 5784/6879/5210 5904/7010/5330 6033/7143/5456 5781/6876/5207
f 5906/7012/5243 5905/7011/5331 6036/7146/5459 6035/7145/5458
f 5908/7014/5333 5907/7013/5332 6040/7150/5463 6039/7149/5462
f 5787/6883/5213 5786/6882/5212 6005/7115/5428 5900/7005/5326
f 5907/7013/5332 5959/7069/5382 5960/7070/5383 6040/7150/5463
f 5789/6885/5215 5788/6884/5214 6008/7118/5431 6007/7117/5430
f 5791/6887/5217 5790/6886/5216 6012/7122/5435 6011/7121/5434
f 5790/6886/5216 5978/7088/5401 5990/7100/5413 6012/7122/5435
f 5882/6986/5308 5805/6902/5231 5808/6905/5234 6025/7135/5448
f 5884/6988/5310 5882/6986/5308 6025/7135/5448 6027/7137/5450
f 5888/6992/5314 5885/6989/5311 6026/7136/5449 6029/7139/5452
f 5751/6845/5177 5750/6844/5176 5923/7030/5347 5996/7106/5419
f 5964/7074/5387 5889/6993/5315 6028/7138/5451 5987/7097/5410
f 5754/6848/5180 5751/6845/5177 5996/7106/5419 6000/7110/5423
f 5758/6852/5184 5755/6849/5181 5999/7109/5422 6004/7114/5427
f 5971/7081/5394 5759/6853/5185 6003/7113/5426 5972/7082/5395
f 5724/6815/5150 5944/7054/5367 6048/7158/5471 5721/6812/5147
f 5948/7058/5371 5947/7057/5370 6050/7160/5473 6049/7159/5472
f 5952/7062/5375 5951/7061/5374 6052/7162/5475 6051/7161/5474
f 5833/6933/5259 5832/6932/5258 6020/7130/5443 5851/6952/5277
f 5951/7061/5374 5957/7067/5380 5989/7099/5412 6052/7162/5475
f 5837/6937/5263 5836/6936/5262 6022/7132/5445 6021/7131/5444
f 5841/6941/5267 5840/6940/5266 6024/7134/5447 6023/7133/5446
f 5695/6785/5121 5694/6784/5120 5991/7101/5414 5683/6771/5108
f 5840/6940/5266 5966/7076/5389 5969/7079/5392 6024/7134/5447
f 5699/6789/5125 5698/6788/5124 5993/7103/5416 5992/7102/5415
f 5701/6791/5127 5658/6744/5082 5995/7105/5418 5994/7104/5417
f 5658/6744/5082 5657/6743/5081 5984/7094/5407 5995/7105/5418
f 5925/7033/5349 5744/6837/5170 5743/6836/5169 6034/7144/5457
f 5926/7034/5350 5925/7033/5349 6034/7144/5457 6038/7148/5461
f 5928/7036/5352 5927/7035/5351 6037/7147/5460 6042/7152/5465
f 5811/6909/5237 5810/6908/5236 5878/6981/5304 6006/7116/5429
f 5958/7068/5381 5929/7037/5353 6041/7151/5464 5981/7091/5404
f 5814/6912/5240 5811/6909/5237 6006/7116/5429 6010/7120/5433
f 5818/6916/5244 5815/6913/5241 6009/7119/5432 6014/7124/5437
f 5975/7085/5398 5819/6917/5245 6013/7123/5436 5986/7096/5409
f 5806/6903/5232 5883/6987/5309 6030/7140/5453 5807/6904/5233
f 5887/6991/5313 5886/6990/5312 6032/7142/5455 6031/7141/5454
f 5984/7094/5407 5386/6448/4812 5454/6516/4880 5897/7002/5323
f 5897/7002/5323 5454/6516/4880 5455/6517/4881 5955/7065/5378
f 5955/7065/5378 5455/6517/4881 5456/6518/4880 5972/7082/5395
f 5972/7082/5395 5456/6518/4880 5457/6519/4812 5962/7072/5385
f 5962/7072/5385 5457/6519/4812 5458/6520/4812 5749/6842/5175
f 5749/6842/5175 5458/6520/4812 5459/6521/4881 5990/7100/5413
f 5990/7100/5413 5459/6521/4881 5460/6522/4880 5986/7096/5409
f 5986/7096/5409 5460/6522/4880 5461/6523/4812 5846/6947/5272
f 5846/6947/5272 5461/6523/4812 5462/6524/4812 5968/7078/5391
f 5968/7078/5391 5462/6524/4812 5463/6525/4881 5969/7079/5392
f 5969/7079/5392 5463/6525/4881 5464/6526/4881 5916/7023/5341
f 5916/7023/5341 5464/6526/4881 5465/6527/4812 5691/6779/5116
f 5691/6779/5116 5465/6527/4812 5466/6528/4812 5987/7097/5410
f 5987/7097/5410 5466/6528/4812 5467/6529/4812 5979/7089/5402
f 5979/7089/5402 5467/6529/4812 5468/6530/4882 5776/6871/5202
f 5469/6531/4880 5470/6532/4881 5981/7091/5404 5960/7070/5383
f 5468/6530/4882 5469/6531/4880 5960/7070/5383 5776/6871/5202
f 5471/6533/4881 5866/6968/5292 5981/7091/5404 5470/6532/4881
f 5866/6968/5292 5471/6533/4881 5472/6534/4881 5988/7098/5411
f 5988/7098/5411 5472/6534/4881 5473/6535/4883 5989/7099/5412
f 5989/7099/5412 5473/6535/4883 5474/6536/4884 5937/7046/5360
f 5937/7046/5360 5474/6536/4884 5373/6435/4799 5977/7087/5400
f 5686/6774/5111 5679/6767/5104 5940/7049/5363 5721/6812/5147
f 5722/6813/5148 5721/6812/5147 5940/7049/5363 5932/7040/5355
f 5917/7024/5342 5708/6798/5134 5725/6816/5151 5704/6794/5130
f 5708/6798/5134 5923/7030/5347 5738/6830/5164 5725/6816/5151
f 5923/7030/5347 5922/7029/5346 5745/6838/5171 5738/6830/5164
f 5922/7029/5346 5778/6873/5204 5764/6858/5190 5745/6838/5171
f 5778/6873/5204 5900/7005/5326 5785/6880/5211 5764/6858/5190
f 5900/7005/5326 5878/6981/5304 5794/6890/5220 5785/6880/5211
f 5878/6981/5304 5869/6972/5295 5809/6906/5235 5794/6890/5220
f 5869/6972/5295 5852/6953/5278 5824/6922/5250 5809/6906/5235
f 5852/6953/5278 5851/6952/5277 5829/6928/5255 5824/6922/5250
f 5851/6952/5277 5828/6927/5254 5844/6944/5270 5829/6928/5255
f 5828/6927/5254 5718/6809/5144 5853/6954/5279 5844/6944/5270
f 5718/6809/5144 5808/6905/5234 5863/6965/5289 5853/6954/5279
f 5808/6905/5234 5807/6904/5233 5879/6982/5305 5863/6965/5289
f 5807/6904/5233 5782/6877/5208 5894/6998/5320 5879/6982/5305
f 5782/6877/5208 5781/6876/5207 5901/7006/5327 5894/6998/5320
f 5781/6876/5207 5743/6836/5169 5911/7017/5336 5901/7006/5327
f 5743/6836/5169 5742/6835/5168 5924/7031/5348 5911/7017/5336
f 5704/6794/5130 5684/6772/5109 5683/6771/5108 5917/7024/5342
f 5932/7040/5355 5924/7031/5348 5742/6835/5168 5722/6813/5148
f 5883/6987/5309 5887/6991/5313 6031/7141/5454 6030/7140/5453
f 5815/6913/5241 5814/6912/5240 6010/7120/5433 6009/7119/5432
f 5927/7035/5351 5926/7034/5350 6038/7148/5461 6037/7147/5460
f 5694/6784/5120 5699/6789/5125 5992/7102/5415 5991/7101/5414
f 5832/6932/5258 5837/6937/5263 6021/7131/5444 6020/7130/5443
f 5944/7054/5367 5948/7058/5371 6049/7159/5472 6048/7158/5471
f 5755/6849/5181 5754/6848/5180 6000/7110/5423 5999/7109/5422
f 5885/6989/5311 5884/6988/5310 6027/7137/5450 6026/7136/5449
f 5786/6882/5212 5789/6885/5215 6007/7117/5430 6005/7115/5428
f 5904/7010/5330 5906/7012/5243 6035/7145/5458 6033/7143/5456
f 5835/6935/5261 5834/6934/5260 6017/7127/5440 6016/7126/5439
f 5946/7056/5369 5945/7055/5368 6045/7155/5468 6044/7154/5467
f 5706/6796/5132 5731/6823/5157 5997/7107/5420 5707/6797/5133
f 6048/7158/5471 6049/7159/5472 5942/7051/5365 5941/7050/5364
f 5881/6984/5307 5875/6978/5301 6045/7155/5468 6043/7153/5466
f 6033/7143/5456 6035/7145/5458 6038/7148/5461 6034/7144/5457
f 6030/7140/5453 6031/7141/5454 5802/6899/5228 5801/6898/5227
f 5717/6808/5143 5714/6805/5140 6027/7137/5450 6025/7135/5448
f 6020/7130/5443 6021/7131/5444 5934/7042/5357 5933/7041/5356
f 5868/6971/5294 5855/6956/5281 6017/7127/5440 6015/7125/5438
f 6005/7115/5428 6007/7117/5430 6010/7120/5433 6006/7116/5429
f 5982/7092/5405 5974/7084/5397 5772/6867/5198 5771/6866/5197
f 5707/6797/5133 5997/7107/5420 6000/7110/5423 5996/7106/5419
f 5991/7101/5414 5992/7102/5415 5913/7020/5338 5912/7019/5337
f 5752/6846/5178 5757/6851/5183 5974/7084/5397 5982/7092/5405
f 5943/7053/5366 5945/7055/5368 5948/7058/5371 5944/7054/5367
f 5665/6751/5089 5664/6750/5088 5942/7051/5365 5938/7047/5361
f 5858/6960/5284 5857/6959/5283 5934/7042/5357 5918/7025/5343
f 5925/7033/5349 5926/7034/5350 5872/6975/5298 5880/6983/5306
f 5729/6821/5155 5728/6820/5154 5913/7020/5338 5902/7007/5328
f 5800/6897/5226 5799/6896/5225 5906/7012/5243 5904/7010/5330
f 5882/6986/5308 5884/6988/5310 5887/6991/5313 5883/6987/5309
f 5880/6983/5306 5872/6975/5298 5875/6978/5301 5881/6984/5307
f 5856/6958/5282 5857/6959/5283 5711/6802/5137 5716/6807/5142
f 5812/6910/5238 5817/6915/5243 5855/6956/5281 5868/6971/5294
f 5831/6931/5257 5834/6934/5260 5837/6937/5263 5832/6932/5258
f 5811/6909/5237 5814/6912/5240 5817/6915/5243 5812/6910/5238
f 5796/6892/5222 5799/6896/5225 5802/6899/5228 5797/6893/5223
f 5770/6865/5196 5769/6864/5195 5789/6885/5215 5786/6882/5212
f 5766/6860/5192 5769/6864/5195 5772/6867/5198 5767/6861/5193
f 5751/6845/5177 5754/6848/5180 5757/6851/5183 5752/6846/5178
f 5727/6819/5153 5728/6820/5154 5731/6823/5157 5706/6796/5132
f 5716/6807/5142 5711/6802/5137 5714/6805/5140 5717/6808/5143
f 5693/6783/5119 5696/6786/5122 5699/6789/5125 5694/6784/5120
f 5669/6755/5093 5664/6750/5088 5667/6753/5091 5670/6756/5094
f 5819/6917/5245 5818/6916/5244 6014/7124/5437 6013/7123/5436
f 5929/7037/5353 5928/7036/5352 6042/7152/5465 6041/7151/5464
f 5698/6788/5124 5701/6791/5127 5994/7104/5417 5993/7103/5416
f 5836/6936/5262 5841/6941/5267 6023/7133/5446 6022/7132/5445
f 5947/7057/5370 5952/7062/5375 6051/7161/5474 6050/7160/5473
f 5759/6853/5185 5758/6852/5184 6004/7114/5427 6003/7113/5426
f 5889/6993/5315 5888/6992/5314 6029/7139/5452 6028/7138/5451
f 5788/6884/5214 5791/6887/5217 6011/7121/5434 6008/7118/5431
f 5905/7011/5331 5908/7014/5333 6039/7149/5462 6036/7146/5459
f 5839/6939/5265 5838/6938/5264 6019/7129/5442 6018/7128/5441
f 5950/7060/5373 5949/7059/5372 6047/7157/5470 6046/7156/5469
f 5730/6822/5156 5735/6827/5161 6001/7111/5424 5998/7108/5421
f 6050/7160/5473 6051/7161/5474 5939/7048/5362 5938/7047/5361
f 5874/6977/5300 5871/6974/5297 6047/7157/5470 6044/7154/5467
f 6036/7146/5459 6039/7149/5462 6042/7152/5465 6037/7147/5460
f 6032/7142/5455 5983/7093/5406 5798/6894/5224 5797/6893/5223
f 5713/6804/5139 5710/6801/5136 6029/7139/5452 6026/7136/5449
f 6022/7132/5445 6023/7133/5446 5919/7026/5344 5918/7025/5343
f 5854/6955/5280 5848/6949/5274 6019/7129/5442 6016/7126/5439
f 6008/7118/5431 6011/7121/5434 6014/7124/5437 6009/7119/5432
f 5973/7083/5396 5970/7080/5393 5768/6862/5194 5767/6861/5193
f 5998/7108/5421 6001/7111/5424 6004/7114/5427 5999/7109/5422
f 5993/7103/5416 5994/7104/5417 5903/7008/5329 5902/7007/5328
f 5886/6990/5312 5891/6995/5317 5983/7093/5406 6032/7142/5455
f 5756/6850/5182 5761/6855/5187 5970/7080/5393 5973/7083/5396
f 5946/7056/5369 5949/7059/5372 5952/7062/5375 5947/7057/5370
f 5661/6747/5085 5660/6746/5084 5939/7048/5362 5936/7045/5359
f 5927/7035/5351 5928/7036/5352 5870/6973/5296 5873/6976/5299
f 5860/6962/5286 5859/6961/5285 5919/7026/5344 5915/7022/5340
f 5796/6892/5222 5795/6891/5221 5908/7014/5333 5905/7011/5331
f 5733/6825/5159 5732/6824/5158 5903/7008/5329 5896/7001/5322
f 5885/6989/5311 5888/6992/5314 5891/6995/5317 5886/6990/5312
f 5873/6976/5299 5870/6973/5296 5871/6974/5297 5874/6977/5300
f 5858/6960/5284 5859/6961/5285 5709/6800/5135 5712/6803/5138
f 5816/6914/5242 5821/6919/5247 5848/6949/5274 5854/6955/5280
f 5835/6935/5261 5838/6938/5264 5841/6941/5267 5836/6936/5262
f 5815/6913/5241 5818/6916/5244 5821/6919/5247 5816/6914/5242
f 5774/6869/5200 5795/6891/5221 5798/6894/5224 5775/6870/5201
f 5766/6860/5192 5765/6859/5191 5791/6887/5217 5788/6884/5214
f 5747/6840/5173 5765/6859/5191 5768/6862/5194 5748/6841/5174
f 5755/6849/5181 5758/6852/5184 5761/6855/5187 5756/6850/5182
f 5729/6821/5155 5732/6824/5158 5735/6827/5161 5730/6822/5156
f 5712/6803/5138 5709/6800/5135 5710/6801/5136 5713/6804/5139
f 5697/6787/5123 5700/6790/5126 5701/6791/5127 5698/6788/5124
f 5665/6751/5089 5660/6746/5084 5663/6749/5087 5666/6752/5090
f 6053/7163/5476 6054/7164/5477 6055/7165/5478 6056/7166/5479
f 6057/7167/5480 4876/7168/5481 4875/7169/5482 6058/7170/5483
f 6059/7171/5484 6060/7172/5485 6061/7173/5486 6062/7174/5487
f 6063/7175/5488 6059/7171/5484 6062/7174/5487 6064/7176/5489
f 6060/7172/5485 6053/7163/5476 6056/7166/5479 6061/7173/5486
f 6054/7164/5477 6065/7177/5490 6066/7178/5491 6055/7165/5478
f 6067/7179/5492 6068/7180/5493 6069/7181/5494 6070/7182/5495
f 5493/6555/4903 6071/7183/5496 6072/7184/5497 5494/6556/4904
f 6068/7180/5493 6057/7167/5480 6058/7170/5483 6069/7181/5494
f 6071/7183/5496 6073/7185/5498 6074/7186/5499 6072/7184/5497
f 6073/7185/5498 6063/7175/5488 6064/7176/5489 6074/7186/5499
f 6065/7177/5490 6067/7179/5492 6070/7182/5495 6066/7178/5491
f 5682/6770/5107 5685/6773/5110 6075/7187/5500 6076/7188/5501
f 5656/6742/5080 5659/6745/5083 6077/7189/5502 6078/7190/5503
f 5985/7095/5408 5656/6742/5080 6078/7190/5503 6079/7191/5504
f 5676/6764/5101 5675/6763/5100 6080/7192/5505 6081/7193/5506
f 5383/6445/4809 5985/7095/5408 6079/7191/5504 5506/6568/4916
f 5685/6773/5110 5676/6764/5101 6081/7193/5506 6075/7187/5500
f 5693/6783/5119 5682/6770/5107 6076/7188/5501 6082/7194/5507
f 5697/6787/5123 5696/6786/5122 6083/7195/5508 6084/7196/5509
f 5659/6745/5083 5700/6790/5126 6085/7197/5510 6077/7189/5502
f 5700/6790/5126 5697/6787/5123 6084/7196/5509 6085/7197/5510
f 5675/6763/5100 4487/6781/5118 4904/7198/5511 6080/7192/5505
f 5696/6786/5122 5693/6783/5119 6082/7194/5507 6083/7195/5508
f 6086/7199/5512 6087/7200/5513 6067/7179/5492 6065/7177/5490
f 6088/7201/5514 6089/7202/5515 6063/7175/5488 6073/7185/5498
f 6090/7203/5516 6088/7201/5514 6073/7185/5498 6071/7183/5496
f 6091/7204/5517 6092/7205/5518 6057/7167/5480 6068/7180/5493
f 5518/6580/4928 6090/7203/5516 6071/7183/5496 5493/6555/4903
f 6087/7200/5513 6091/7204/5517 6068/7180/5493 6067/7179/5492
f 6093/7206/5519 6086/7199/5512 6065/7177/5490 6054/7164/5477
f 6094/7207/5520 6095/7208/5521 6053/7163/5476 6060/7172/5485
f 6089/7202/5515 6096/7209/5522 6059/7171/5484 6063/7175/5488
f 6096/7209/5522 6094/7207/5520 6060/7172/5485 6059/7171/5484
f 6092/7205/5518 4916/7210/5523 4876/7168/5481 6057/7167/5480
f 6095/7208/5521 6093/7206/5519 6054/7164/5477 6053/7163/5476
f 6083/7195/5508 6082/7194/5507 6093/7206/5519 6095/7208/5521
f 6080/7192/5505 4904/7198/5511 4916/7210/5523 6092/7205/5518
f 6085/7197/5510 6084/7196/5509 6094/7207/5520 6096/7209/5522
f 6077/7189/5502 6085/7197/5510 6096/7209/5522 6089/7202/5515
f 6084/7196/5509 6083/7195/5508 6095/7208/5521 6094/7207/5520
f 6082/7194/5507 6076/7188/5501 6086/7199/5512 6093/7206/5519
f 6075/7187/5500 6081/7193/5506 6091/7204/5517 6087/7200/5513
f 5506/6568/4916 6079/7191/5504 6090/7203/5516 5518/6580/4928
f 6081/7193/5506 6080/7192/5505 6092/7205/5518 6091/7204/5517
f 6079/7191/5504 6078/7190/5503 6088/7201/5514 6090/7203/5516
f 6078/7190/5503 6077/7189/5502 6089/7202/5515 6088/7201/5514
f 6076/7188/5501 6075/7187/5500 6087/7200/5513 6086/7199/5512
f 6097/7211/5524 5526/6588/4936 5525/6587/4935 6098/7212/5525
f 5953/7063/5376 5977/7087/5400 5976/7086/5399 6099/7213/5526
f 6100/7214/5527 6097/7211/5524 6098/7212/5525 6101/7215/5528
f 6099/7213/5526 5976/7086/5399 6097/7211/5524 6100/7214/5527
f 6097/7211/5524 5976/7086/5399 5376/6438/4802 5526/6588/4936
f 6098/7212/5525 5525/6587/4935 5531/6593/4941 6102/7216/5529
f 6101/7215/5528 6098/7212/5525 6102/7216/5529 6103/7217/5530
f 5680/6768/5105 5671/6757/5095 6104/7218/5531 6105/7219/5532
f 5673/6760/5097 5681/6769/5106 6106/7220/5533 6107/7221/5534
f 5681/6769/5106 5680/6768/5105 6105/7219/5532 6106/7220/5533
f 4465/6761/5098 5673/6760/5097 6107/7221/5534 4928/7222/5535
f 6107/7221/5534 6106/7220/5533 6108/7223/5536 6109/7224/5537
f 4928/7222/5535 6107/7221/5534 6109/7224/5537 4931/7225/5538
f 6105/7219/5532 6104/7218/5531 6110/7226/5539 6111/7227/5540
f 6106/7220/5533 6105/7219/5532 6111/7227/5540 6108/7223/5536
f 6109/7224/5537 6108/7223/5536 6112/7228/5541 6113/7229/5542
f 4931/7225/5538 6109/7224/5537 6113/7229/5542 4936/7230/5543
f 6111/7227/5540 6110/7226/5539 6114/7231/5544 6115/7232/5545
f 6108/7223/5536 6111/7227/5540 6115/7232/5545 6112/7228/5541
f 6113/7229/5542 6112/7228/5541 6116/7233/5546 6117/7234/5547
f 4936/7230/5543 6113/7229/5542 6117/7234/5547 4941/7235/5548
f 6115/7232/5545 6114/7231/5544 6118/7236/5549 6119/7237/5550
f 6112/7228/5541 6115/7232/5545 6119/7237/5550 6116/7233/5546
f 5666/6752/5090 5663/6749/5087 6120/7238/5551 6121/7239/5552
f 5663/6749/5087 5662/6748/5086 6122/7240/5553 6120/7238/5551
f 5670/6756/5094 5667/6753/5091 6123/7241/5554 6124/7242/5555
f 5667/6753/5091 5666/6752/5090 6121/7239/5552 6123/7241/5554
f 5670/6756/5094 6124/7242/5555 6104/7218/5531 5671/6757/5095
f 5662/6748/5086 5953/7063/5376 6099/7213/5526 6122/7240/5553
f 6124/7242/5555 6123/7241/5554 6125/7243/5556 6126/7244/5557
f 6100/7214/5527 6127/7245/5558 6122/7240/5553 6099/7213/5526
f 6104/7218/5531 6124/7242/5555 6126/7244/5557 6110/7226/5539
f 6123/7241/5554 6121/7239/5552 6128/7246/5559 6125/7243/5556
f 6121/7239/5552 6120/7238/5551 6129/7247/5560 6128/7246/5559
f 6120/7238/5551 6122/7240/5553 6127/7245/5558 6129/7247/5560
f 6118/7236/5549 6114/7231/5544 6130/7248/5561 6131/7249/5562
f 6131/7249/5562 6130/7248/5561 6132/7250/5563 6133/7251/5564
f 6133/7251/5564 6132/7250/5563 6134/7252/5565 6135/7253/5566
f 6135/7253/5566 6134/7252/5565 6136/7254/5567 6137/7255/5568
f 6137/7255/5568 6136/7254/5567 6138/7256/5569 6139/7257/5570
f 6103/7217/5530 6139/7257/5570 6138/7256/5569 6101/7215/5528
f 6101/7215/5528 6138/7256/5569 6127/7245/5558 6100/7214/5527
f 6127/7245/5558 6138/7256/5569 6136/7254/5567 6129/7247/5560
f 6129/7247/5560 6136/7254/5567 6134/7252/5565 6128/7246/5559
f 6128/7246/5559 6134/7252/5565 6132/7250/5563 6125/7243/5556
f 6125/7243/5556 6132/7250/5563 6130/7248/5561 6126/7244/5557
f 6114/7231/5544 6110/7226/5539 6126/7244/5557 6130/7248/5561
f 5679/6767/5104 5686/6774/5111 5671/6757/5095 5680/6768/5105
f 6135/7258/5571 6137/7259/5572 6140/7260/5573 6141/7261/5574
f 6133/7262/5575 6135/7258/5571 6141/7261/5574 6142/7263/5576
f 6103/7264/5577 6102/7265/5578 6143/7266/5579 6139/7267/5580
f 4968/6012/4388 6116/7268/5581 6144/7269/5582
f 6143/7266/5579 6102/7265/5578 6145/7270/5583
f 6131/7271/5584 6133/7262/5575 6142/7263/5576 6146/7272/5585
f 6118/7273/5586 6131/7271/5584 6146/7272/5585 6147/7274/5587
f 6102/7265/5578 5531/6649/4997 5577/6648/4996 6145/7270/5583
f 6118/7273/5586 6147/7274/5587 6119/7275/5588
f 4941/6021/60 6117/7276/5589 6116/7268/5581 4968/6012/4388
f 6137/7259/5572 6139/7267/5580 6143/7266/5579 6140/7260/5573
f 6116/7268/5581 6119/7275/5588 6147/7274/5587 6144/7269/5582
f 6140/7260/5573 6143/7266/5579 6148/7277/5590 6149/7278/5591
f 6143/7266/5579 6145/7270/5583 6150/7279/5592 6148/7277/5590
f 4968/6012/4388 6144/7269/5582 6151/7280/5593 4976/6026/4401
f 6147/7274/5587 6146/7272/5585 6152/7281/5594 6153/7282/5595
f 6146/7272/5585 6142/7263/5576 6154/7283/5596 6152/7281/5594
f 6142/7263/5576 6141/7261/5574 6155/7284/5597 6154/7283/5596
f 6144/7269/5582 6147/7274/5587 6153/7282/5595 6151/7280/5593
f 6141/7261/5574 6140/7260/5573 6149/7278/5591 6155/7284/5597
f 6156/7285/1181 6157/7286/5598 6158/7287/5599 6159/7288/755
f 4976/6026/4401 6151/7280/5593 6160/7289/5600 4986/6036/4409
f 6153/7282/5595 6152/7281/5594 6161/7290/5601 6162/7291/5602
f 6152/7281/5594 6154/7283/5596 6163/7292/5603 6161/7290/5601
f 6154/7283/5596 6155/7284/5597 6164/7293/5604 6163/7292/5603
f 6155/7284/5597 6149/7278/5591 6165/7294/5605 6164/7293/5604
f 6149/7278/5591 6148/7277/5590 6166/7295/5606 6165/7294/5605
f 6148/7277/5590 6150/7279/5592 6158/7287/5599 6166/7295/5606
f 6151/7280/5593 6153/7282/5595 6162/7291/5602 6160/7289/5600
f 4986/6036/4409 6160/7289/5600 6167/7296/5607 4994/6044/4417
f 6162/7291/5602 6161/7290/5601 6168/7297/5608 6169/7298/5609
f 6161/7290/5601 6163/7292/5603 6170/7299/5610 6168/7297/5608
f 6163/7292/5603 6164/7293/5604 6171/7300/5611 6170/7299/5610
f 6164/7293/5604 6165/7294/5605 6172/7301/5612 6171/7300/5611
f 6165/7294/5605 6166/7295/5606 6173/7302/5613 6172/7301/5612
f 6166/7295/5606 6158/7287/5599 6157/7286/5598 6173/7302/5613
f 6157/7286/5598 6156/7285/1181 5605/6679/2604 5604/6678/5024
f 6160/7289/5600 6162/7291/5602 6169/7298/5609 6167/7296/5607
f 5577/6648/4996 5606/6680/11 6159/7288/755 6145/7270/5583
f 6158/7287/5599 6150/7279/5592 6145/7270/5583 6159/7288/755
f 6156/7285/1181 6159/7288/755 5606/6680/11 5605/6679/2604
f 6157/7286/5598 5604/6678/5024 4391/5416/11
f 4994/6044/4417 6167/7296/5607 4391/5416/11
f 6169/7298/5609 6168/7297/5608 4391/5416/11
f 6168/7297/5608 6170/7299/5610 4391/5416/11
f 6170/7299/5610 6171/7300/5611 4391/5416/11
f 6171/7300/5611 6172/7301/5612 4391/5416/11
f 6172/7301/5612 6173/7302/5613 4391/5416/11
f 6173/7302/5613 6157/7286/5598 4391/5416/11
f 6167/7296/5607 6169/7298/5609 4391/5416/11
f 6074/7303/5614 6064/7304/5615 6174/7305/5616 6072/7306/5617
f 6064/7304/5615 6062/7307/5618 6175/7308/5619 6174/7305/5616
f 6061/7309/5620 6056/7310/5621 6176/7311/5622 6177/7312/5623
f 6056/7310/5621 6055/7313/5624 6178/7314/5625 6176/7311/5622
f 6179/7315/5626 6070/7316/5627 6069/7317/5628 5008/7318/5629
f 5494/6696/5040 6072/7306/5617 6174/7305/5616 5613/6697/5041
f 6062/7307/5618 6061/7309/5620 6177/7312/5623 6175/7308/5619
f 5008/7318/5629 6069/7317/5628 6058/7319/5630 4875/7320/5630
f 6179/7315/5626 6178/7314/5625 6070/7316/5627
f 6055/7313/5624 6066/7321/5631 6070/7316/5627 6178/7314/5625
f 6174/7305/5616 6175/7308/5619 6180/7322/5632 6181/7323/5633
f 6177/7312/5623 6176/7311/5622 6182/7324/5634 6183/7325/5635
f 6179/7315/5626 5008/7318/5629 5014/7326/5636 6184/7327/5637
f 6178/7314/5625 6179/7315/5626 6184/7327/5637 6185/7328/5638
f 6176/7311/5622 6178/7314/5625 6185/7328/5638 6182/7324/5634
f 5620/6706/5050 6181/7323/5633 6186/7329/5639 5621/6707/5051
f 6175/7308/5619 6177/7312/5623 6183/7325/5635 6180/7322/5632
f 6183/7325/5635 6182/7324/5634 6187/7330/5640 6188/7331/5641
f 6184/7327/5637 5014/7326/5636 5020/7332/5642 6189/7333/5643
f 6185/7328/5638 6184/7327/5637 6189/7333/5643 6190/7334/5644
f 6182/7324/5634 6185/7328/5638 6190/7334/5644 6187/7330/5640
f 5621/6707/5051 6186/7329/5639 6191/7335/5645 6192/7336/5646
f 6180/7322/5632 6183/7325/5635 6188/7331/5641 6193/7337/5647
f 6181/7323/5633 6180/7322/5632 6193/7337/5647 6186/7329/5639
f 6193/7337/5647 6188/7331/5641 6194/7338/5648 6195/7339/5649
f 6186/7329/5639 6193/7337/5647 6195/7339/5649 6191/7335/5645
f 6192/7336/5646 6191/7335/5645 6196/7340/5650 6197/7341/5651
f 6188/7331/5641 6187/7330/5640 6198/7342/5652 6194/7338/5648
f 6189/7333/5643 5020/7332/5642 5031/7343/5653 6199/7344/5654
f 6190/7334/5644 6189/7333/5643 6199/7344/5654 6200/7345/5655
f 6187/7330/5640 6190/7334/5644 6200/7345/5655 6198/7342/5652
f 6191/7335/5645 6195/7339/5649 6201/7346/5656 6196/7340/5650
f 6197/7341/5651 6196/7340/5650 6202/7347/5657 5638/6724/5068
f 6194/7338/5648 6198/7342/5652 6203/7348/5658 6204/7349/5659
f 6199/7344/5654 5031/7343/5653 5038/7350/5660 6205/7351/5661
f 6200/7345/5655 6199/7344/5654 6205/7351/5661 6206/7352/5662
f 6198/7342/5652 6200/7345/5655 6206/7352/5662 6203/7348/5658
f 6195/7339/5649 6194/7338/5648 6204/7349/5659 6201/7346/5656
f 6196/7340/5650 6201/7346/5656 6207/7353/5649 6202/7347/5657
f 5638/6724/5068 6202/7347/5657 6208/7354/5663 5645/6731/254
f 6204/7349/5659 6203/7348/5658 6209/7355/5652 6210/7356/5648
f 6205/7351/5661 5038/7350/5660 5045/7357/5664 6211/7358/5665
f 6206/7352/5662 6205/7351/5661 6211/7358/5665 6212/7359/5666
f 6203/7348/5658 6206/7352/5662 6212/7359/5666 6209/7355/5652
f 6201/7346/5656 6204/7349/5659 6210/7356/5648 6207/7353/5649
f 6210/7356/5648 6209/7355/5652 6213/7360/5621 6214/7361/5667
f 6211/7358/5665 5045/7357/5664 5050/7362/5668 6215/7363/5669
f 6212/7359/5666 6211/7358/5665 6215/7363/5669 6216/7364/5670
f 6209/7355/5652 6212/7359/5666 6216/7364/5670 6213/7360/5621
f 6207/7353/5649 6210/7356/5648 6214/7361/5667 6217/7365/5618
f 6202/7347/5657 6207/7353/5649 6217/7365/5618 6208/7354/5663
f 6174/7305/5616 6181/7323/5633 5620/6706/5050 5613/6697/5041
f 5089/6151/4519 5081/6143/4511 5080/6142/4510 5090/6152/4520
f 5695/6785/5121 5683/6771/5108 5682/6770/5107
f 6218/7366/5671 6219/7367/5672 6220/7368/5673
f 6221/7369/5674 6222/7370/5675 6223/7371/5676 6224/7372/5677
f 6225/7373/5678 6226/7374/5679 6227/7375/5680 6228/7376/5681
f 6229/7377/5682 6230/7378/5683 6226/7374/5679 6225/7373/5678
f 6222/7370/5675 6231/7379/5684 6232/7380/506 6223/7371/5676
f 6231/7379/5684 6233/7381/253 6234/7382/491 6232/7380/506
f 6223/7371/5676 6232/7380/506 6234/7382/491 6235/7383/5685
f 6236/7384/5686 6237/7385/506 6231/7379/5684 6222/7370/5675
f 6238/7386/5687 6236/7384/5686 6222/7370/5675 6221/7369/5674
f 6224/7372/5677 6223/7371/5676 6235/7383/5685 6239/7387/5688
f 6238/7386/5687 6221/7369/5674 6240/7388/5689 6241/7389/5690
f 6228/7376/5681 6227/7375/5680 6242/7390/5691 6243/7391/5692
f 6224/7372/5677 6239/7387/5688 6244/7392/5693 6245/7393/5694
f 6221/7369/5674 6224/7372/5677 6245/7393/5694 6240/7388/5689
f 6240/7388/5689 6245/7393/5694 6246/7394/5695 6247/7395/5696
f 6248/7396/5697 6243/7391/5692 6242/7390/5691 6249/7397/5698
f 6241/7389/5690 6240/7388/5689 6247/7395/5696 6250/7398/5699
f 6245/7393/5694 6244/7392/5693 6251/7399/5700 6246/7394/5695
f 6242/7390/5691 6250/7398/5699 6252/7400/5701 6249/7397/5698
f 6247/7395/5696 6253/7401/5702 6252/7400/5701 6250/7398/5699
f 6251/7399/5700 6254/7402/5703 6255/7403/5704 6246/7394/5695
f 6246/7394/5695 6255/7403/5704 6253/7401/5702 6247/7395/5696
f 6248/7396/5697 6249/7397/5698 6256/7404/5705 6257/7405/5706
f 6253/7401/5702 6255/7403/5704 6258/7406/5707 6259/7407/5708
f 6257/7405/5706 6256/7404/5705 6260/7408/5709 6261/7409/5710
f 6252/7400/5701 6253/7401/5702 6259/7407/5708 6262/7410/5711
f 6255/7403/5704 6254/7402/5703 6263/7411/5712 6258/7406/5707
f 6261/7409/5710 6260/7408/5709 6264/7412/5713 6265/7413/5714
f 6262/7410/5711 6259/7407/5708 6266/7414/5715 6267/7415/5716
f 6258/7406/5707 6263/7411/5712 6268/7416/5717 6269/7417/5718
f 6259/7407/5708 6258/7406/5707 6269/7417/5718 6266/7414/5715
f 6265/7413/5714 6264/7412/5713 6220/7368/5673 6270/7418/5719
f 6267/7415/5716 6266/7414/5715 6271/7419/5720 6272/7420/5721
f 6269/7417/5718 6268/7416/5717 6273/7421/5722 6274/7422/5723
f 6266/7414/5715 6269/7417/5718 6274/7422/5723 6271/7419/5720
f 6272/7420/5721 6271/7419/5720 6275/7423/5724 6276/7424/5725
f 6274/7422/5723 6273/7421/5722 6277/7425/5726 6275/7423/5724
f 6271/7419/5720 6274/7422/5723 6275/7423/5724
f 6275/7423/5724 6277/7425/5726 6278/7426/5727
f 6270/7418/5719 6220/7368/5673 6219/7367/5672 6279/7427/5728
f 6280/7428/5729 6218/7366/5671 6220/7368/5673 6276/7424/5725
f 6281/7429/5730 6278/7426/5727 6282/7430/5731 6280/7428/5729
f 6231/7379/5684 6237/7385/506 6283/7431/1292 6284/7432/755
f 6280/7428/5729 6282/7430/5731 6285/7433/5732 6218/7366/5671
f 6276/7424/5725 6275/7423/5724 6278/7426/5727 6281/7429/5730
f 6233/7381/253 6231/7379/5684 6284/7432/755
f 6264/7412/5713 6272/7420/5721 6276/7424/5725 6220/7368/5673
f 6260/7408/5709 6267/7415/5716 6272/7420/5721 6264/7412/5713
f 6256/7404/5705 6262/7410/5711 6267/7415/5716 6260/7408/5709
f 6249/7397/5698 6252/7400/5701 6262/7410/5711 6256/7404/5705
f 6227/7375/5680 6241/7389/5690 6250/7398/5699 6242/7390/5691
f 6226/7374/5679 6238/7386/5687 6241/7389/5690 6227/7375/5680
f 6218/7366/5671 6285/7433/5732 6279/7427/5728 6219/7367/5672
f 6230/7378/5683 6236/7384/5686 6238/7386/5687 6226/7374/5679
f 6283/7431/1292 6237/7385/506 6236/7384/5686 6230/7378/5683
f 6280/7428/5729 6276/7424/5725 6281/7429/5730
f 6229/7377/5682 6284/7432/755 6283/7431/1292 6230/7378/5683
f 6286/7434/5733 6287/7435/5734 6288/7436/5735
f 6229/7437/5682 6225/7438/5678 6289/7439/5736 6290/7440/5737
f 6291/7441/5738 6292/7442/5739 6293/7443/5740 6294/7444/5741
f 6294/7444/5741 6293/7443/5740 6295/7445/494 6296/7446/5742
f 6225/7438/5678 6228/7447/5681 6297/7448/5743 6289/7439/5736
f 6296/7446/5742 6295/7445/494 6234/7382/491 6233/7381/253
f 6293/7443/5740 6235/7449/5685 6234/7382/491 6295/7445/494
f 6298/7450/5744 6294/7444/5741 6296/7446/5742 6299/7451/494
f 6300/7452/5745 6291/7441/5738 6294/7444/5741 6298/7450/5744
f 6292/7442/5739 6239/7453/5688 6235/7449/5685 6293/7443/5740
f 6300/7452/5745 6301/7454/5746 6302/7455/5747 6291/7441/5738
f 6228/7447/5681 6243/7456/5692 6303/7457/5748 6297/7448/5743
f 6292/7442/5739 6304/7458/5749 6244/7459/5693 6239/7453/5688
f 6291/7441/5738 6302/7455/5747 6304/7458/5749 6292/7442/5739
f 6302/7455/5747 6305/7460/5750 6306/7461/5751 6304/7458/5749
f 6248/7462/5697 6307/7463/5752 6303/7457/5748 6243/7456/5692
f 6301/7454/5746 6308/7464/5753 6305/7460/5750 6302/7455/5747
f 6304/7458/5749 6306/7461/5751 6251/7465/5700 6244/7459/5693
f 6303/7457/5748 6307/7463/5752 6309/7466/5754 6308/7464/5753
f 6305/7460/5750 6308/7464/5753 6309/7466/5754 6310/7467/5755
f 6251/7465/5700 6306/7461/5751 6311/7468/5756 6254/7469/5703
f 6306/7461/5751 6305/7460/5750 6310/7467/5755 6311/7468/5756
f 6248/7462/5697 6257/7470/5706 6312/7471/5757 6307/7463/5752
f 6310/7467/5755 6313/7472/5758 6314/7473/5759 6311/7468/5756
f 6257/7470/5706 6261/7474/5710 6315/7475/5760 6312/7471/5757
f 6309/7466/5754 6316/7476/5761 6313/7472/5758 6310/7467/5755
f 6311/7468/5756 6314/7473/5759 6263/7477/5712 6254/7469/5703
f 6261/7474/5710 6265/7478/5714 6317/7479/5762 6315/7475/5760
f 6316/7476/5761 6318/7480/5763 6319/7481/5764 6313/7472/5758
f 6314/7473/5759 6320/7482/5765 6268/7483/5717 6263/7477/5712
f 6313/7472/5758 6319/7481/5764 6320/7482/5765 6314/7473/5759
f 6265/7478/5714 6270/7484/5719 6287/7435/5734 6317/7479/5762
f 6318/7480/5763 6321/7485/5766 6322/7486/5767 6319/7481/5764
f 6320/7482/5765 6323/7487/5768 6273/7488/5722 6268/7483/5717
f 6319/7481/5764 6322/7486/5767 6323/7487/5768 6320/7482/5765
f 6321/7485/5766 6324/7489/5769 6325/7490/5770 6322/7486/5767
f 6323/7487/5768 6325/7490/5770 6277/7491/5726 6273/7488/5722
f 6322/7486/5767 6325/7490/5770 6323/7487/5768
f 6325/7490/5770 6278/7492/5727 6277/7491/5726
f 6270/7484/5719 6279/7493/5728 6288/7436/5735 6287/7435/5734
f 6326/7494/5771 6324/7489/5769 6287/7435/5734 6286/7434/5733
f 6327/7495/5772 6326/7494/5771 6282/7496/5731 6278/7492/5727
f 6296/7446/5742 6284/7432/755 6328/7497/1181 6299/7451/494
f 6326/7494/5771 6286/7434/5733 6285/7498/5732 6282/7496/5731
f 6324/7489/5769 6327/7495/5772 6278/7492/5727 6325/7490/5770
f 6233/7381/253 6284/7432/755 6296/7446/5742
f 6317/7479/5762 6287/7435/5734 6324/7489/5769 6321/7485/5766
f 6315/7475/5760 6317/7479/5762 6321/7485/5766 6318/7480/5763
f 6312/7471/5757 6315/7475/5760 6318/7480/5763 6316/7476/5761
f 6307/7463/5752 6312/7471/5757 6316/7476/5761 6309/7466/5754
f 6297/7448/5743 6303/7457/5748 6308/7464/5753 6301/7454/5746
f 6289/7439/5736 6297/7448/5743 6301/7454/5746 6300/7452/5745
f 6286/7434/5733 6288/7436/5735 6279/7493/5728 6285/7498/5732
f 6290/7440/5737 6289/7439/5736 6300/7452/5745 6298/7450/5744
f 6328/7497/1181 6290/7440/5737 6298/7450/5744 6299/7451/494
f 6326/7494/5771 6327/7495/5772 6324/7489/5769
f 6229/7437/5682 6290/7440/5737 6328/7497/1181 6284/7432/755
f 6329/7499/5773 6330/7500/5773 6331/7501/5774 6332/7502/5774
f 6333/7503/11 6334/7504/11 6335/7505/5774
f 6336/7506/5774 6333/7503/11 6337/7507/5774
f 6338/7508/5775 6339/7509/5776 6340/7510/5777
f 6341/7511/5778 6342/7512/5779 6343/7513/5780
f 6344/7514/5773 6345/7515/5781 6346/7516/5773
f 6347/7517/5782 6348/7518/5783 6349/7519/5784 6350/7520/5785
f 6351/7521/5773 6352/7522/5773 6353/7523/5786
f 6351/7521/5773 6354/7524/5787 6343/7513/5780
f 6339/7509/5776 6355/7525/5788 6356/7526/5789 6340/7510/5777
f 6357/7527/5774 6333/7503/11 6335/7505/5774
f 6351/7521/5773 6358/7528/5773 6359/7529/5774 6360/7530/5774
f 6361/7531/5790 6362/7532/5791 6363/7533/5792 6364/7534/5793
f 6365/7535/5773 6366/7536/5794 6367/7537/5795
f 6368/7538/5774 6369/7539/5774 6334/7504/11
f 6370/7540/5796 6345/7515/5781 6344/7514/5773
f 6362/7532/5791 6371/7541/5797 6372/7542/5798 6363/7533/5792
f 6331/7501/5774 6373/7543/5774 6334/7504/11
f 6346/7516/5773 6353/7523/5786 6352/7522/5773
f 6374/7544/5799 6350/7520/5785 6349/7519/5784 6375/7545/5800
f 6376/7546/5774 6335/7505/5774 6334/7504/11
f 6369/7539/5774 6376/7546/5774 6334/7504/11
f 6377/7547/5801 6378/7548/5802 6379/7549/5803 6371/7541/5797
f 6380/7550/5804 6381/7551/5805 6382/7552/5806 6383/7553/5807
f 6384/7554/254 6385/7555/254 6386/7556/534
f 6354/7524/5787 6351/7521/5773 6353/7523/5786
f 6332/7502/5774 6331/7501/5774 6334/7504/11
f 6343/7513/5780 6342/7512/5779 6382/7552/5806 6381/7551/5805
f 6387/7557/5808 6388/7558/5809 6389/7559/5810 6390/7560/5811
f 6374/7544/5799 6391/7561/5812 6370/7540/5796 6392/7562/5813
f 6347/7517/5782 6350/7520/5785 6367/7537/5795 6366/7536/5794
f 6339/7509/5776 6338/7508/5775 6353/7523/5786 6345/7515/5781
f 6362/7532/5791 6361/7531/5790 6393/7563/5814 6394/7564/5815
f 6350/7520/5785 6374/7544/5799 6392/7562/5813 6367/7537/5795
f 6391/7561/5812 6339/7509/5776 6345/7515/5781 6370/7540/5796
f 6395/7565/5816 6396/7566/5817 6341/7511/5778 6354/7524/5787
f 6338/7508/5775 6395/7565/5816 6354/7524/5787 6353/7523/5786
f 6397/7567/5773 6370/7540/5796 6344/7514/5773
f 6342/7512/5779 6341/7511/5778 6396/7566/5817 6382/7552/5806
f 6351/7521/5773 6343/7513/5780 6358/7528/5773
f 6394/7564/5815 6377/7547/5801 6371/7541/5797 6362/7532/5791
f 6339/7509/5776 6391/7561/5812 6398/7568/5818 6355/7525/5788
f 6399/7569/5773 6397/7567/5773 6335/7505/5774 6376/7546/5774
f 6400/7570/5773 6401/7571/5773 6369/7539/5774 6368/7538/5774
f 6344/7514/5773 6346/7516/5773 6337/7507/5774 6357/7527/5774
f 6330/7500/5773 6365/7535/5773 6373/7543/5774 6331/7501/5774
f 6401/7571/5773 6399/7569/5773 6376/7546/5774 6369/7539/5774
f 6397/7567/5773 6344/7514/5773 6357/7527/5774 6335/7505/5774
f 6352/7522/5773 6351/7521/5773 6360/7530/5774 6336/7506/5774
f 6346/7516/5773 6352/7522/5773 6336/7506/5774 6337/7507/5774
f 6391/7561/5812 6374/7544/5799 6375/7545/5800 6398/7568/5818
f 6402/7572/5819 6403/7573/5820 6343/7574/5821 6381/7551/5805
f 6384/7575/5822 6402/7572/5819 6381/7551/5805 6380/7550/5804
f 6404/7576/5823 6405/7577/5824 6359/7578/5825 6358/7579/5826
f 6403/7573/5820 6404/7576/5823 6358/7579/5826 6343/7574/5821
f 6405/7577/5824 6406/7580/5827 6333/7581/5828 6359/7578/5825
f 6407/7582/5829 6390/7560/5811 6379/7549/5803 6378/7583/5830
f 6379/7549/5803 6408/7584/5831 6372/7542/5798 6371/7541/5797
f 6387/7557/5808 6409/7585/5832 6410/7586/5833 6411/7587/5834
f 6378/7583/5830 6410/7586/5833 6409/7585/5832 6407/7582/5829
f 6411/7587/5834 6334/7588/5835 6388/7558/5809 6387/7557/5808
f 6360/7530/5774 6359/7529/5774 6333/7503/11
f 6386/7556/534 6340/7589/5836 6356/7590/83 6412/7591/83
f 6382/7552/5806 6396/7566/5817 6385/7592/5837 6383/7553/5807
f 6396/7566/5817 6395/7565/5816 6413/7593/5838 6385/7592/5837
f 6395/7565/5816 6338/7508/5775 6340/7510/5777 6413/7593/5838
f 6405/7577/5824 6386/7594/60 6412/7595/60 6406/7580/5827
f 6380/7596/254 6385/7555/254 6384/7554/254
f 6383/7597/254 6385/7555/254 6380/7596/254
f 6386/7556/534 6385/7555/254 6413/7598/254
f 6340/7589/5836 6386/7556/534 6413/7598/254
f 6337/7507/5774 6333/7503/11 6357/7527/5774
f 6410/7599/5839 6329/7499/5773 6332/7502/5774 6411/7600/5774
f 6399/7569/5773 6370/7540/5796 6397/7567/5773
f 6347/7517/5782 6361/7531/5790 6364/7534/5793 6348/7518/5783
f 6365/7535/5773 6400/7570/5773 6368/7538/5774 6373/7543/5774
f 6361/7531/5790 6347/7517/5782 6366/7536/5794 6393/7563/5814
f 6354/7524/5787 6341/7511/5778 6343/7513/5780
f 6373/7543/5774 6368/7538/5774 6334/7504/11
f 6402/7572/5819 6384/7575/5822 6386/7594/60 6403/7573/5820
f 6405/7577/5824 6404/7576/5823 6403/7573/5820 6386/7594/60
f 6399/7569/5773 6392/7562/5813 6370/7540/5796
f 6401/7571/5773 6392/7562/5813 6399/7569/5773
f 6401/7571/5773 6367/7537/5795 6392/7562/5813
f 6400/7570/5773 6367/7537/5795 6401/7571/5773
f 6400/7570/5773 6365/7535/5773 6367/7537/5795
f 6330/7500/5773 6393/7563/5814 6366/7536/5794
f 6365/7535/5773 6330/7500/5773 6366/7536/5794
f 6378/7548/5802 6394/7564/5815 6330/7500/5773
f 6330/7500/5773 6394/7564/5815 6393/7563/5814
f 6329/7499/5773 6378/7548/5802 6330/7500/5773
f 6390/7560/5811 6389/7559/5810 6408/7584/5831 6379/7549/5803
f 6410/7599/5839 6378/7548/5802 6329/7499/5773
f 6378/7548/5802 6377/7547/5801 6394/7564/5815
f 6345/7515/5781 6353/7523/5786 6346/7516/5773
f 6407/7582/5829 6409/7585/5832 6387/7557/5808 6390/7560/5811
f 6411/7600/5774 6332/7502/5774 6334/7504/11
f 6336/7506/5774 6360/7530/5774 6333/7503/11
f 6414/7601/72 6415/7602/1055 6416/7603/1055 6417/7604/72
f 6418/7605/5840 6419/7606/5841 6420/7607/5842 6421/7608/5843
f 6422/7609/5844 6423/7610/5845 6424/7611/253 6425/7612/253
f 6426/7613/5846 6427/7614/5847 6428/7615/5848 6429/7616/5849
f 6430/7617/5850 6431/7618/5851 6432/7619/5852
f 6433/7620/5853 6434/7621/5854 6435/7622/5855 6436/7623/5856
f 6437/7624/5857 6438/7625/5858 6439/7626/5859 6440/7627/5860
f 6441/7628/5861 6430/7617/5850 6432/7619/5852
f 6442/7629/5862 6443/7630/5863 6440/7627/5860 6439/7626/5859
f 6434/7621/5854 6444/7631/5864 6445/7632/5865 6446/7633/5866
f 6447/7634/5867 6442/7629/5862 6439/7626/5859 6428/7615/5848
f 6435/7622/5855 6434/7621/5854 6446/7633/5866 6448/7635/5868
f 6449/7636/5869 6421/7608/5843 6450/7637/5870 6451/7638/5871
f 6452/7639/5872 6447/7634/5867 6428/7615/5848 6427/7614/5847
f 6443/7630/5863 6453/7640/5873 6449/7636/5869 6440/7627/5860
f 6437/7624/5857 6440/7627/5860 6449/7636/5869 6451/7638/5871
f 6426/7613/5846 6436/7623/5856 6435/7622/5855 6427/7614/5847
f 6429/7616/5849 6428/7615/5848 6439/7626/5859 6438/7625/5858
f 6454/7641/5874 6455/7642/5875 6456/7643/5876
f 6454/7641/5874 6456/7643/5876 6457/7644/5877
f 6458/7645/5878 6430/7617/5850 6441/7628/5861
f 6419/7606/5841 6425/7646/5879 6424/7647/5880 6420/7607/5842
f 6451/7638/5871 6450/7637/5870 6459/7648/5881 6460/7649/5882
f 6455/7642/5875 6429/7616/5849 6438/7625/5858 6456/7643/5876
f 6431/7618/5851 6430/7617/5850 6436/7623/5856 6426/7613/5846
f 6457/7644/5877 6437/7624/5857 6451/7638/5871 6460/7649/5882
f 6457/7644/5877 6456/7643/5876 6438/7625/5858 6437/7624/5857
f 6458/7645/5878 6433/7620/5853 6436/7623/5856 6430/7617/5850
f 6431/7618/5851 6426/7613/5846 6429/7616/5849 6455/7642/5875
f 6441/7628/5861 6461/7650/5883 6433/7620/5853 6458/7645/5878
f 6432/7619/5852 6454/7641/5874 6462/7651/5884 6463/7652/5885
f 6464/7653/2604 6465/7654/5886 6448/7655/254
f 6461/7650/5883 6444/7631/5864 6434/7621/5854 6433/7620/5853
f 6455/7642/5875 6454/7641/5874 6432/7619/5852
f 6431/7618/5851 6455/7642/5875 6432/7619/5852
f 6454/7641/5874 6457/7644/5877 6460/7649/5882
f 6454/7641/5874 6460/7649/5882 6459/7648/5881
f 6466/7656/5887 6467/7657/5888 6463/7652/5885 6462/7651/5884
f 6441/7628/5861 6432/7619/5852 6463/7652/5885 6461/7650/5883
f 6468/7658/5889 6469/7659/5890 6424/7647/5880 6423/7610/5845
f 6470/7660/5891 6423/7610/5845 6422/7609/5844 6471/7661/5892
f 6423/7610/5845 6470/7660/5891 6472/7662/5893
f 6454/7641/5874 6459/7648/5881 6469/7659/5890 6468/7658/5889
f 6453/7640/5873 6418/7605/5840 6421/7608/5843 6449/7636/5869
f 6462/7651/5884 6454/7641/5874 6468/7658/5889 6472/7662/5893
f 6466/7656/5887 6462/7651/5884 6472/7662/5893 6470/7660/5891
f 6468/7658/5889 6423/7610/5845 6472/7662/5893
f 6450/7637/5870 6473/7663/5894 6469/7659/5890 6459/7648/5881
f 6473/7663/5894 6420/7607/5842 6424/7647/5880
f 6421/7608/5843 6420/7607/5842 6473/7663/5894 6450/7637/5870
f 6469/7659/5890 6473/7663/5894 6424/7647/5880
f 6446/7664/254 6445/7665/254 6464/7653/2604
f 6446/7664/254 6464/7653/2604 6448/7655/254
f 6474/7666/11 6465/7654/5886 6464/7653/2604 6475/7667/11
f 6427/7614/5847 6465/7668/5895 6474/7669/5896 6452/7639/5872
f 6435/7622/5855 6448/7635/5868 6465/7668/5895
f 6427/7614/5847 6435/7622/5855 6465/7668/5895
f 6475/7670/60 6464/7671/60 6467/7657/5888 6476/7672/505
f 6445/7632/5865 6444/7631/5864 6464/7673/60
f 6466/7656/5887 6470/7660/5891 6471/7661/5892 6477/7674/5897
f 6466/7656/5887 6477/7674/5897 6476/7672/505 6467/7657/5888
f 6464/7673/60 6444/7631/5864 6467/7657/5888
f 6444/7631/5864 6461/7650/5883 6463/7652/5885 6467/7657/5888
f 6478/7675/83 6479/7676/541 6417/7677/505 6416/7678/83
f 6479/7676/541 6480/7679/624 6414/7680/5 6417/7677/505
f 6481/7681/948 6478/7682/948 6416/7603/1055 6415/7602/1055
f 6482/7683/5898 6483/7684/5899 6484/7685/5899 6485/7686/5898
f 6333/7687/11 6486/7688/5899 6334/7689/11
f 6487/7690/5899 6488/7691/5899 6333/7687/11
f 6489/7692/5900 6490/7693/5901 6491/7694/5902
f 6492/7695/5903 6493/7696/5904 6494/7697/5905
f 6495/7698/5898 6496/7699/5898 6497/7700/5906
f 6498/7701/5907 6499/7702/5908 6349/7519/5784 6348/7518/5783
f 6500/7703/5898 6501/7704/5909 6502/7705/5898
f 6500/7703/5898 6493/7696/5904 6503/7706/5910
f 6491/7694/5902 6490/7693/5901 6356/7526/5789 6355/7525/5788
f 6504/7707/5899 6486/7688/5899 6333/7687/11
f 6500/7703/5898 6505/7708/5899 6506/7709/5899 6507/7710/5898
f 6508/7711/5911 6364/7534/5793 6363/7533/5792 6509/7712/5912
f 6510/7713/5898 6511/7714/5913 6512/7715/5914
f 6513/7716/5899 6334/7689/11 6514/7717/5899
f 6515/7718/5915 6495/7698/5898 6497/7700/5906
f 6509/7712/5912 6363/7533/5792 6372/7542/5798 6516/7719/5916
f 6484/7685/5899 6334/7689/11 6517/7720/5899
f 6496/7699/5898 6502/7705/5898 6501/7704/5909
f 6518/7721/5917 6375/7545/5800 6349/7519/5784 6499/7702/5908
f 6519/7722/5899 6334/7689/11 6486/7688/5899
f 6514/7717/5899 6334/7689/11 6519/7722/5899
f 6520/7723/5918 6516/7719/5916 6521/7724/5919 6522/7725/5920
f 6523/7726/5804 6524/7727/5807 6525/7728/5921 6526/7729/5922
f 6527/7730/72 6528/7731/482 6529/7732/72
f 6503/7706/5910 6501/7704/5909 6500/7703/5898
f 6483/7684/5899 6334/7689/11 6484/7685/5899
f 6493/7696/5904 6526/7729/5922 6525/7728/5921 6494/7697/5905
f 6530/7733/5923 6531/7734/5924 6389/7559/5810 6388/7735/5809
f 6518/7721/5917 6532/7736/5925 6515/7718/5915 6533/7737/5926
f 6498/7701/5907 6512/7715/5914 6511/7714/5913 6499/7702/5908
f 6491/7694/5902 6497/7700/5906 6501/7704/5909 6489/7692/5900
f 6509/7712/5912 6534/7738/5927 6535/7739/5928 6508/7711/5911
f 6499/7702/5908 6511/7714/5913 6532/7736/5925 6518/7721/5917
f 6533/7737/5926 6515/7718/5915 6497/7700/5906 6491/7694/5902
f 6536/7740/5929 6503/7706/5910 6492/7695/5903 6537/7741/5930
f 6489/7692/5900 6501/7704/5909 6503/7706/5910 6536/7740/5929
f 6538/7742/5898 6495/7698/5898 6515/7718/5915
f 6494/7697/5905 6525/7728/5921 6537/7741/5930 6492/7695/5903
f 6500/7703/5898 6507/7710/5898 6493/7696/5904
f 6534/7738/5927 6509/7712/5912 6516/7719/5916 6520/7723/5918
f 6491/7694/5902 6355/7525/5788 6398/7568/5818 6533/7737/5926
f 6539/7743/5898 6519/7722/5899 6486/7688/5899 6538/7742/5898
f 6540/7744/5898 6513/7716/5899 6514/7717/5899 6541/7745/5898
f 6495/7698/5898 6504/7707/5899 6488/7691/5899 6496/7699/5898
f 6485/7686/5898 6484/7685/5899 6517/7720/5899 6510/7713/5898
f 6541/7745/5898 6514/7717/5899 6519/7722/5899 6539/7743/5898
f 6538/7742/5898 6486/7688/5899 6504/7707/5899 6495/7698/5898
f 6502/7705/5898 6487/7690/5899 6505/7708/5899 6500/7703/5898
f 6496/7699/5898 6488/7691/5899 6487/7690/5899 6502/7705/5898
f 6533/7737/5926 6398/7568/5818 6375/7545/5800 6518/7721/5917
f 6542/7746/5931 6526/7729/5922 6493/7747/5932 6543/7748/5933
f 6527/7749/5822 6523/7726/5804 6526/7729/5922 6542/7746/5931
f 6544/7750/5934 6507/7751/5935 6506/7752/5936 6545/7753/5937
f 6543/7748/5933 6493/7747/5932 6507/7751/5935 6544/7750/5934
f 6545/7753/5937 6506/7752/5936 6333/7754/5828 6406/7755/5827
f 6546/7756/5938 6522/7757/5939 6521/7724/5919 6531/7734/5924
f 6521/7724/5919 6516/7719/5916 6372/7542/5798 6408/7584/5831
f 6530/7733/5923 6547/7758/5940 6548/7759/5941 6549/7760/5942
f 6522/7757/5939 6546/7756/5938 6549/7760/5942 6548/7759/5941
f 6547/7758/5940 6530/7733/5923 6388/7735/5809 6334/7761/5835
f 6505/7708/5899 6333/7687/11 6506/7709/5899
f 6528/7731/482 6412/7591/83 6356/7590/83 6490/7762/5943
f 6525/7728/5921 6524/7727/5807 6529/7763/5837 6537/7741/5930
f 6537/7741/5930 6529/7763/5837 6550/7764/5944 6536/7740/5929
f 6536/7740/5929 6550/7764/5944 6490/7693/5901 6489/7692/5900
f 6545/7753/5937 6406/7755/5827 6412/7765/60 6528/7766/60
f 6523/7767/72 6527/7730/72 6529/7732/72
f 6524/7768/72 6523/7767/72 6529/7732/72
f 6528/7731/482 6550/7769/72 6529/7732/72
f 6490/7762/5943 6550/7769/72 6528/7731/482
f 6488/7691/5899 6504/7707/5899 6333/7687/11
f 6548/7770/5945 6547/7771/5899 6483/7684/5899 6482/7683/5898
f 6539/7743/5898 6538/7742/5898 6515/7718/5915
f 6498/7701/5907 6348/7518/5783 6364/7534/5793 6508/7711/5911
f 6510/7713/5898 6517/7720/5899 6513/7716/5899 6540/7744/5898
f 6508/7711/5911 6535/7739/5928 6512/7715/5914 6498/7701/5907
f 6503/7706/5910 6493/7696/5904 6492/7695/5903
f 6517/7720/5899 6334/7689/11 6513/7716/5899
f 6542/7746/5931 6543/7748/5933 6528/7766/60 6527/7749/5822
f 6545/7753/5937 6528/7766/60 6543/7748/5933 6544/7750/5934
f 6539/7743/5898 6515/7718/5915 6532/7736/5925
f 6541/7745/5898 6539/7743/5898 6532/7736/5925
f 6541/7745/5898 6532/7736/5925 6511/7714/5913
f 6540/7744/5898 6541/7745/5898 6511/7714/5913
f 6540/7744/5898 6511/7714/5913 6510/7713/5898
f 6485/7686/5898 6512/7715/5914 6535/7739/5928
f 6510/7713/5898 6512/7715/5914 6485/7686/5898
f 6522/7725/5920 6485/7686/5898 6534/7738/5927
f 6485/7686/5898 6535/7739/5928 6534/7738/5927
f 6482/7683/5898 6485/7686/5898 6522/7725/5920
f 6531/7734/5924 6521/7724/5919 6408/7584/5831 6389/7559/5810
f 6548/7770/5945 6482/7683/5898 6522/7725/5920
f 6522/7725/5920 6534/7738/5927 6520/7723/5918
f 6497/7700/5906 6496/7699/5898 6501/7704/5909
f 6546/7756/5938 6531/7734/5924 6530/7733/5923 6549/7760/5942
f 6547/7771/5899 6334/7689/11 6483/7684/5899
f 6487/7690/5899 6333/7687/11 6505/7708/5899
f 6480/7679/624 6479/7676/541 6478/7682/948 6481/7681/948
f 6418/7772/5840 6551/7773/5946 6552/7774/5947 6419/7775/5841
f 6422/7609/5844 6425/7612/253 6553/7776/253 6554/7777/5948
f 6555/7778/5949 6556/7779/5950 6557/7780/5951 6558/7781/5952
f 6559/7782/5953 6560/7783/5954 6561/7784/5955
f 6562/7785/5956 6563/7786/5957 6564/7787/5958 6565/7788/5959
f 6566/7789/5960 6567/7790/5961 6568/7791/5962 6569/7792/5963
f 6570/7793/5964 6560/7783/5954 6559/7782/5953
f 6442/7794/5862 6568/7791/5962 6567/7790/5961 6443/7795/5863
f 6565/7788/5959 6571/7796/5866 6572/7797/5865 6573/7798/5965
f 6447/7799/5867 6557/7780/5951 6568/7791/5962 6442/7794/5862
f 6564/7787/5958 6574/7800/5868 6571/7796/5866 6565/7788/5959
f 6575/7801/5966 6576/7802/5967 6577/7803/5968 6551/7773/5946
f 6452/7804/5872 6558/7781/5952 6557/7780/5951 6447/7799/5867
f 6443/7795/5863 6567/7790/5961 6575/7801/5966 6453/7805/5873
f 6566/7789/5960 6576/7802/5967 6575/7801/5966 6567/7790/5961
f 6555/7778/5949 6558/7781/5952 6564/7787/5958 6563/7786/5957
f 6556/7779/5950 6569/7792/5963 6568/7791/5962 6557/7780/5951
f 6578/7806/5969 6579/7807/5970 6580/7808/5971
f 6578/7806/5969 6581/7809/5972 6579/7807/5970
f 6582/7810/5973 6570/7793/5964 6559/7782/5953
f 6419/7775/5841 6552/7774/5947 6553/7811/5974 6425/7812/5975
f 6576/7802/5967 6583/7813/5976 6584/7814/5977 6577/7803/5968
f 6580/7808/5971 6579/7807/5970 6569/7792/5963 6556/7779/5950
f 6561/7784/5955 6555/7778/5949 6563/7786/5957 6559/7782/5953
f 6581/7809/5972 6583/7813/5976 6576/7802/5967 6566/7789/5960
f 6581/7809/5972 6566/7789/5960 6569/7792/5963 6579/7807/5970
f 6582/7810/5973 6559/7782/5953 6563/7786/5957 6562/7785/5956
f 6561/7784/5955 6580/7808/5971 6556/7779/5950 6555/7778/5949
f 6570/7793/5964 6582/7810/5973 6562/7785/5956 6585/7815/5978
f 6560/7783/5954 6586/7816/5979 6587/7817/5980 6578/7806/5969
f 6588/7818/2601 6574/7819/72 6589/7820/5981
f 6585/7815/5978 6562/7785/5956 6565/7788/5959 6573/7798/5965
f 6580/7808/5971 6560/7783/5954 6578/7806/5969
f 6561/7784/5955 6560/7783/5954 6580/7808/5971
f 6578/7806/5969 6583/7813/5976 6581/7809/5972
f 6578/7806/5969 6584/7814/5977 6583/7813/5976
f 6590/7821/5982 6587/7817/5980 6586/7816/5979 6591/7822/5983
f 6570/7793/5964 6585/7815/5978 6586/7816/5979 6560/7783/5954
f 6592/7823/5984 6554/7777/5948 6553/7811/5974 6593/7824/5985
f 6594/7825/5986 6471/7661/5892 6422/7609/5844 6554/7777/5948
f 6554/7777/5948 6595/7826/5987 6594/7825/5986
f 6578/7806/5969 6592/7823/5984 6593/7824/5985 6584/7814/5977
f 6453/7805/5873 6575/7801/5966 6551/7773/5946 6418/7772/5840
f 6587/7817/5980 6595/7826/5987 6592/7823/5984 6578/7806/5969
f 6590/7821/5982 6594/7825/5986 6595/7826/5987 6587/7817/5980
f 6592/7823/5984 6595/7826/5987 6554/7777/5948
f 6577/7803/5968 6584/7814/5977 6593/7824/5985 6596/7827/5988
f 6596/7827/5988 6553/7811/5974 6552/7774/5947
f 6551/7773/5946 6577/7803/5968 6596/7827/5988 6552/7774/5947
f 6593/7824/5985 6553/7811/5974 6596/7827/5988
f 6571/7828/72 6588/7818/2601 6572/7829/72
f 6571/7828/72 6574/7819/72 6588/7818/2601
f 6474/7666/11 6475/7667/11 6588/7818/2601 6589/7820/5981
f 6558/7781/5952 6452/7804/5872 6474/7830/5896 6589/7831/5989
f 6564/7787/5958 6589/7831/5989 6574/7800/5868
f 6558/7781/5952 6589/7831/5989 6564/7787/5958
f 6475/7832/60 6476/7672/505 6591/7822/5983 6588/7833/60
f 6572/7797/5865 6588/7834/60 6573/7798/5965
f 6590/7821/5982 6477/7674/5897 6471/7661/5892 6594/7825/5986
f 6590/7821/5982 6591/7822/5983 6476/7672/505 6477/7674/5897
f 6588/7834/60 6591/7822/5983 6573/7798/5965
f 6573/7798/5965 6591/7822/5983 6586/7816/5979 6585/7815/5978
f 6480/7679/624 6481/7835/11 6415/7836/11 6414/7680/5
f 6597/7837/253 6598/7838/84 6599/7839/5990 6600/7840/5991
f 6601/7841/98 6602/7842/88 6603/7843/5992 6604/7844/5993
f 6605/7845/11 6606/7846/92 6607/7847/5994 6608/7848/5995
f 6609/7849/60 6610/7850/94 6611/7851/5996 6612/7852/5997
f 6613/7853/83 6601/7841/98 6604/7844/5993 6614/7854/5998
f 6615/7855/87 6605/7845/11 6608/7848/5995 6616/7856/5999
f 6617/7857/77 6609/7849/60 6612/7852/5997 6618/7858/6000
f 6619/7859/80 6613/7853/83 6614/7854/5998 6620/7860/6001
f 6598/7838/84 6615/7855/87 6616/7856/5999 6599/7839/5990
f 6602/7842/88 6597/7837/253 6600/7840/5991 6603/7843/5992
f 6606/7846/92 6617/7857/77 6618/7858/6000 6607/7847/5994
f 6610/7850/94 6619/7859/80 6620/7860/6001 6611/7851/5996
f 6618/7858/6000 6612/7852/5997 6621/7861/6002 6622/7862/6003
f 6620/7860/6001 6614/7854/5998 6623/7863/6004 6624/7864/6005
f 6599/7839/5990 6616/7856/5999 6625/7865/6006 6626/7866/6007
f 6603/7843/5992 6600/7840/5991 6627/7867/6008 6628/7868/6009
f 6607/7847/5994 6618/7858/6000 6622/7862/6003 6629/7869/6010
f 6611/7851/5996 6620/7860/6001 6624/7864/6005 6630/7870/6011
f 6600/7840/5991 6599/7839/5990 6626/7866/6007 6627/7867/6008
f 6604/7844/5993 6603/7843/5992 6628/7868/6009 6631/7871/6012
f 6608/7848/5995 6607/7847/5994 6629/7869/6010 6632/7872/6013
f 6612/7852/5997 6611/7851/5996 6630/7870/6011 6621/7861/6002
f 6614/7854/5998 6604/7844/5993 6631/7871/6012 6623/7863/6004
f 6616/7856/5999 6608/7848/5995 6632/7872/6013 6625/7865/6006
f 6625/7865/6006 6632/7872/6013 6633/7873/6014 6634/7874/6015
f 6622/7862/6003 6621/7861/6002 6635/7875/6016 6636/7876/6017
f 6624/7864/6005 6623/7863/6004 6637/7877/6018 6638/7878/6019
f 6626/7866/6007 6625/7865/6006 6634/7874/6015 6639/7879/6020
f 6628/7868/6009 6627/7867/6008 6640/7880/6021 6641/7881/6022
f 6629/7869/6010 6622/7862/6003 6636/7876/6017 6642/7882/6023
f 6630/7870/6011 6624/7864/6005 6638/7878/6019 6643/7883/6024
f 6627/7867/6008 6626/7866/6007 6639/7879/6020 6640/7880/6021
f 6631/7871/6012 6628/7868/6009 6641/7881/6022 6644/7884/6025
f 6632/7872/6013 6629/7869/6010 6642/7882/6023 6633/7873/6014
f 6621/7861/6002 6630/7870/6011 6643/7883/6024 6635/7875/6016
f 6623/7863/6004 6631/7871/6012 6644/7884/6025 6637/7877/6018
f 6643/7883/6024 6638/7878/6019 6635/7875/6016
f 6636/7876/6017 6638/7878/6019 6633/7873/6014
f 6640/7880/6021 6634/7874/6015 6633/7873/6014
f 6642/7882/6023 6636/7876/6017 6633/7873/6014
f 6637/7877/6018 6644/7884/6025 6638/7878/6019
f 6644/7884/6025 6633/7873/6014 6638/7878/6019
f 6638/7878/6019 6636/7876/6017 6635/7875/6016
f 6641/7881/6022 6640/7880/6021 6644/7884/6025
f 6640/7880/6021 6639/7879/6020 6634/7874/6015
f 6644/7884/6025 6640/7880/6021 6633/7873/6014
f 6645/7885/6026 6646/7886/6027 6647/7887/6028 6648/7888/6029
f 6648/7888/6029 6647/7887/6028 6649/7889/6030 6650/7890/6031
f 6651/7891/6032 6652/7892/6033 6653/7893/6034 6654/7894/6034
f 6645/7885/6026 6648/7888/6029 6650/7890/6031 6651/7891/6032
f 6646/7886/6027 6655/7895/6035 6653/7896/6035 6652/7892/6033
f 6647/7887/6028 6646/7886/6027 6652/7892/6033 6649/7889/6030
f 6656/7897/6036 6645/7885/6026 6651/7891/6032 6654/7898/6036
f 6650/7890/6031 6649/7889/6030 6652/7892/6033 6651/7891/6032
f 6656/7899/6037 6655/7900/6037 6646/7886/6027 6645/7885/6026
l 955 1048
l 1103 1169
o l_Circle.000
o Plane
v 0.000000 0.977247 1.029745
v 0.000000 0.852919 1.029745
v 0.000000 1.109118 1.029745
v 0.155753 0.977247 1.029745
v -0.155753 0.977247 1.029745
v 0.155753 1.109118 1.029745
v -0.155753 1.109118 1.029745
v 0.155753 0.852919 1.029745
v -0.155753 0.852919 1.029745
vn -0.0000 -0.0000 1.0000
vt 0.500000 0.399138
vt 0.999909 0.399138
vt 0.999909 0.822392
vt 0.500000 0.822392
vt 0.000091 0.399138
vt 0.000091 0.822392
vt 0.500000 0.000091
vt 0.999909 0.000091
vt 0.000091 0.000091
s 1
usemtl None
f 6657/7901/6038 6660/7902/6038 6662/7903/6038 6659/7904/6038
f 6661/7905/6038 6657/7901/6038 6659/7904/6038 6663/7906/6038
f 6658/7907/6038 6664/7908/6038 6660/7902/6038 6657/7901/6038
f 6665/7909/6038 6658/7907/6038 6657/7901/6038 6661/7905/6038
